식품명,에너지(kcal),단백질(g),지방(g),탄수화물(g)
계란,143,12.4,9.5,0.7
고구마,128,1.4,0.2,30.3
그릭요거트,95,9.0,4.5,4.0
닭가슴살,108,22.9,0.9,0.0
두부,84,9.3,4.6,3.1
바나나,77,1.1,0.2,19.3
방울토마토,16,0.9,0.1,3.8
아몬드,580,21.2,49.4,21.6
연어회,161,19.8,8.4,0.0
잡곡밥,155,4.1,0.9,32.2
현미밥,150,3.7,1.1,31.0
갈비구이,250,25,17,1
갈치구이,184,18.5,11.2,0.1
고등어구이,252,22.4,17.1,0.1
곱창구이,266,13.2,22.8,3.1
닭갈비,160,15.2,8.5,4.8
더덕구이,115,2.1,3.2,19.2
떡갈비,240,16.8,14.5,9.2
불고기,185,17.4,10.2,5.1
삼겹살,385,16.2,34.5,0.3
장어구이,230,19.8,15.5,1.2
조개구이,90,13.5,1.1,5.2
조기구이,145,18.2,7.5,0.1
황태구이,165,24.5,4.1,6.8
훈제오리,310,16.5,26.5,0.8
계란국,35,3.2,1.8,1.4
떡국_만두국,125,4.8,3.1,19.2
무국,30,1.5,0.8,4.1
미역국,40,2.1,2.2,2.8
북엇국,45,4.2,1.1,3.8
시래기국,35,1.8,1.2,4.2
육개장,75,6.2,4.1,3.2
콩나물국,20,1.6,0.5,2.4
과메기,295,22.1,22.4,0.1
양념치킨,290,16.5,14.8,21.5
젓갈,95,9.2,1.1,11.5
콩자반,165,14.2,5.2,16.5
편육,230,21.5,15.2,0.2
피자,265,11.2,9.8,32.5
후라이드치킨,280,19.5,16.8,12.2
갓김치,35,2.1,0.4,5.4
깍두기,30,1.2,0.1,6.2
나박김치,10,0.6,0.1,1.8
무생채,32,1.1,0.2,6.5
배추김치,25,1.4,0.2,4.2
백김치,15,0.8,0.1,2.8
부추김치,40,2.2,0.5,6.8
열무김치,28,1.5,0.2,4.8
오이소박이,30,1.3,0.2,5.6
총각김치,33,1.4,0.2,6.2
파김치,50,2.3,0.6,8.5
가지요리,55,1.2,3.1,6.2
고사리나물,50,2.1,2.8,4.5
미역줄기볶음,65,1.4,4.2,5.5
숙주나물,35,1.8,2.1,2.5
시금치나물,45,2.2,2.5,3.8
애호박요리,50,1.3,3.2,4.5
경단,245,4.1,1.5,53.2
꿀떡,260,3.8,1.2,58.5
송편,220,4.2,1.1,48.2
만두,210,8.5,8.2,24.5
라면,130,2.6,4.5,19.5
막국수,140,4.1,1.5,27.5
물냉면,75,2.5,0.5,15.2
비빔냉면,145,3.8,2.1,27.8
수제비,110,3.2,1.2,21.5
열무국수,95,2.8,0.8,19.2
잔치국수,90,3.1,0.6,18.2
짜장면,145,4.5,5.2,20.2
짬뽕,80,4.2,2.8,9.5
쫄면,160,3.9,1.5,32.5
칼국수,105,3.5,1.1,20.5
콩국수,120,5.8,3.5,16.2
고추요리,60,1.5,2.5,8.2
도라지요리,65,1.4,2.1,10.5
도토리묵,45,0.4,0.1,10.8
잡채,140,2.8,5.2,20.5
콩나물요리,45,2.1,2.4,4.1
홍어요리,110,18.5,2.5,1.5
회요리,120,19.5,4.2,0.2
김밥,150,4.2,3.5,25.5
김치볶음밥,165,4.5,4.8,26.2
밥,130,2.7,0.3,30
비빔밥,130,4.5,3.5,20.2
새우볶음밥,170,5.2,5.1,25.8
알밥,160,5.5,4.2,24.8
유부초밥,190,6.5,5.8,28.2
주먹밥,165,3.8,2.8,31.2
감자채볶음,95,1.6,4.5,12.2
건새우볶음,210,18.2,7.5,17.2
고추장진미채볶음,280,16.5,4.2,44.2
두부요리,90,7.5,4.8,4.2
떡볶이,175,3.8,1.2,37.2
라볶이,195,4.5,4.2,34.8
멸치볶음,220,17.2,8.5,18.8
소세지볶음,220,11.5,16.2,7.2
어묵볶음,160,9.5,6.8,15.2
제육볶음,210,16.5,13.2,6.5
주꾸미볶음,115,13.2,3.8,7.2
보쌈,275,19.5,21.2,0.5
수정과,65,0.2,0.1,16.0
식혜,80,0.3,0.1,19.5
간장게장,85,11.2,1.2,7.5
양념게장,105,10.5,1.5,12.2
깻잎장아찌,65,2.8,0.8,11.5
감자전,140,2.1,5.5,20.5
계란말이,165,11.2,12.5,1.8
계란후라이,200,13.5,15.2,1.2
김치전,170,3.5,7.8,21.5
동그랑땡,210,12.8,13.5,9.5
생선전,180,14.5,10.8,6.2
파전,185,4.1,9.2,21.5
호박전,120,2.1,6.5,13.2
전골,90,7.2,4.5,5.2
갈치조림,135,13.2,6.8,5.2
감자조림,45,1,1.5,8
고등어조림,180,17.2,10.5,4.2
꽁치조림,170,16.2,10.2,3.5
두부조림,110,8.5,5.8,6.2
땅콩조림,310,12.5,18.2,24.5
메추리알장조림,140,11.2,8.5,4.8
연근조림,90,1.6,1.1,18.5
우엉조림,85,1.8,1.2,16.8
장조림,150,22.5,5.2,3.1
코다리조림,120,16.8,2.1,8.5
죽,65,1.5,0.5,13.5
호박죽,80,1.1,0.6,17.5
김치찌개,65,4.8,3.8,2.8
닭계장,85,9.2,4.1,2.8
동태찌개,60,7.5,2.1,2.7
된장찌개,70,4.5,3.2,5.8
순두부찌개,68,5.5,4.1,2.3
갈비찜,210,18.5,13.2,4.2
계란찜,80,6.8,5.2,1.5
김치찜,90,7.2,4.8,4.5
꼬막찜,95,14.2,1.2,6.5
닭볶음탕,130,13.5,6.8,3.8
수육,240,21.2,16.8,0.2
순대,160,5.2,4.8,24.2
족발,260,23.5,17.8,0.5
찜닭,125,14.2,5.5,4.8
해물찜,95,11.5,2.5,6.5
갈비탕,95,10.2,5.5,1.1
감자탕,110,11.5,6.2,2.1
곰탕_설렁탕,75,8.2,4.5,0.2
매운탕,65,8.8,2.4,2.1
삼계탕,115,12.5,6.5,1.5
가래떡,210,4.0,1.08,46.11
가래떡,195,3.92,0.51,43.73
가래떡_흑미,205,3.5,0.0,47.8
가오리찜,29,2.7,0.84,3.52
가오리찜,102,21.99,1.39,0.46
가오리콩나물찜,29,2.68,0.84,3.5
가오리회무침,47,4.7,0.47,6.47
가오리회무침,47,4.7,0.47,6.47
가자미 매운탕,31,4.5,0.82,1.4
가자미 매운탕,31,4.4,0.81,1.5
가자미구이,150,14.69,7.8,3.85
가자미구이,123,18.7,5.02,0.66
가자미구이,222,29.7,10.2,0.6
가자미구이,108,11.89,5.73,1.26
가자미구이,127,14.41,6.46,1.65
가자미구이,151,22.61,6.42,0.76
가자미식해,134,11.09,4.81,11.64
가자미조림,62,7.9,1.37,4.41
가자미조림,99,12.37,2.37,7.17
가자미조림,174,23.9,5.28,7.14
가자미조림,87,12.2,2.52,3.64
가자미조림,174,23.9,5.28,7.0
가자미찜,77,11.7,1.95,2.67
가자미찜,78,11.8,1.95,2.79
가자미튀김,225,20.7,12.36,5.54
가자미튀김,94,5.1,6.54,2.89
가자미튀김,94,5.1,6.54,2.89
가자미튀김,225,20.7,12.36,5.54
가죽나물무침,76,5.83,1.35,10.05
가지김치,36,2.1,0.77,6.22
가지나물,36,1.42,1.5,4.18
가지나물,64,2.6,2.86,8.1
가지나물,24,1.1,0.85,3.73
가지나물,34,1.24,1.54,4.34
가지나물,25,1.06,0.85,3.82
가지냉국,19,1.1,0.39,3.42
가지볶음_가지,35,0.9,2.17,3.36
가지볶음_가지_고추,27,0.91,1.27,3.36
가지볶음_가지_당근,37,0.93,1.94,4.56
가지전,37,1.1,1.99,3.68
가지전,114,3.2,6.13,11.22
가지전,114,3.2,6.13,11.22
가지전,37,1.1,1.99,3.68
가지전,123,5.48,7.28,8.88
가지찜,120,5.6,6.29,10.23
가지찜,120,5.6,6.23,10.22
가지탕수,154,2.2,6.5,21.21
가지탕수,154,2.2,6.5,21.21
가지탕수,171,2.4,7.24,23.56
간자장,155,5.39,2.81,25.98
간자장,125,5.12,4.89,15.13
간자장,127,3.44,3.39,20.65
간자장_해물,151,6.9,3.18,22.69
간재미회무침,47,4.73,0.47,6.47
갈매기살구이_돼지고기,312,26.98,22.6,0.28
갈비구이_돼지고기,294,19.58,21.39,5.78
갈비구이_소고기,309,20.94,21.81,7.13
갈비구이_소고기,241,25.91,14.55,1.59
갈비구이_소고기_양념,330,20.03,23.87,8.73
갈비구이_왕갈비_양념,321,18.07,23.53,9.13
갈비찜_고춧가루,172,20.43,6.57,7.9
갈비찜_소고기,85,7.25,3.17,6.95
갈비찜_소고기,198,19.94,10.78,5.26
갈비탕,54,8.51,2.06,0.4
갈비탕,39,2.19,2.13,2.71
갈비탕,75,4.4,5.02,2.32
갈비탕,49,2.5,3.13,2.26
갈비탕,33,1.8,2.46,0.56
갈비탕_소금제외,89,5.5,5.44,4.21
갈치구이,147,12.65,9.81,0.88
갈치구이,117,9.59,6.95,3.05
갈치구이,127,9.83,7.36,4.3
갈치구이,123,9.35,7.32,3.96
갈치구이_기름,118,9.6,6.95,3.05
갈치구이_기름,148,12.7,9.81,0.88
갈치구이_기름,128,9.8,7.36,4.3
갈치구이_기름,209,22.12,13.04,0.83
갈치구이_기름,124,9.3,7.32,3.96
갈치구이_기름,138,21.54,5.48,0.6
갈치젓_양념,149,15.53,5.08,10.28
갈치조림_무,76,7.1,3.09,4.67
갈치조림_무,118,10.8,4.81,7.39
갈치조림_무,65,6.31,2.4,4.44
갈치찌개,39,3.9,1.56,2.39
갈치찌개,45,4.12,1.57,2.96
갈치찌개,38,5.27,1.0,1.95
갈치찌개,39,3.9,1.56,2.4
갈치튀김,78,4.6,5.47,1.85
갈치튀김,78,4.6,5.47,1.85
감바스_간편조리세트_감바스 알 아히요,224,11.48,11.38,19.0
감바스_간편조리세트_감바스 알 아히요,384,8.41,32.85,13.79
감바스_간편조리세트_감바스 알 아히요,303,6.54,22.52,18.56
감자 된장국,22,1.4,0.32,3.31
감자 된장국,22,1.4,0.32,3.31
감자 된장국_두부,32,2.4,0.77,4.0
감자 된장국_두부,32,2.4,0.77,4.0
감자 소고기찌개,48,3.2,2.27,3.81
감자 소고기찌개,52,3.4,2.45,4.05
감자 소고기찌개,52,3.4,2.45,4.05
감자 호박된장국,25,2.1,0.43,3.51
감자_찐감자,70,2.16,0.16,15.01
감자구이,76,1.23,3.48,10.05
감자구이,81,1.5,2.91,12.44
감자구이,123,2.4,4.65,18.18
감자구이,123,2.4,4.65,18.18
감자국,32,1.19,0.79,4.94
감자국,21,0.9,0.26,3.67
감자국,22,1.5,0.1,4.09
감자국,21,0.9,0.1,4.51
감자국,22,1.5,0.1,4.09
감자국,21,0.85,0.1,4.59
감자국_소고기,37,2.0,1.42,4.04
감자국_소고기,39,2.1,1.58,4.02
감자그라탕,134,3.2,7.78,12.84
감자그라탕,138,4.1,7.81,13.03
감자그라탕,140,3.9,6.26,17.37
감자그라탕_바질감자그라탕,160,7.97,,
감자그라탕_치즈만난감자 그라탕,341,10.91,,
감자밥,130,2.4,0.14,28.45
감자범벅,93,2.3,0.05,21.31
감자범벅,95,2.3,0.05,21.91
감자범벅,95,2.3,0.05,21.91
감자볶음,52,1.2,1.31,8.95
감자볶음,52,1.2,1.31,8.96
감자볶음,100,1.75,4.84,12.41
감자볶음,52,1.2,1.31,8.96
감자볶음,52,1.2,1.31,8.96
감자볶음_감자,52,1.23,1.31,8.95
감자볶음_감자_당근,47,1.08,1.36,7.79
감자볶음_감자_당근,52,1.06,1.98,7.66
감자볶음_감자_베이컨,50,1.72,2.45,5.37
감자볶음_감자_베이컨,53,1.86,2.49,5.91
감자볶음_감자_햄,47,2.57,1.75,5.29
감자볶음_감자만,134,1.9,6.86,16.18
감자볶음_당근,109,1.7,6.19,11.81
감자볶음_양파,122,2.5,4.96,17.12
감자볶음_양파,114,1.7,6.39,12.58
감자볶음_양파,122,2.5,4.96,17.12
감자볶음_양파,114,1.7,6.39,12.58
감자볶음_잔멸치,153,6.7,6.57,16.69
감자볶음_잔멸치,153,6.7,6.57,16.65
감자볶음_채소,81,1.5,3.82,10.46
감자볶음_채소,108,2.04,5.22,13.1
감자볶음_채소,67,1.3,2.92,9.09
감자볶음_채소,88,2.3,1.36,17.09
감자볶음_풋고추,102,2.8,3.09,16.68
감자볶음_풋고추,101,2.9,3.08,16.35
감자볶음_햄,159,5.0,9.72,13.05
감자볶음_햄,160,5.1,9.68,13.33
감자볶음_햄,159,5.0,9.72,13.05
감자볶음_햄_채소,47,2.6,1.75,5.29
감자볶음_햄_채소,47,2.6,1.75,5.29
감자볶음_햄_채소,47,2.6,1.75,5.29
감자빵_감자쫀득볼,313,3.95,,
감자빵_강원도알감자빵,250,3.13,,
감자빵_강원도알감자빵 (5개입),244,3.13,,
감자빵_못난이 감자크럼볼,211,1.33,,45.33
감자빵_못난이감자크럼볼,247,1.33,,
감자빵_진짜감자빵,242,2.5,8.58,38.08
감자빵_쫀득 감자빵,246,5.0,,
감자빵_찐찐 감자빵,247,2.22,,
감자빵_포슬쫀득 감자빵,284,3.64,,
감자빵_포슬쫀득감자빵,284,3.64,,
감자샐러드,161,2.7,9.97,15.59
감자샐러드,165,2.8,10.32,15.65
감자샐러드,161,2.7,9.97,15.59
감자샐러드,161,2.7,9.97,15.59
감자샐러드 샌드위치,109,3.0,4.8,13.59
감자샐러드 샌드위치,108,3.1,4.73,13.39
감자샐러드 샌드위치,108,3.1,4.73,13.39
감자샐러드_당근,77,1.2,4.49,8.31
감자샐러드_오이,104,1.7,6.05,11.17
감자스프,100,2.7,4.33,12.06
감자스프,85,2.9,4.45,8.13
감자스프,86,2.9,4.45,8.13
감자연근튀김,149,3.8,4.31,22.74
감자전,41,0.8,1.42,6.2
감자전,93,1.98,3.24,13.75
감자전,133,1.72,6.54,16.79
감자전,41,0.8,1.42,6.2
감자전,135,4.1,5.4,16.98
감자조림,75,1.8,1.36,14.28
감자조림,92,1.8,2.49,15.95
감자조림,114,2.4,3.52,18.1
감자조림,132,2.8,4.86,19.78
감자조림,66,1.58,0.85,13.29
감자탕,65,4.59,3.34,4.5
감자탕,51,3.39,2.61,3.87
감자탕,71,6.31,4.06,2.27
감자탕,67,4.66,3.96,3.37
감자탕,27,2.9,0.63,2.35
감자튀김,312,4.55,17.01,35.15
감자튀김,114,2.1,4.78,15.88
감자튀김,103,1.9,4.35,14.28
감자튀김,114,2.1,4.78,15.88
감자튀김,103,1.9,4.35,14.28
감자튀김_BBQ 감자튀김,254,3.21,,
감자튀김_간편조리세트_몬스터 치즈 프라이,269,5.54,17.74,21.78
감자튀김_갈릭포테이토,185,3.0,,
감자튀김_감자볼튀김,278,2.25,,32.59
감자튀김_모둠 감자튀김,231,2.44,,
감자튀김_못난이치즈감자,186,3.86,,
감자튀김_양념감자 어니언,308,3.53,,
감자튀김_양념감자 치즈,311,3.88,,
감자튀김_양념감자 칠리,307,3.58,,
감자튀김_웨지감자,231,3.94,9.58,32.25
감자튀김_트러플포테이토스틱,166,2.78,,
감자튀김_포테이토,199,3.75,,
감자튀김_포테이토(L),308,3.68,,
감자튀김_포테이트(R),309,3.67,,
감자튀김_프렌치 프라이,275,3.75,,
감자튀김_해쉬라운즈,205,2.0,,
갑오징어무침,50,5.31,0.74,5.89
갓김치,37,3.26,0.4,7.07
강낭콩밥,111,2.2,0.15,24.21
강낭콩밥,111,2.2,0.15,24.21
강낭콩밥,112,2.3,0.34,23.99
강낭콩밥,112,2.3,0.34,23.99
개고기 수육,226,15.8,17.15,3.1
개고기무침,121,7.63,8.82,3.76
개고기전골,74,5.56,5.03,2.35
개피떡(바람떡),206,5.32,0.81,44.3
건갈치조림,96,11.2,3.68,3.68
건꼴뚜기조림_풋고추,288,29.4,13.55,10.14
건새우 미역국,28,3.8,1.03,1.02
건새우 미역국,27,3.8,1.04,0.92
건새우 미역국,27,3.8,1.03,0.93
건새우 미역국,27,3.8,1.04,0.92
건새우볶음,109,9.9,5.12,5.45
건새우볶음,109,9.9,5.12,5.45
건새우볶음,154,15.6,5.64,9.52
건새우볶음,304,41.55,12.95,5.4
건새우볶음,154,15.6,5.64,9.52
건새우볶음_건새우,120,15.53,3.87,4.96
건새우볶음_건새우_꽈리고추,71,7.11,2.3,5.65
건새우볶음_풋고추,163,10.7,7.62,12.71
건포도빵_건포도빵 (대),311,7.53,,
건포도빵_건포도빵 (소),310,7.76,,
건포도빵_우리쌀건포도브레드,265,6.0,,
검정콩밥,136,3.3,0.79,27.6
검정콩밥,121,3.2,0.8,24.31
검정콩밥,120,2.6,0.54,25.15
검정콩밥,121,2.7,0.56,25.08
검정콩밥_보리,143,3.2,0.66,29.94
검정콩밥_보리,143,3.2,0.66,29.94
겉절이_배추,55,2.28,2.14,6.58
겉절이_상추,61,2.36,3.41,5.26
겉절이_열무,58,2.4,2.94,5.38
겉절이_치커리,56,1.49,3.65,4.4
게국지,38,4.08,1.1,2.88
게맛살튀김,213,6.1,8.61,26.31
게맛살튀김,213,6.1,8.61,26.31
게살죽,71,2.24,0.89,13.42
게장_간장,88,12.25,2.31,4.47
게장_양념,111,12.24,3.3,8.07
게조림,21,4.2,0.18,0.31
게조림,93,18.9,0.81,1.48
겨자채,128,7.3,8.76,4.27
겨자채,128,7.3,8.76,4.27
겨자채,120,5.4,8.88,4.02
겨자채,120,5.4,8.88,4.02
견과_넛츠앤푸르츠,550,17.5,37.5,37.5
경단_깨,319,4.44,0.54,74.22
경단_깨,240,6.28,6.72,38.58
경단_찹쌀_카스텔라,237,4.1,1.8,51.1
경단_콩,314,3.51,0.46,74.03
계란 덮밥,169,5.0,3.69,27.22
계란 덮밥,152,4.7,4.85,21.33
계란 덮밥,152,4.7,4.85,21.33
계란덮밥,143,4.31,2.82,25.14
계란빵,158,5.9,1.81,27.72
계란빵,158,6.0,1.99,27.2
계란빵,158,6.0,1.99,27.2
계란빵_쌀계란빵,313,2.0,,
계란빵_콘치즈 계란빵,240,10.0,,
계란빵_트윈에그 브레드,238,10.48,,
고구마_밤고구마_삶은것,132,2.45,0.12,30.17
고구마_찐고구마,139,1.67,0.24,32.47
고구마깻잎튀김,169,2.6,4.0,29.95
고구마맛탕,246,1.65,5.5,47.3
고구마맛탕,160,0.61,3.66,31.45
고구마맛탕,141,0.75,4.0,25.54
고구마맛탕,143,0.71,3.53,27.12
고구마맛탕,209,1.0,4.95,40.14
고구마밥,139,2.3,0.35,30.44
고구마밥,139,2.3,0.35,30.47
고구마밥,139,2.3,0.35,30.44
고구마전,227,2.92,7.98,35.99
고구마조림,167,2.5,0.59,38.6
고구마조림,167,2.5,0.59,38.6
고구마조림,167,2.5,0.61,38.53
고구마줄기나물,60,0.8,4.76,3.41
고구마줄기나물,22,0.6,1.13,2.42
고구마줄기나물,60,0.8,4.76,3.41
고구마줄기나물,97,1.64,7.46,5.77
고구마줄기나물,83,0.98,7.0,4.1
고구마줄기나물,22,0.56,1.13,2.45
고구마줄기나물_고춧가루,27,1.2,0.69,4.3
고구마줄기나물_고춧가루,27,1.2,0.69,4.23
고구마줄기나물_고춧가루,27,1.2,0.69,4.3
고구마줄기나물_고춧가루,27,1.2,0.69,4.23
고구마줄기나물_들깨,39,1.5,2.09,3.93
고구마줄기나물_들깨,39,1.5,2.09,3.93
고구마줄기나물_들깨,39,1.5,2.09,3.93
고구마튀김,193,2.7,6.86,29.37
고구마튀김,193,2.7,6.86,29.37
고구마튀김,182,1.9,4.74,32.12
고구마튀김,253,2.72,11.87,33.8
고구마튀김,233,1.48,10.9,31.33
고기만두,96,5.4,1.81,13.59
고기만두,105,6.6,2.51,13.15
고기만두,99,6.1,1.63,14.13
고기만두,114,5.9,2.16,16.96
고들빼기김치,68,2.84,0.66,12.58
고들빼기김치,111,3.16,1.22,21.87
고들빼기김치,71,3.0,1.38,11.52
고등어구이,179,12.71,12.18,3.6
고등어구이,202,13.37,13.22,6.25
고등어구이,176,12.28,11.84,3.9
고등어구이,142,9.51,9.99,2.69
고등어구이_기름,144,9.5,9.99,2.69
고등어구이_기름,177,12.3,11.84,3.9
고등어구이_기름,206,13.4,13.22,6.25
고등어구이_기름,182,12.7,12.18,3.6
고등어구이_석쇠,340,23.38,25.69,3.79
고등어구이_카레,194,13.9,11.75,6.35
고등어구이_카레,194,13.9,11.75,6.35
고등어구이_카레,190,14.0,11.63,6.42
고등어조림,114,10.2,4.99,6.06
고등어조림,108,8.36,6.07,4.9
고등어조림,114,10.2,4.99,6.06
고등어조림,141,11.25,8.84,4.1
고등어조림_모듬채소,60,5.1,2.81,3.42
고등어조림_무,94,8.4,4.27,5.02
고등어조림_무,94,8.4,4.27,5.02
고등어조림_무,94,8.4,4.27,5.02
고등어조림_무,94,8.4,4.27,5.02
고등어조림_배추김치,75,6.5,3.45,4.32
고등어조림_배추김치,82,6.97,3.53,5.61
고등어조림_배추김치,104,7.92,5.38,5.8
고등어조림_배추김치,105,9.61,4.82,5.73
고등어찌개,38,3.5,1.69,2.02
고등어찌개,38,3.5,1.69,2.02
고등어찌개,100,8.15,5.62,4.27
고등어찜,92,8.6,4.88,3.21
고등어찜,92,8.6,4.88,3.21
고등어튀김,126,6.2,9.68,2.29
고등어튀김,219,13.5,13.58,8.99
고등어튀김,126,6.2,9.68,2.29
고디국(다슬기맑은국),17,1.4,0.71,1.57
고디국(다슬기맑은국),17,1.4,0.71,1.58
고디국(다슬기맑은국),17,1.4,0.71,1.58
고사리나물,34,2.7,1.65,3.57
고사리나물,43,1.6,3.48,2.08
고사리나물,43,1.6,3.48,2.08
고사리나물,56,3.7,3.14,4.89
고사리나물무침,90,3.78,5.52,6.28
고추잡채,67,4.18,3.91,4.21
고추잡채,91,9.69,3.47,5.09
고추잡채,69,4.2,4.01,4.27
고추잡채_간편조리세트_고추잡채 꽃빵키트,168,6.76,5.62,22.5
고추장볶음,396,9.5,25.57,34.64
고추장볶음,235,8.96,4.85,43.37
고추장볶음,376,9.1,24.52,33.35
고추장아찌,124,2.39,0.63,31.49
고추장아찌 무침,62,1.5,0.9,13.91
고추장찌개_두부,49,3.19,1.27,6.96
고추장찌개_두부,56,5.26,2.13,4.17
고추전,183,8.61,11.48,11.34
고추전,234,12.0,14.56,15.71
고추조림,111,3.3,4.9,13.4
고추조림,40,1.9,0.8,6.89
고추조림,40,1.9,0.8,6.89
고추조림_멸치,34,3.1,0.35,5.01
고추조림_멸치,57,7.08,1.21,4.69
고추튀김,202,7.6,12.6,14.6
고추튀김,218,5.9,9.24,26.51
고추튀김,218,5.9,9.24,26.51
고추튀김,177,4.7,7.42,21.78
고춧가루 양념장,140,5.9,7.19,14.39
고춧가루 양념장,140,5.9,7.19,14.39
고춧가루 양념장,140,5.9,7.19,14.39
고춧가루 양념장,140,5.9,7.19,14.39
고춧잎나물,101,6.9,4.21,12.51
고춧잎나물,30,2.1,1.44,3.33
고춧잎나물,101,6.9,4.21,12.59
고춧잎나물,41,3.8,0.68,7.13
고춧잎나물무침,88,4.41,4.69,7.14
곤드레나물밥,149,2.94,2.71,28.26
곤드레밥,124,2.2,0.94,26.8
곤드레밥,124,2.2,0.94,26.8
곤드레밥,124,2.2,0.94,26.8
곤드레밥,124,2.2,0.94,26.8
곤드레밥_양념장,87,2.09,0.97,17.09
곤약무침_마요네즈,83,0.7,7.7,3.62
곤약조림,43,1.1,1.99,7.17
곤약조림,31,0.8,1.46,5.19
곤약조림,31,0.8,1.46,5.19
곤약조림,43,1.1,1.99,7.17
골뱅이무침,109,7.08,1.97,15.69
골뱅이무침,118,17.2,1.18,10.06
골뱅이무침,118,17.2,1.18,10.06
골뱅이무침_소면,109,5.01,1.47,18.91
골뱅이무침_소면,102,8.4,1.55,13.91
골뱅이무침_채소,69,5.98,0.84,10.29
골뱅이무침_채소,59,5.54,0.68,8.23
골뱅이무침_채소,60,5.06,0.74,9.16
골뱅이무침_채소_소면,87,5.01,0.71,15.19
곰치국,42,5.43,1.18,2.39
곰탕,32,1.9,1.65,2.11
곰탕,65,3.4,2.61,6.53
곰탕,140,7.5,5.94,12.67
곰탕,68,3.5,2.62,6.95
곰탕,61,6.47,1.23,6.03
곰탕,24,3.43,1.12,0.11
곰탕_우거지,25,2.37,0.6,2.6
곱창구이_소고기,184,14.89,11.73,4.71
곱창볶음_돼지고기,182,9.7,10.37,13.81
곱창볶음_돼지고기,130,7.23,3.0,18.52
곱창볶음_돼지껍데기,235,17.2,11.13,16.33
곱창전골,47,3.57,2.61,2.66
곱창전골_간편조리세트_대한곱창 곱창전골,140,5.79,9.11,8.65
곱창전골_간편조리세트_소곱창순대전골,75,3.95,2.82,8.36
곱창전골_소고기,88,6.93,4.55,4.87
과ㆍ채주스_22수박 주스 (L),48,0.59,,
과ㆍ채주스_22수박 주스 (Max),48,0.49,,
과ㆍ채주스_22수박 주스 (R),48,0.51,,
과ㆍ채주스_Oh 자몽 핫(HOT) (R),69,0.0,,
과ㆍ채주스_건강주스 자몽미모,62,0.13,,
과ㆍ채주스_건강주스 자몽미모 (Grande),61,0.21,,
과ㆍ채주스_건강주스 자몽미모 (Mini Venti),55,0.18,,
과ㆍ채주스_건강주스 자몽미모 (Venti),51,0.14,,
과ㆍ채주스_골드키위 주스,58,0.18,,
과ㆍ채주스_골드키위주스,64,0.48,,
과ㆍ채주스_구아바 크림 주스,43,0.25,,
과ㆍ채주스_그린 데이즈,30,0.27,0.01,
과ㆍ채주스_그린 클렌즈,19,0.28,,
과ㆍ채주스_기운내라임 병음료,47,0.53,,
과ㆍ채주스_깔라망코 주스 (L),41,0.03,,
과ㆍ채주스_깔라망코 주스 (R),42,0.05,,
감자튀김_크런치감자스틱,147,1.6,,
과ㆍ채주스_놀라운망고,32,0.03,,
과ㆍ채주스_놀라운청포도,32,0.01,,
과ㆍ채주스_놀라운패션후르츠,31,0.01,,
과ㆍ채주스_당근,29,0.36,0.04,6.88
과ㆍ채주스_당근사과 주스,36,0.21,,8.72
과ㆍ채주스_더 건강한 스트로베리 주스,55,0.53,,13.68
과ㆍ채주스_딸기 바나나 주스,45,0.69,0.54,9.44
과ㆍ채주스_딸기 바나나 주스,62,1.06,,
과ㆍ채주스_딸기 생과일주스,42,0.56,,
과ㆍ채주스_딸기 주스,90,0.28,,
과ㆍ채주스_딸기 주스,63,0.42,,
과ㆍ채주스_딸기 주스,51,0.1,0.03,12.54
과ㆍ채주스_딸기 주스,81,0.43,0.21,19.57
과ㆍ채주스_딸기 주스,27,0.17,,
과ㆍ채주스_딸기 주스,36,0.96,,
과ㆍ채주스_딸기 주스,43,0.56,,
과ㆍ채주스_딸기 주스,34,0.21,,
과ㆍ채주스_딸기 주스,42,0.46,,
과ㆍ채주스_딸기 주스,36,0.48,,
과ㆍ채주스_딸기 주스 (Grande),91,0.21,,
과ㆍ채주스_딸기 주스 (L),50,0.33,,
과ㆍ채주스_딸기 주스 (L),35,0.0,,4.23
과ㆍ채주스_딸기 주스 (L),49,0.22,,
과ㆍ채주스_딸기 주스 (ML),39,0.0,,4.65
과ㆍ채주스_딸기 주스 (Mini Venti),86,0.18,,
과ㆍ채주스_딸기 주스 (R),54,0.35,,
과ㆍ채주스_딸기 주스 (R),47,0.31,,
과ㆍ채주스_딸기 주스 (Tall),89,0.28,,
과ㆍ채주스_딸기 주스 (Venti),77,0.28,,
과ㆍ채주스_딸기 주스 병음료,58,0.0,,
과ㆍ채주스_딸기 쥬스,46,0.3,0.0,11.04
과ㆍ채주스_딸기 토마토 주스,54,0.28,,
과ㆍ채주스_딸기_바나나,54,1.37,0.52,11.06
과ㆍ채주스_딸기바나나,59,1.01,1.05,11.4
과ㆍ채주스_딸기바나나 주스,41,0.76,,
과ㆍ채주스_딸기주스,33,0.07,0.02,8.22
과ㆍ채주스_딸기주스,65,0.48,,
과ㆍ채주스_레드 클렌즈,28,0.28,,
과ㆍ채주스_레드오렌지 자몽주스,35,0.15,0.02,8.51
과ㆍ채주스_레드클렌즈,28,0.28,,
과ㆍ채주스_루트 클렌즈,29,0.28,,
과ㆍ채주스_루트클렌즈,29,0.28,,
과ㆍ채주스_리얼 사과 주스,46,0.0,,11.3
과ㆍ채주스_리얼 수박 주스,45,0.48,,
과ㆍ채주스_리얼 수박 주스,18,0.46,,
과ㆍ채주스_리얼 수박 주스,36,0.3,,
과ㆍ채주스_리얼 캐롯플 주스,40,0.22,,9.78
과ㆍ채주스_리얼 토마토 주스,42,0.54,,10.27
과ㆍ채주스_리얼 홍시 주스,116,0.14,,
과ㆍ채주스_리얼수박 주스,31,0.56,,
과ㆍ채주스_리얼수박 주스,73,1.01,,
과ㆍ채주스_망고 딸기 주스,72,0.28,,
과ㆍ채주스_망고 주스,45,0.0,,
과ㆍ채주스_망고 주스,94,0.13,,
과ㆍ채주스_망고 주스,56,1.79,,
과ㆍ채주스_망고 주스,29,0.09,0.35,6.46
과ㆍ채주스_망고 주스 (J),22,0.0,,
과ㆍ채주스_망고 주스 (L),23,0.0,,
과ㆍ채주스_망고 주스 (L),35,0.0,,4.23
과ㆍ채주스_망고 주스 (ML),39,0.0,,4.65
과ㆍ채주스_망고 주스 (R),56,0.2,,
과ㆍ채주스_망고 주스 병음료,62,0.53,,
과ㆍ채주스_망고 쥬스,50,0.19,0.03,12.58
과ㆍ채주스_망고바나나,67,1.06,0.93,13.6
과ㆍ채주스_망플단,28,0.17,,
과ㆍ채주스_망플단 (더벤티),28,0.1,,
과ㆍ채주스_망플단 망고/파인애플/단호박,28,0.08,,
과ㆍ채주스_미드나잇 트로피칼 주스 망고용과,56,0.31,,
과ㆍ채주스_밀싹 케일 주스,29,0.24,,
과ㆍ채주스_밀싹케일 주스,32,0.43,,7.66
과ㆍ채주스_바나나 생과일 주스,59,1.11,,
과ㆍ채주스_바나나 주스,13,0.02,,
과ㆍ채주스_바나나 주스,61,1.78,,
과ㆍ채주스_바나나 주스 (L),73,1.29,,
과ㆍ채주스_바나나 주스 (R),70,1.21,,
과ㆍ채주스_배 주스 (L),52,0.14,,
과ㆍ채주스_배 주스 (Max),51,0.12,,
과ㆍ채주스_배 주스 (R),52,0.18,,
과ㆍ채주스_베리&바나나 주스,44,0.77,,
과ㆍ채주스_봄 딸기 주스,40,0.27,,
과ㆍ채주스_블랙베리 주스,34,0.21,,8.3
과ㆍ채주스_블루베리 주스 (L),32,0.0,,2.64
과ㆍ채주스_블루베리 주스 (ML),35,0.0,,2.96
과ㆍ채주스_비타민 주스 딸기 (Grande),53,0.21,,
과ㆍ채주스_비타민 주스 딸기 (Tall),53,0.28,,
과ㆍ채주스_비타민 주스 딸기 (Venti),44,0.14,,
과ㆍ채주스_비타민 주스 파인애플 (Grande),42,0.21,,
과ㆍ채주스_비타민 주스 파인애플 (Tall),43,0.28,,
과ㆍ채주스_비타민 주스 파인애플 (Venti),35,0.14,,
과ㆍ채주스_비타민 클린 주스 레몬밀싹,33,0.42,,
과ㆍ채주스_비타민 클린 주스 사과당근,27,0.42,,
과ㆍ채주스_비타민 클린 주스 진저파인,27,0.42,,
과ㆍ채주스_비타민주스 딸기,54,0.15,,
과ㆍ채주스_비타민주스 파인애플,43,0.15,,
과ㆍ채주스_비트 사과 주스,31,0.24,,
과ㆍ채주스_비트파인애플 주스,34,0.21,,8.3
과ㆍ채주스_사과 비트 착즙 주스,35,0.28,,
과ㆍ채주스_사과_당근,38,0.23,0.03,9.14
과ㆍ채주스_사딸비,29,0.17,,
과ㆍ채주스_사딸비 (더벤티),29,0.21,,
과ㆍ채주스_사딸비 사과/딸기/비트,29,0.17,,
과ㆍ채주스_살구 주스 (L),41,0.2,,8.6
과ㆍ채주스_살구 주스 (ML),44,0.14,,9.72
과ㆍ채주스_생과일 수박 주스,33,0.48,,
과ㆍ채주스_생과일 토마토 주스,31,0.48,,
과ㆍ채주스_생과일주스 딸기,55,0.23,,
과ㆍ채주스_샤인머스켓 그린주스,37,0.14,0.02,9.07
과ㆍ채주스_샤인머스켓케일주스,40,0.0,0.0,9.81
과ㆍ채주스_선샤인 애플 주스 사과,45,0.17,,
과ㆍ채주스_선셋 복숭아 주스 살구복숭아,49,0.29,,
과ㆍ채주스_설향 생딸기 주스,44,0.28,,
과ㆍ채주스_수박 주스,29,0.43,0.21,6.38
과ㆍ채주스_수박 주스,100,1.45,,
과ㆍ채주스_수박 주스,21,0.41,,
과ㆍ채주스_수박 주스,21,0.41,,
과ㆍ채주스_수박 주스,25,0.24,,
과ㆍ채주스_수박 주스,50,0.53,0.0,12.11
과ㆍ채주스_수박 주스 (L),25,0.21,,2.75
과ㆍ채주스_수박 주스 (ML),24,0.14,,2.39
과ㆍ채주스_수박머스캣 소다,66,0.0,,
과ㆍ채주스_수박파인 펀치,73,0.48,,
과ㆍ채주스_스트로베리 주스,53,0.39,0.0,13.16
과ㆍ채주스_스트로베리 주스,32,0.21,,7.66
과ㆍ채주스_애플망고 주스 (L),34,0.19,,
과ㆍ채주스_옐로우 클렌즈,29,0.28,,
과ㆍ채주스_옐로우 펀치,30,0.28,0.03,
과ㆍ채주스_오곡바나나 주스,68,1.91,,
과ㆍ채주스_오렌지 당근 착즙 주스,34,0.28,,
과ㆍ채주스_오렌지 썸머,27,0.3,0.01,
과ㆍ채주스_오렌지 자몽 생과일 주스,40,0.42,,
과ㆍ채주스_오렌지 자몽 주스,27,0.43,,6.38
과ㆍ채주스_오렌지 주스 (L),41,0.32,,4.86
과ㆍ채주스_오렌지 주스 (L),49,0.68,,
과ㆍ채주스_오렌지 주스 (ML),45,0.28,,5.49
과ㆍ채주스_오렌지 주스 (R),46,0.65,,
과ㆍ채주스_오렌지 주스 (R),34,0.56,,
과ㆍ채주스_오렌지 후레쉬 주스,20,0.24,,4.88
과ㆍ채주스_오렌지당근주스,40,0.0,0.0,9.81
과ㆍ채주스_오리지널 깔라만시 (L),24,0.07,,
과ㆍ채주스_오리지널 깔라만시 (R),23,0.05,,
과ㆍ채주스_오사당,29,0.33,,
과ㆍ채주스_오사당 (더벤티),28,0.31,,
과ㆍ채주스_오사당 오렌지/사과/당근,29,0.34,,
과ㆍ채주스_완전 딸기 주스,32,0.28,,
과ㆍ채주스_완전 망고 주스,34,0.28,,
과ㆍ채주스_완전 블루베리 주스,33,0.42,,
과ㆍ채주스_완전딸기 주스,36,0.32,,
과ㆍ채주스_완전망고 주스,39,0.32,,
과ㆍ채주스_완전블루베리 주스,40,0.51,,
과ㆍ채주스_완전성주참외 주스,38,0.51,,
과ㆍ채주스_완전수박 주스,40,0.46,,
과ㆍ채주스_완전토마토 주스,29,0.55,,
과ㆍ채주스_자몽 주스,24,0.0,,
과ㆍ채주스_자몽 주스 (J),13,0.15,,
과ㆍ채주스_자몽 주스 (L),14,0.21,,
과ㆍ채주스_자몽 주스 (L),34,0.21,,
과ㆍ채주스_자몽 주스 (ML),37,0.28,,
과ㆍ채주스_자몽 주스 (R),26,0.13,,
과ㆍ채주스_자몽 주스 (R),33,0.56,,
과ㆍ채주스_자몽 주스 아이스(ICED),53,0.0,,
과ㆍ채주스_자몽 주스 핫(HOT),69,0.0,,
과ㆍ채주스_자몽 후레쉬 주스,21,0.21,,5.11
과ㆍ채주스_제주 한라봉 주스,32,0.28,,
감자튀김_웨지감자,121,3.0,,
과ㆍ채주스_찐수박 100 리얼 수박,20,0.3,,
과ㆍ채주스_청도 홍시 주스,56,0.19,,
과ㆍ채주스_청포도 주스 (L),30,0.11,,4.23
과ㆍ채주스_청포도 주스 (ML),28,0.14,,3.8
과ㆍ채주스_청포도케일 착즙 주스,36,0.28,,
과ㆍ채주스_초코바나나,63,1.45,1.28,11.4
과ㆍ채주스_초코바나나 주스,62,1.37,,
과ㆍ채주스_케일 캐롯 주스,33,0.28,,
과ㆍ채주스_크러쉬 블루베리 주스 블루베리,38,0.29,,
과ㆍ채주스_키위 생과일 주스,53,0.28,,
과ㆍ채주스_키위 주스,32,0.52,,
과ㆍ채주스_키위 주스,41,0.0,,
과ㆍ채주스_키위 주스,35,0.0,,
과ㆍ채주스_키위 주스,61,0.23,,
과ㆍ채주스_키위 주스 (L),32,0.32,,4.86
과ㆍ채주스_키위 주스 (ML),30,0.28,,4.37
과ㆍ채주스_키위 주스 (R),60,0.46,,
과ㆍ채주스_키위 주스 (R),92,0.35,,
과ㆍ채주스_키위 쥬스 (L),45,0.58,,
과ㆍ채주스_키위 쥬스 (R),43,0.56,,
과ㆍ채주스_탐라는감귤 생과일 쥬스,41,0.5,0.19,10.21
과ㆍ채주스_토마토 생과일 주스,31,0.64,,
과ㆍ채주스_토마토 생과일 주스,22,0.28,,
과ㆍ채주스_토마토 주스,21,0.56,,
과ㆍ채주스_토마토 주스,25,0.73,,
과ㆍ채주스_토마토 주스,21,0.61,,
과ㆍ채주스_토마토 주스 (R),37,0.76,,
과ㆍ채주스_토마토 주스 병음료,37,0.53,,
과ㆍ채주스_토마토 쥬스 (L),27,0.64,,
과ㆍ채주스_토마토 쥬스 (R),27,0.59,,
과ㆍ채주스_파이팅 청귤 병음료,50,0.53,,
과ㆍ채주스_파인 자몽 주스,25,0.24,,
과ㆍ채주스_파인애플 주스,25,5.08,,
과ㆍ채주스_파인애플 주스,37,0.21,,8.94
과ㆍ채주스_포멜로 크림 주스,45,0.28,,
과ㆍ채주스_포블마 포도/블루베리/고구마,32,0.17,,
과ㆍ채주스_한라봉 주스 (R),45,0.08,,
과ㆍ채주스_한라봉주스 병음료,41,0.26,,
과ㆍ채주스_한방에 쭉 감당 병음료,53,0.53,,
과ㆍ채주스_해독주스_착즙형,44,0.47,0.04,10.51
과ㆍ채주스_햇사과 주스 병음료,59,0.11,,
과ㆍ채주스_혼합과일주스,59,0.77,0.37,13.19
과ㆍ채주스_홍시 주스,57,0.12,,
과ㆍ채주스_홍시 주스 (L),35,0.11,,3.49
과ㆍ채주스_홍시 주스 (ML),39,0.14,,3.8
과ㆍ채주스_홍시 주스 (R),46,0.14,,
과ㆍ채주스_홍시 쥬스,33,0.17,0.06,8.59
과ㆍ채주스_홍시주스,60,0.24,,
과일_하루 한 컵 RED,43,0.47,,
과일샐러드,102,0.9,6.52,11.19
과일샐러드,75,0.38,5.49,6.74
과일샐러드,108,0.5,5.67,15.1
과일샐러드,65,0.53,3.8,7.84
광어 매운탕,62,9.0,1.74,2.6
과ㆍ채주스_키위 주스 (R),43,0.28,,
광어 매운탕,63,8.9,1.74,2.94
국밥,52,3.45,1.03,7.33
국밥_굴,105,6.52,2.74,13.6
국밥_돼지고기,76,5.53,3.22,6.23
국밥_돼지머리,137,6.7,5.16,15.94
국밥_소고기,47,3.11,1.16,6.09
국밥_순대국밥,75,3.17,2.28,10.38
국밥_콩나물,52,1.45,0.24,10.93
국수,77,3.8,1.05,12.43
국수,54,2.2,0.75,8.94
국수,56,2.5,0.96,8.87
국수_김치말이국수,50,2.15,0.8,8.67
국수_막국수,57,2.0,0.58,10.98
국수_막국수,133,5.8,1.61,23.9
국수_비빔국수,102,3.01,0.95,20.47
국수_열무김치,54,1.88,1.28,8.7
국수_열무김치,120,3.8,2.13,20.39
국수_열무김치,59,2.2,0.99,9.79
국수_열무김치,69,2.2,1.22,11.72
국수_잔치국수,44,1.93,0.49,8.05
국수_쟁반막국수,119,6.68,4.56,12.81
국수전골,88,3.4,1.83,14.56
군만두,219,8.5,9.25,25.22
군만두,219,8.5,9.25,25.22
군만두,219,8.5,9.25,25.22
군만두,219,8.5,9.25,25.22
굴 국밥,63,1.6,0.32,12.79
굴 두부찌개,21,2.2,0.66,1.48
굴 미역국,16,1.9,0.47,1.9
굴 미역국,16,1.9,0.47,1.9
굴국_두부,18,2.0,0.65,0.98
굴국_두부,19,2.0,0.68,0.97
굴국_두부,18,2.0,0.65,0.98
굴국_무,25,2.41,0.36,2.93
굴무침,77,6.68,2.31,7.3
굴무침_무,29,2.2,0.62,3.71
굴무침_채소,41,3.3,1.23,4.46
굴밥,122,4.3,1.95,21.44
굴비구이,122,11.83,7.4,0.98
굴비구이,530,59.2,29.72,0.6
굴비구이,524,59.2,29.72,0.6
굴전,195,10.6,10.5,14.5
굴전,123,6.25,6.27,9.54
굴전,213,11.9,11.55,13.98
굴죽,107,2.4,2.99,16.76
굴찜,142,11.3,4.04,15.7
귀리밥,162,3.9,0.87,34.54
귤차_제주 청귤 그린티 아이스(ICED),184,0.0,,
귤차_제주 한라봉 감귤차 아이스(ICED),56,0.28,,
귤차_제주 한라봉 감귤차 핫(HOT),56,0.28,,
귤차_제주 한라봉감귤차 아이스(ICED),56,0.28,,
귤차_제주 한라봉감귤차 핫(HOT),56,0.28,,
귤차_제주청귤 블라썸 핫(HOT),49,0.14,,
귤차_제주청귤 오리지널 핫(HOT),53,0.11,,
귤차_제주청귤차,35,0.17,,
귤차_제주청귤티 아이스(ICED),38,0.06,0.0,9.26
귤차_제주청귤티 아이스(ICED),48,0.17,,
귤차_제주청귤티 핫(HOT),49,0.08,0.0,12.04
귤차_제주청귤티 핫(HOT),48,0.15,,
귤차_청귤 티 핫(HOT),36,0.06,,
귤차_청귤블랙티 아이스(ICED) (L),25,0.07,,
귤차_청귤블랙티 아이스(ICED) (M),27,0.08,,
귤차_청귤블랙티 핫(HOT) (L),25,0.07,,
귤차_청귤블랙티 핫(HOT) (M),27,0.08,,
귤차_청귤차 아이스(ICED) (L),25,0.07,,
귤차_청귤차 아이스(ICED) (M),27,0.08,,
귤차_청귤차 핫(HOT) (L),25,0.07,,
귤차_청귤차 핫(HOT) (M),27,0.08,,
귤차_청귤티 아이스(ICED),56,0.05,,
귤차_청귤티 핫(HOT),36,0.06,,
귤차_탐라는감귤티 아이스(ICED),42,0.12,0.18,10.03
귤차_탐라는감귤티 핫(HOT),54,0.16,0.23,13.04
그라탕_오지치즈그라탕,231,9.38,,
그라탕_콘치즈그라탕 (L),387,14.19,,
그라탕_콘치즈그라탕 (R),549,20.15,,
근대 된장국,10,0.9,0.25,1.36
근대 된장국,12,0.9,0.34,1.71
근대 된장국,12,0.9,0.29,1.66
근대 된장국,14,1.0,0.36,1.92
근대나물,50,2.5,2.87,4.49
근대나물,56,2.5,2.85,6.4
근대나물,56,2.5,2.85,6.4
근대나물,50,2.5,2.87,4.49
기름장,640,0.2,69.06,0.92
기스면,61,3.78,1.07,8.98
기장밥,129,2.5,0.39,27.57
기장밥,166,3.44,0.57,36.77
기장밥,118,2.25,0.18,25.75
기장밥,121,2.23,0.16,26.3
기장밥,118,2.22,0.16,25.77
기장밥_찹쌀,119,2.4,0.37,25.52
기장밥_찹쌀,118,2.3,0.36,25.4
기장밥_찹쌀,121,2.3,0.36,25.97
기타빵_고구마빵,272,2.22,,51.11
기타빵_고구마스틱,258,10.11,,
기타빵_까눌레,339,6.0,,
기타빵_달달 고구마빵,238,1.11,,
기타빵_달콤촉촉 고구마빵,273,1.82,,
기타빵_달콤촉촉고구마빵,273,1.82,,
기타빵_달콩찹쌀브레드,336,7.14,,
기타빵_롤링넛츠,329,6.0,15.9,40.4
기타빵_마늘단짝고구마,332,6.63,,
기타빵_밤이랑고구마랑,315,7.0,,
기타빵_별님고구마,258,6.0,,
기타빵_슈크림치즈스틱,318,12.14,,
기타빵_스트링치즈스틱,303,16.93,,
기타빵_씨앗가득고소함이찰떡,358,8.0,,
기타빵_씨앗깜파뉴(Half),291,12.06,,
기타빵_씨앗깜파뉴(대),291,12.03,,
기타빵_씨앗깜파뉴(소),291,12.06,,
기타빵_얼그레이 까눌레,222,4.44,,
기타빵_얼그레이까눌레,222,4.44,,
기타빵_연유버터라우겐,239,4.02,,
기타빵_오리지널 까눌레,222,4.44,,
기타빵_오리지널까눌레,222,4.44,,
기타빵_옥수수범벅,332,6.52,,
기타빵_우리쌀 막걸리로 만든 초당옥수수빵,206,4.85,0.79,44.85
기타빵_잔슨빌스틱,325,14.89,,
기타빵_제주쑥오메기빵,211,6.32,,
기타빵_진짜고구마빵,287,2.0,10.2,47.0
기타빵_쫀득 고구마빵,290,6.0,,
기타빵_춘천 감자빵,245,5.0,,
기타빵_카라멜아몬드,450,10.7,24.9,45.8
기타빵_코코넛로쉐(낱개),304,8.7,,
기타빵_콩팥담뿍브레드,286,8.16,,
기타빵_콩팥담뿍브레드(Half),287,7.9,,
기타빵_톡톡 초당옥수수빵,300,4.0,,
기타빵_톡톡쫄깃 옥수수빵,299,5.0,,
기타빵_통밀스틱,257,9.72,,
기타빵_통통 옥수수빵,274,2.86,,
기타빵_흑미브래드스틱,310,10.77,,
기타음료_기라델리 스윗 바닐라 아이스(ICED),43,0.99,,5.77
기타음료_기라델리 스윗 바닐라 핫(HOT),50,1.27,,6.48
기타음료_기라델리 클래식 초코 아이스(ICED),38,0.99,,6.34
기타음료_기라델리 클래식 초코 핫(HOT),45,1.41,,7.04
기타음료_논알콜 하이볼,38,0.08,,
기타음료_딸기요거트드링크,62,1.64,1.82,9.55
기타음료_라임 모히또,39,0.07,,
기타음료_레드 파워 스매셔 (Grande),78,0.21,,
기타음료_마시는 요거트 딸기,134,2.47,,
기타음료_마시는 요거트 망고,135,2.47,,
기타음료_마시는 요거트 블루베리,133,2.17,,
기타음료_마시는 요거트 자몽,119,2.54,,
기타음료_마시는 요거트 청포도,97,2.52,,
기타음료_마시는 요거트 코코넛,123,2.72,,
기타음료_미초 아이스(ICED),21,0.14,,
기타음료_복숭아요거트드링크,67,1.64,1.95,10.56
기타음료_비타2000 저칼로리 망고 블랜딩 제로슈거 (초대용량),4,0.06,,
기타음료_비타2000 제로칼로리 레몬 블랜딩 제로슈거 (초대용량),1,0.02,,
기타음료_비타2000 제로칼로리 청포도 블랜딩 제로슈거 (초대용량),3,0.02,,
기타음료_사고 피치 YO,60,0.38,,
기타음료_스타벅스 슬래머 (Grande),50,0.0,,
기타음료_아삭 피치 YO,57,0.76,,
기타음료_인크레드불 화이트 아이스(ICED),34,0.02,,
기타음료_자몽 모히또,38,0.11,,
기타음료_청포도 모히또,39,0.07,,
기타음료_청포도플라워 아이스(ICED),31,0.0,,
기타음료_코코 커피젤리 워터 아이스(ICED) (Grande),53,0.21,,
기타음료_코코 커피젤리 워터 아이스(ICED) (Mini Venti),52,0.35,,
기타음료_코코 커피젤리 워터 아이스(ICED) (Tall),47,0.28,,
기타음료_코코 커피젤리 워터 아이스(ICED) (Venti),50,0.28,,
기타음료_탐라는감귤요거트드링크,68,1.22,1.28,13.18
기타음료_플레인요거트드링크,56,1.68,1.99,7.58
기타차_골든펄 딸기 캐모마일티,39,0.0,,
기타차_골든펄 망고 패션프룻 그린티,45,0.0,,
기타차_깔라만시,32,0.0,,
기타차_깔라만시티 아이스(ICED),34,0.0,,
기타차_깔라만시티 핫(HOT),57,0.21,,
기타차_깔라봉 차 (L),45,0.04,,
기타차_깔라봉 차 (R),47,0.03,,
기타차_나주 배숙차 아이스(ICED),28,0.03,,
기타차_나주 배숙차 핫(HOT),35,0.04,,
기타차_딸기 히비스커스 티 아이스(ICED),29,0.07,,
기타차_딸기 히비스커스 티 핫(HOT),32,0.06,,
기타차_딸기둥둥상큼티,43,0.09,,
기타차_딸기오렌지바나나 (L),1,0.0,,
기타차_딸기오렌지바나나 (M),1,0.0,,
기타차_딸기차 아이스(ICED) (L),32,0.06,,
기타차_딸기차 아이스(ICED) (M),32,0.07,,
기타차_딸기차 핫(HOT) (L),32,0.06,,
기타차_딸기차 핫(HOT) (M),32,0.07,,
기타차_딸기티 아이스(ICED),82,0.06,,
기타차_딸기티 핫(HOT),82,0.06,,
기타차_라임티 아이스(ICED),25,0.0,,
기타차_라임티 핫(HOT),25,0.0,,
기타차_레몬 자스민티 아이스(ICED) (J),22,0.0,,
기타차_레몬 자스민티 아이스(ICED) (L),24,0.0,,
기타차_레몬 자스민티 핫(HOT) (J),30,0.0,,
기타차_레몬 자스민티 핫(HOT) (L),27,0.0,,
기타차_레몬&오렌지 홍차티 아이스(ICED),1,0.07,0.0,0.0
기타차_레몬&오렌지 홍차티 핫(HOT),2,0.11,,
기타차_레몬&오렌지홍차티 아이스(ICED),1,0.07,,
기타차_레몬&오렌지홍차티 핫(HOT),2,0.11,,
기타차_레몬민트 아이스(ICED),40,0.17,,
기타차_레몬민트 아이스(ICED) (더벤티),41,0.1,,
기타차_레몬민트 핫(HOT),40,0.17,,
기타차_레몬진저 캐모마일 아이스(ICED),21,0.21,,
기타차_레몬진저 캐모마일 핫(HOT),21,0.21,,
기타차_레몬페퍼민트티 아이스(ICED),25,0.05,0.02,5.54
기타차_레몬페퍼민트티 핫(HOT),33,0.07,0.03,7.2
기타차_레몬허니블랙티 아이스(ICED),34,0.1,0.01,8.13
기타차_레몬허니블랙티 핫(HOT),44,0.14,0.01,10.57
기타차_루이보스 바닐라티 아이스(ICED),0,0.0,,
기타차_루이보스 바닐라티 핫(HOT),0,0.0,,
기타차_리치 캐모마일티 아이스(ICED) (L),28,0.0,,6.98
기타차_리치 캐모마일티 아이스(ICED) (ML),37,0.0,,9.3
기타차_리치 캐모마일티 핫(HOT) (ML),45,0.0,,11.17
기타차_망고 히비스커스티 아이스(ICED),35,0.07,,
기타차_망고 히비스커스티 핫(HOT) (R),44,0.1,,
기타차_망고사고 프룻티,61,0.06,,
기타차_매실차 아이스(ICED) (L),30,0.0,,
기타차_매실차 아이스(ICED) (M),29,0.0,,
기타차_매실차 핫(HOT) (L),30,0.0,,
기타차_매실차 핫(HOT) (M),29,0.0,,
기타차_배 모과차 아이스(ICED) (EX),42,0.0,,
기타차_배 모과차 아이스(ICED) (R),36,0.0,,
기타차_배 모과차 핫(HOT) (EX),44,0.0,,
기타차_배 모과차 핫(HOT) (R),39,0.0,,
기타차_배도라지차 아이스(ICED),41,0.0,0.0,10.15
기타차_배도라지차 핫(HOT),53,0.0,0.0,13.2
기타차_베리 히비스커스 아이스(ICED),2,0.0,,
기타차_베리 히비스커스 핫(HOT),2,0.0,,
기타차_빨간 코 루돌프의 상큼 리치티 아이스(ICED),37,0.1,0.04,8.97
기타차_빨간 코 루돌프의 상큼 리치티 핫(HOT),46,0.12,0.05,11.4
기타차_사과유자차 아이스(ICED),34,0.04,0.01,8.46
기타차_사과유자차 핫(HOT),38,0.05,0.02,9.54
기타차_삼라봉티 아이스(ICED),43,0.48,,
기타차_삼라봉티 핫(HOT),61,0.25,,
기타차_상그리아티,44,0.03,,
기타차_상그리아티 아이스(ICED),44,0.03,,
기타차_상그리아티 핫(HOT),44,0.03,,
기타차_샤인머스캣 티플레저,29,0.07,,
기타차_샹그리아 프루티 아이스(ICED),38,0.06,,
기타차_샹그리아 프루티 핫(HOT),44,0.08,,
기타차_석류 애플라임 아이스(ICED),51,0.0,,
기타차_석류 애플라임 핫(HOT),57,0.26,,
기타차_석류 오리지널 핫(HOT),55,0.0,,
기타차_스노우코코 아이스(ICED) (L),0,0.0,,
기타차_스노우코코 아이스(ICED) (M),0,0.0,,
기타차_스노우코코 핫(HOT) (L),0,0.0,,
기타차_스노우코코 핫(HOT) (M),0,0.0,,
기타차_스위트 피치 아이스(ICED),46,0.0,,11.35
기타차_스트로베리 릴렉싱티,133,0.36,,
기타차_스트로베리 프룻티,44,0.11,,
기타차_슬림 딸기 레몬 캐모마일티,0,0.06,,
기타차_슬림 망고 레몬 캐모마일티,0,0.06,,
기타차_슬림 망고 리치 히비스커스티,0,0.09,,
기타차_슬림 청포도 레몬 캐모마일티,0,0.06,,
기타차_슬림 청포도 리치 히비스커스티,0,0.07,,
기타차_아임파인 민트티 아이스(ICED),7,0.01,,
기타차_아임파인 민트티 핫(HOT),12,0.06,,
기타차_엘더베리 아이스(ICED),0,0.0,,
기타차_엘더베리 핫(HOT),0,0.0,,
기타차_유스베리 로즈티 브리즈 아이스(ICED) (Grande),25,0.0,,
기타차_유스베리 로즈티 브리즈 핫(HOT) (Grande),35,0.0,,
기타차_유자 민트 티 아이스(ICED),43,0.0,,
기타차_유자 민트 티 핫(HOT),62,0.0,,
기타차_유자 엘더베리 아이스(ICED),41,0.21,,
기타차_유자 엘더베리 핫(HOT),41,0.21,,
기타차_유자레몬티 아이스(ICED),48,0.17,,
기타차_유자레몬티 핫(HOT),48,0.15,,
기타차_유자캐모마일 아이스(ICED),51,0.17,,
기타차_유자캐모마일 아이스(ICED) (더벤티),53,0.1,,
기타차_유자캐모마일 핫(HOT),51,0.17,,
기타차_인디안 차이티 아이스(ICED),0,0.0,,
기타차_인디안 차이티 핫(HOT),0,0.0,,
기타차_자몽 그린티 (J),12,0.15,,
기타차_자몽 그린티 (L),12,0.21,,
기타차_자몽 블랙 프룻티,37,0.1,,
기타차_자몽 블랙 프룻티 아이스(ICED),37,0.1,,
기타차_자몽 블랙 프룻티 핫(HOT),52,0.15,,
기타차_자몽 얼그레이티 아이스(ICED),53,0.0,,
기타차_자몽 자스민티 아이스(ICED) (J),13,0.0,,
기타차_자몽 자스민티 아이스(ICED) (L),13,0.0,,
기타차_자몽 자스민티 핫(HOT) (J),17,0.0,,
기타차_자몽 자스민티 핫(HOT) (L),15,0.0,,
기타차_자몽히비스커스티 아이스(ICED),19,0.1,0.01,4.71
기타차_자몽히비스커스티 핫(HOT),25,0.13,0.01,6.12
기타차_작설차,1,0.17,,
기타차_저칼로리 망고 캐모마일티 제로슈거 (Venti),5,0.05,,
기타차_저칼로리 콜라겐 퀸즈베리 히비스커스티 노슈거 (Venti),9,0.24,,
기타차_저칼로리 퀸즈베리 히비스커스티 노슈거 (Tall),8,0.05,,
기타차_제로칼로리 깔라만시 캐모마일티 (Venti),2,0.04,,
기타차_제로칼로리 레몬 블랙티 제로슈거 (Venti),2,0.05,,
기타차_제로칼로리 복숭아 아이스티 노슈거 (초대용량),1,0.07,,
기타차_제로칼로리 청사과 캐모마일티 제로슈거 (Venti),2,0.02,,
기타차_제로칼로리 청포도 캐모마일티 제로슈거 (Venti),3,0.03,,
기타차_제로칼로리 청포도 캐모마일티 제로슈거 (초대용량),3,0.03,,
기타차_제주 그린티 브리즈 (Grande),47,0.0,,
기타차_제주 레몬 애플티 아이스(ICED),64,0.0,,
기타차_제주 레몬 애플티 핫(HOT),64,0.0,,
기타차_제주 키위 오션 그린티 (Grande),41,0.0,,
기타차_제주 한라봉 블랙티 아이스(ICED),41,0.0,,
기타차_제주 한라봉차 핫(HOT),46,0.12,,
기타차_제주당근오렌지티플레저 아이스(ICED),38,0.1,,
기타차_진저 배 티 아이스(ICED),33,0.21,,
기타차_진저 배 티 핫(HOT),41,0.0,,
기타차_청포도 그린티 (J),29,0.15,,
기타차_청포도 그린티 (L),29,0.21,,
기타차_청포도 그린티+알로에 (J),35,0.15,,
기타차_청포도 그린티+알로에 (L),35,0.21,,
기타차_청포도 자스민티 아이스(ICED) (J),20,0.0,,
기타차_청포도 자스민티 아이스(ICED) (L),21,0.0,,
기타차_청포도 자스민티 핫(HOT) (J),28,0.0,,
기타차_청포도 자스민티 핫(HOT) (L),24,0.0,,
기타차_체리 히비스커스티 아이스(ICED) (L),24,0.0,,5.81
기타차_체리 히비스커스티 아이스(ICED) (ML),21,0.0,,5.21
기타차_체리 히비스커스티 핫(HOT) (ML),25,0.0,,6.26
기타차_체리석류 (L),3,0.0,,
기타차_체리석류 (M),2,0.0,,
기타차_카페오르조,10,0.28,,
기타차_캐모마일리치티 아이스(ICED),28,0.0,0.0,6.88
기타차_캐모마일리치티 핫(HOT),36,0.01,0.0,8.95
기타차_트로피칼 후르츠티 아이스(ICED),11,0.01,,
기타차_트로피칼 후르츠티 핫(HOT),14,0.02,,
기타차_트로피컬망고 아이스(ICED),43,0.0,,10.85
기타차_패션 프룻 히비스커스 (J),22,0.0,,
기타차_패션 프룻 히비스커스 (L),22,0.0,,
기타차_패션 프룻 히비스커스 아이스(ICED) (J),20,0.0,,
기타차_패션 프룻 히비스커스 아이스(ICED) (L),21,0.0,,
기타차_패션 프룻 히비스커스 핫(HOT) (J),27,0.0,,
기타차_패션 프룻 히비스커스 핫(HOT) (L),24,0.0,,
기타차_폼폼 민트티 (Grande),44,0.0,,
기타차_폼폼 유스베리티 (Grande),44,0.0,,
기타차_피치 보이 아이스(ICED),0,11.44,,
기타차_피치 보이 핫(HOT),0,11.44,,
기타차_피치 아삭 오로라티,50,0.06,,
기타차_피치망고 (L),1,0.0,,
기타차_피치망고 (M),1,0.0,,
기타차_피치우롱스위티 아이스(ICED),21,0.14,,
기타차_피치우롱스위티 핫(HOT),32,0.21,,
기타차_핑크 리치 프룻티,51,0.04,,
기타차_핑크 파인 캐모마일티,52,0.0,,
기타차_하동매실피치티 아이스(ICED),41,0.09,0.12,9.67
기타차_하동매실피치티 핫(HOT),53,0.12,0.15,12.57
기타차_한라봉 티 핫(HOT),45,0.13,,
기타차_한라봉차,51,0.21,0.0,
기타차_한라봉차 (L),35,0.05,,
기타차_한라봉차 (R),45,0.08,,
기타차_한라봉차 아이스(ICED),46,0.12,,
기타차_한라봉티 아이스(ICED),55,0.08,,
기타차_한라봉티 핫(HOT),45,0.13,,
기타차_허니 캐모마일 아이스(ICED),1,0.0,,
기타차_허니 캐모마일 핫(HOT),1,0.0,,
기타차_화이트 템플티 아이스(ICED),0,0.0,,
기타차_화이트 템플티 핫(HOT),0,0.0,,
기타차_히비스커스 유자티 아이스(ICED),38,0.02,,
기타차_히비스커스 유자티 아이스(ICED),38,0.02,,
기타차_히비스커스 유자티 핫(HOT),48,0.06,,
기타차_히비스커스 유자티 핫(HOT),48,0.06,,
기피편,220,5.45,0.25,48.99
김구이_조미김,470,20.4,30.2,29.0
김국,13,0.9,0.25,2.34
김국,14,0.9,0.29,2.27
김말이튀김,132,1.1,5.42,19.56
김말이튀김,132,1.1,5.42,19.56
김말이튀김,195,2.05,7.2,30.51
김말이튀김,245,2.28,11.46,33.11
김말이튀김,132,1.1,5.42,19.56
김말이튀김,132,1.1,5.42,19.56
김무침,259,21.17,10.73,19.33
김밥,140,4.84,4.55,19.98
김밥,157,4.7,1.83,29.79
김밥,185,5.8,2.63,33.81
김밥_계란,97,4.3,2.34,14.22
김밥_계란,99,4.3,2.1,15.13
김밥_고추,94,3.2,1.63,16.5
김밥_김치,109,3.6,1.69,19.29
김밥_김치,130,4.3,4.03,19.17
김밥_날치알,177,6.1,4.26,28.66
김밥_날치알,104,4.2,1.9,17.28
김밥_돈가스,148,4.4,5.63,19.4
김밥_돈가스,202,5.77,5.81,31.64
김밥_멸치_고추,122,5.6,1.79,20.5
김밥_샐러드,162,3.85,5.41,24.58
김밥_샐러드,117,3.4,3.3,18.14
김밥_샐러리,130,2.8,4.2,19.75
김밥_소고기,108,4.0,2.47,16.88
김밥_소고기,110,4.1,2.3,17.46
김밥_소고기,160,6.39,3.85,25.01
김밥_소고기,179,6.46,5.56,25.78
김밥_참치,170,6.44,5.89,22.73
김밥_참치,128,5.3,3.93,17.49
김밥_참치,174,7.0,7.22,20.26
김밥_참치,128,5.3,3.93,17.49
김밥_참치,129,6.0,3.31,18.06
김밥_참치_고추,119,4.4,3.76,16.42
김밥_참치_김치,125,5.4,4.45,15.45
김밥_채소,105,3.3,1.96,18.08
김밥_채소,102,3.5,1.58,18.05
김밥_채소,102,3.5,1.58,18.05
김밥_채소,102,3.5,1.58,18.05
김밥_채소,158,4.6,3.65,26.65
김밥_치즈,177,6.24,7.03,22.1
김밥_치즈,122,4.6,2.96,18.66
김밥_풋고추,169,4.88,4.41,27.52
김부각,158,5.7,7.3,20.73
김부각,415,14.9,18.8,55.06
김부각,415,14.9,18.8,55.06
김치 고기만두,294,16.2,5.23,42.4
김치 고기만두,294,16.2,5.26,42.38
김치 고기만두,294,16.2,5.26,42.38
김치 돼지고기볶음,113,8.1,6.61,4.26
김치 돼지고기볶음,113,8.1,6.61,4.26
김치 돼지고기볶음,113,8.1,6.61,4.26
김치 된장국,15,1.1,0.38,1.97
김치 된장국,15,1.1,0.38,1.97
김치 볶음밥_모듬,129,3.8,2.69,21.49
김치 볶음밥_모듬,130,3.8,2.79,21.5
김치 볶음밥_치즈오븐김치볶음밥,160,8.29,6.36,16.5
김치 볶음밥_치즈오븐김치볶음밥,196,7.87,,
김치 청국장찌개,29,2.6,0.72,3.04
김치 청국장찌개,30,2.6,0.9,3.2
김치 콩나물국,10,1.2,0.24,1.12
김치 콩나물국,10,1.1,0.19,1.28
김치 콩나물국,11,0.9,0.28,1.41
김치 콩나물국,10,1.1,0.19,1.28
김치국,14,0.9,0.41,1.73
김치국,20,1.2,0.62,2.33
김치국,14,0.9,0.41,1.73
김치국,23,1.34,0.76,2.63
김치국_김치,12,0.67,0.15,2.15
김치국_김치_두부,18,1.52,0.59,1.86
김치국_김치_콩나물,10,0.94,0.27,1.38
김치국_김치_콩나물,12,1.09,0.31,1.65
김치국_두부,18,1.6,0.51,1.7
김치국_두부,18,1.6,0.51,1.7
김치국_콩나물,12,0.82,0.47,1.15
김치국_콩나물,8,0.6,0.18,1.08
김치국_콩나물,8,0.6,0.18,1.08
김치국_콩나물,8,0.6,0.18,1.08
김치국_콩나물,8,0.6,0.18,1.08
김치만두,76,5.9,2.05,7.9
김치만두,61,4.1,1.53,7.05
김치만두,28,1.8,0.72,3.4
김치만두,130,8.7,3.3,15.15
김치볶음,106,1.38,7.94,7.27
김치볶음,38,1.2,1.74,4.34
김치볶음,38,1.2,1.74,4.34
김치볶음,38,1.2,1.74,4.34
김치볶음,60,1.6,3.16,6.28
김치볶음_김치,54,1.39,3.0,5.51
김치볶음_김치,34,0.98,1.62,3.76
김치볶음_김치_참치,66,5.93,2.4,4.95
김치볶음_김치_참치,57,5.95,1.75,4.28
김치볶음_김치만,132,2.63,10.35,7.17
김치볶음_돼지고기,58,2.4,3.34,4.6
김치볶음_돼지고기,161,8.8,10.42,7.34
김치볶음_돼지고기,167,8.8,10.42,8.74
김치볶음_돼지고기,58,2.4,3.34,4.6
김치볶음_참치,72,5.0,3.47,5.44
김치볶음_참치,72,5.0,3.47,5.44
김치볶음_참치,239,16.9,16.18,6.21
김치볶음_참치,122,8.33,6.68,7.12
김치볶음_참치,64,5.0,2.85,4.73
김치볶음_햄,188,11.2,11.4,9.47
김치볶음_햄,91,4.2,6.81,3.23
김치순두부,42,4.7,1.8,1.54
김치순두부,42,4.7,1.8,1.54
김치순두부,42,4.7,1.8,1.54
김치순두부,42,4.7,1.8,1.54
김치순두부_돼지고기,26,3.0,0.89,1.48
김치순두부_바지락,50,5.7,1.78,2.48
김치순두부_바지락,37,4.2,1.39,1.58
김치순두부_해물,35,4.0,1.36,1.65
김치순두부_해물,35,4.0,1.36,1.65
김치순두부_해물,35,4.0,1.36,1.65
김치전,134,5.05,4.2,19.01
김치전,122,3.03,3.1,19.35
김치전,164,5.1,7.4,18.09
김치전,126,3.6,5.03,15.56
김치전_오징어,162,5.5,5.81,20.48
김치전_해물,68,2.9,2.62,7.52
김치전_해물,96,4.32,3.5,10.88
김치전골,40,3.0,1.02,4.91
김치전골,73,3.12,4.23,5.68
김치찌개,19,1.2,0.53,2.33
김치찌개,19,1.2,0.53,2.33
김치찌개,19,1.2,0.53,2.33
김치찌개,19,1.2,0.53,2.33
김치찌개,61,3.77,3.75,2.98
김치찌개_김치만,46,1.55,3.09,2.95
김치찌개_꽁치,45,4.1,2.21,2.06
김치찌개_꽁치,45,4.1,2.21,2.06
김치찌개_꽁치,47,4.3,2.3,2.44
김치찌개_꽁치,89,7.14,5.18,3.54
김치찌개_돼지고기,45,4.25,2.71,1.04
김치찌개_돼지고기,41,3.74,1.77,2.6
김치찌개_돼지고기,38,3.87,1.48,2.17
김치찌개_돼지고기,61,4.75,2.63,4.5
김치찌개_돼지고기_두부,41,4.1,1.62,2.35
김치찌개_돼지고기_두부,35,3.3,1.33,2.36
김치찌개_돼지고기_두부,30,3.4,0.92,1.81
김치찌개_돼지고기_두부,42,4.2,1.67,2.34
김치찌개_삼겹살,78,3.5,5.56,2.98
김치찌개_삼겹살,74,3.4,5.47,2.59
김치찌개_삼겹살,78,3.5,5.56,2.98
김치찌개_어묵,43,2.9,1.6,4.28
김치찌개_어묵,38,1.82,0.59,6.31
김치찌개_참치,36,4.61,0.98,2.28
김치찌개_참치,44,3.9,2.02,2.52
김치찌개_참치,37,4.78,1.01,2.16
김치찌개_참치,51,3.59,2.82,2.9
김치찌개_참치,39,4.69,1.12,2.44
김치찌개_햄,37,3.9,1.27,2.47
김치찌개_햄,44,2.7,1.68,4.65
김치찌개_햄,63,3.7,3.47,4.23
김치찌개_햄,37,2.6,1.66,2.92
김치찌개_햄,31,1.47,1.39,3.17
김치찌개_햄,39,2.8,1.74,3.27
김치찜_간편조리세트_돼지고기 김치찜,97,10.14,3.67,5.75
김치찜_간편조리세트_돼지고기 묵은지찜,52,4.9,2.26,2.99
김치찜_돼지고기,88,6.54,4.7,4.62
김치찜_돼지고기,63,4.8,2.7,4.78
김치찜_돼지고기,77,7.11,4.05,2.63
김치찜_돼지고기,82,5.8,5.0,3.17
김치찜_돼지고기_두부,44,3.8,1.91,2.86
김튀김,522,11.0,28.9,54.36
깍두기,33,1.56,1.06,4.24
깍두기,23,1.1,0.27,4.59
깍두기,40,1.36,0.21,8.27
깐쇼새우,150,7.9,6.28,14.7
깐풍기,190,13.3,7.7,16.42
깐풍기,156,16.0,6.22,7.07
깐풍기,156,16.0,6.22,7.07
깐풍기,156,16.1,6.23,6.93
깐풍새우,240,8.15,13.86,20.56
깨죽,64,1.71,1.99,9.91
깨찰빵_깨찰빵,375,4.17,,
깨찰빵_깨찰빵,302,4.0,,
깨찰빵_씨앗찰빵,366,6.0,,
깨찰빵_우리찹쌀모카찰떡빵,285,7.0,,
깨찰빵_쫀득고소한 추억의 찰깨빵,329,2.86,,
깨찰빵_쫀득쫀득한찰깨빵,373,3.64,12.73,63.64
깨찰빵_쫀득쫀득한찰깨빵 (2개입),373,3.64,12.73,63.64
깨찰빵_쫀득한모카찰깨빵,357,4.29,,
깻잎김치,62,2.82,1.72,8.92
깻잎김치,45,3.1,1.19,7.35
깻잎김치,41,3.2,0.79,7.13
깻잎김치,45,3.1,1.19,7.35
깻잎김치,83,3.44,2.44,11.77
깻잎나물,33,2.1,1.33,4.21
깻잎나물,146,4.23,11.49,6.42
깻잎나물,78,2.68,5.18,5.04
깻잎나물,47,2.8,1.91,6.25
깻잎나물,47,2.8,1.91,6.25
깻잎나물,63,2.7,3.7,6.0
깻잎나물_깻잎,33,2.12,1.33,4.36
깻잎나물볶음,103,3.75,7.2,5.75
깻잎장아찌,65,3.7,0.72,12.9
깻잎전,215,12.0,10.42,16.92
깻잎전,241,11.82,17.18,9.7
깻잎전,215,11.9,10.21,17.53
깻잎전,71,3.9,3.3,5.87
깻잎찜,48,3.04,1.02,8.1
깻잎찜,112,3.96,4.6,13.6
깻잎찜,30,1.7,0.91,4.59
깻잎찜,59,4.0,1.82,8.23
깻잎찜,60,2.98,1.87,9.07
깻잎찜,97,5.21,5.86,5.96
깻잎튀김,238,7.0,13.75,20.56
깻잎튀김,191,5.4,10.76,17.33
깻잎튀김,191,5.4,10.76,17.33
껍질콩볶음_맛살,98,3.3,5.08,9.35
꼬리곰탕,113,6.9,6.15,6.99
꼬리곰탕,40,2.3,2.17,2.29
꼬리곰탕_당면,67,3.9,4.11,2.96
꼬막무침,107,8.34,4.72,7.69
꼬막찜,96,12.03,2.28,6.97
꼬막찜,121,13.3,2.13,12.33
꼬막찜,30,4.01,0.54,2.19
꼬막찜_참꼬막,113,15.59,3.13,5.74
꼬치구이_닭고기,115,23.4,1.36,0.75
꼬치구이_닭고기,252,16.52,12.24,19.07
꼬치구이_닭고기,115,23.4,1.36,0.75
꼬치구이_닭고기,115,23.4,1.36,0.75
꼬치구이_닭고기_대파,245,17.85,14.7,10.35
꼬치구이_닭모래집_간장,160,27.8,2.29,5.58
꼬치구이_닭모래집_고추장,122,22.6,2.38,1.33
꼬치구치_낙지,94,16.43,1.59,3.53
꽁치구이,215,25.4,10.72,2.18
꽁치구이,196,21.64,10.1,2.81
꽁치구이,80,9.39,3.97,0.79
꽁치조림,244,15.52,17.87,5.14
꽁치조림,129,18.0,3.57,4.25
꽁치조림,131,18.1,3.58,4.51
꽁치조림_김치,61,6.0,2.63,3.57
꽁치조림_무,83,9.1,2.54,5.73
꽁치조림_무,83,9.1,2.54,5.73
꽁치조림_배추김치,81,7.25,3.25,5.52
꽁치조림_배추김치,88,10.29,2.52,5.79
꽁치조림_채소,88,10.59,2.6,5.36
꽁치조림_채소,72,8.85,1.9,4.75
꽁치찌개,118,8.0,7.77,4.07
꽁치찌개_김치,60,6.2,2.6,2.86
꽁치튀김,105,5.3,7.84,2.41
꽁치튀김,105,5.3,7.84,2.39
꽃게 매운탕,31,5.7,0.27,1.3
꽃게장_간장,62,7.02,1.1,6.04
꽃게장_양념,98,12.7,1.31,9.66
꽃게장_양념,97,10.23,0.61,12.61
꽃게찜,52,5.9,1.33,5.1
꽃게콩나물찜,52,5.86,1.34,5.1
꽃게탕,31,4.9,0.28,2.12
꽃게탕,23,3.1,0.41,1.83
꽃게탕,18,2.3,0.29,1.65
꽃게탕,23,2.8,0.41,2.25
꽃게탕,17,1.86,0.41,1.44
꽃게탕_간편조리세트_3마리꽃게탕,26,2.58,0.62,2.47
꽈리고추 오징어조림,135,14.3,5.67,6.39
꽈리고추볶음,145,2.4,9.86,12.59
꽈리고추볶음,145,2.4,9.86,12.59
꽈리고추볶음_멸치,79,8.0,2.74,5.6
꽈리고추볶음_잔멸치,152,12.2,6.33,11.91
꽈리고추볶음_잔멸치,154,12.3,6.44,11.94
꽈리고추볶음_잔멸치,64,7.6,2.23,3.1
꽈리고추볶음_잔멸치_호두,72,6.5,3.21,4.34
꽈리고추볶음_잔멸치_호두,72,6.5,3.21,4.34
꽈리고추조림_멸치,57,7.1,1.21,4.7
꽈리고추찜,36,1.3,0.68,6.55
꽈리고추찜,41,1.48,0.76,7.51
꽈리고추찜,104,3.59,2.09,17.69
꿀떡,228,3.74,1.73,49.48
꿀차_꿀과실차 대추,22,0.0,,
꿀차_꿀과실차 레몬,21,0.0,,
꿀차_꿀과실차 모과,22,0.0,,
꿀차_꿀과실차 생강,23,0.0,,
꿀차_꿀과실차 유자,21,0.0,,
꿀차_꿀과실차 자몽,22,0.08,,
꿩불고기,74,6.7,1.7,7.94
나박김치,10,0.46,0.38,1.15
나베_간편조리세트_통등심가스나베,170,5.41,9.52,15.71
나폴리탄 스파게티,116,3.6,1.38,22.5
낙지 덮밥,92,3.8,1.23,16.1
낙지 덮밥,92,3.8,1.23,16.1
낙지 덮밥,92,4.5,1.28,15.44
낙지 비빔밥,88,4.3,1.31,14.72
낙지 비빔밥,88,4.3,1.31,14.72
낙지 비빔밥,88,4.3,1.31,14.72
낙지 삼겹살 볶음,151,9.1,10.55,3.73
낙지무침,59,9.6,0.37,4.5
낙지무침,59,9.6,0.37,4.5
낙지무침,77,12.41,1.24,3.96
낙지볶음,91,5.77,3.77,8.6
낙지볶음,73,6.9,2.54,5.93
낙지볶음,136,12.6,4.79,11.29
낙지볶음,74,6.2,2.24,7.79
낙지볶음,136,12.6,4.79,11.29
낙지볶음_떡,105,16.1,0.75,8.21
낙지볶음_채소,67,5.42,1.59,8.11
낙지전골,51,6.5,1.14,3.72
낙지전골,35,4.19,0.6,3.56
낙지전골_간편조리세트_낙곱새,88,5.47,1.64,12.88
낙지찜,74,5.47,4.31,3.81
낙지탕,31,4.9,0.53,1.73
낙지탕(맑은탕),16,3.0,0.16,0.8
낙지탕(맑은탕),16,3.0,0.16,0.8
난자완스,198,7.9,13.51,10.16
난자완스,173,10.81,10.17,9.57
난자완스,194,7.8,13.47,10.36
내장전골,58,5.41,2.88,2.89
내장탕,33,2.2,1.98,1.59
내장탕,71,5.82,4.52,1.68
냉국_미역,37,0.19,0.67,7.51
냉국_미역_오이,6,0.37,0.15,0.85
냉면_물냉면,66,1.99,0.63,13.12
냉면_물냉면,96,3.64,0.68,18.29
냉면_물냉면,55,1.96,0.64,10.31
냉면_비빔냉면,131,3.43,3.61,21.1
냉면_비빔냉면,100,5.67,2.64,13.35
냉면_열무냉면,66,2.61,0.72,12.19
냉면_회냉면_홍어,148,5.81,4.02,22.21
냉이 된장국,15,1.3,0.42,1.72
냉이 된장국,16,1.4,0.4,2.11
냉이 된장국,20,2.1,0.43,2.46
냉이 된장국,15,1.3,0.42,1.72
냉이나물,111,5.02,3.07,15.7
냉이나물,33,2.4,0.86,5.44
냉이초나물,77,4.2,2.47,12.32
냉이초나물,77,4.2,2.47,12.32
냉채_닭고기,90,13.08,1.95,5.0
냉채_해파리,61,4.13,0.93,8.93
넙치(광어)회덮밥_양념장,77,4.27,1.06,12.64
넙치구이,116,13.6,6.33,0.03
넙치구이,116,13.6,6.33,0.03
노각무침,66,2.2,2.85,9.58
노각무침,66,2.2,2.85,9.58
노각무침,20,0.9,0.43,3.98
노각무침,20,0.9,0.43,3.98
노각무침,56,1.73,1.2,9.53
녹두빈대떡,176,9.4,5.68,21.43
녹두빈대떡,176,9.4,5.68,21.43
녹두빈대떡,193,10.2,5.71,24.55
녹두빈대떡,208,7.94,10.27,20.93
녹두빈대떡,249,13.4,7.48,31.36
녹두빈대떡_돼지고기,175,9.41,5.64,21.4
녹두빈대떡_채소,100,4.3,1.98,16.57
녹두빈대떡_해물,86,6.0,2.02,10.95
녹두빈대떡_해물_돼지고기,103,9.0,2.58,10.63
녹두빈대떡_해물_돼지고기,103,9.0,2.58,10.63
녹두전,92,5.0,4.27,8.41
녹두전,92,5.0,4.2,8.41
녹두전,92,5.0,4.2,8.41
녹차_그린티,0,0.0,,
녹차_그린티 아이스(ICED),0,0.0,,
녹차_그린티 아이스(ICED) (R),2,0.19,,
녹차_그린티 핫(HOT) (R),1,0.11,,
녹차_녹차,0,0.03,,
녹차_녹차 아이스(ICED),0,0.0,,
녹차_녹차 아이스(ICED),0,0.04,0.0,0.0
녹차_녹차 아이스(ICED),0,0.0,,
녹차_녹차 핫(HOT),1,0.0,,
녹차_녹차 핫(HOT),0,0.03,0.0,0.0
녹차_자스민 그린티 아이스(ICED),4,0.03,,
녹차_자스민 그린티 아이스(ICED) (J),2,0.15,,
녹차_자스민 그린티 아이스(ICED) (L),2,0.21,,
녹차_자스민 그린티 핫(HOT),6,0.05,,
녹차_자스민 그린티 핫(HOT) (J),2,0.21,,
녹차_자스민 그린티 핫(HOT) (L),2,0.24,,
녹차_제주 유기 녹차 아이스(ICED) (Tall),0,0.0,,
녹차_제주 유기 녹차 핫(HOT) (Tall),0,0.0,,
녹차_제주유기농녹차 아이스(ICED) (L),1,0.21,,
녹차_제주유기농녹차 핫(HOT) (L),0,0.0,,
녹차_프레시그린티 아이스(ICED),1,0.0,,
녹차_프레시그린티 핫(HOT),1,0.0,,
녹차_프루티 하동 아이스(ICED) (L),1,0.0,,
녹차_프루티 하동 핫(HOT) (L),1,0.0,,
녹차_하동 녹차 아이스(ICED),0,0.0,,
녹차_하동 녹차 핫(HOT),0,0.0,,
녹차_해남 녹차 아이스(ICED),1,0.0,,
녹차_해남 녹차 핫(HOT),1,0.0,,
누룽지,87,1.5,0.06,19.17
누룽지_뜨거운물첨가,69,1.32,0.1,15.06
느타리버섯 구이,60,2.1,4.44,5.75
느타리버섯볶음,56,1.4,4.8,3.18
느타리버섯볶음,56,1.4,4.8,3.18
느타리버섯볶음,87,3.61,4.66,7.69
느타리버섯볶음_느타리버섯,21,1.25,1.42,2.36
느타리버섯볶음_느타리버섯_채소,37,1.62,2.41,4.15
느타리버섯볶음_느타리버섯_채소,40,1.78,2.69,4.28
느타리버섯볶음_느타리버섯_채소,46,1.91,3.1,4.52
느타리버섯튀김,227,6.4,13.64,19.17
느타리버섯튀김,182,5.0,10.88,15.5
느타리버섯튀김,227,6.4,13.64,19.17
다슬기 된장국,22,2.1,0.67,2.48
다슬기 된장국,23,2.1,0.68,2.6
다슬기 된장국,23,2.1,0.68,2.6
다시마무침,48,2.57,1.18,6.8
다시마무침,60,3.1,3.35,6.96
다시마무침,61,3.1,3.39,7.02
다시마무침,60,3.1,3.35,6.96
다시마조림,60,3.1,3.35,6.96
다시마조림,61,3.1,3.39,7.02
다시마튀각,232,1.4,18.32,20.02
다시마튀각,462,8.44,26.52,47.32
다시마튀각,246,1.1,23.61,9.97
다식_송화,369,8.3,4.48,73.97
다쿠아즈,447,8.33,26.65,43.39
단무지,13,0.33,0.2,2.4
단무지무침,33,0.82,1.27,4.78
단무지무침,40,1.0,1.6,5.6
단무지무침,41,1.02,1.78,5.51
단무지무침,34,0.9,1.67,3.97
단무지무침,16,0.4,0.57,2.5
단호박 샐러드,125,1.2,9.28,10.27
단호박조림,99,3.1,1.29,21.41
단호박조림,71,2.2,0.94,15.18
단호박조림,71,2.2,0.94,15.15
단호박찜,41,0.93,0.16,10.04
달걀 샐러드,96,5.0,6.09,5.16
달걀 샐러드,165,6.0,13.17,5.49
달걀 샐러드,158,5.9,11.89,6.48
달걀_삶은것,150,12.8,10.65,0.63
달걀_삶은것_노른자,358,15.66,32.31,1.17
달걀_삶은것_흰자,48,11.42,0.29,0.01
달걀국,16,1.53,0.68,1.01
달걀국,13,0.93,0.74,0.69
달걀국,39,3.25,2.38,1.12
달걀국,22,2.07,0.98,1.12
달걀국,19,1.67,0.9,0.87
달걀국,19,1.5,1.19,0.37
달걀말이,193,17.21,13.21,1.45
달걀말이,169,10.6,12.78,1.31
달걀말이,176,11.2,13.06,1.77
달걀말이,169,10.6,12.78,1.31
달걀말이_달걀만,210,13.3,15.31,4.83
달걀말이_부추,102,6.7,6.93,2.3
달걀말이_부추,102,6.7,6.93,2.3
달걀말이_부추,102,6.7,6.93,2.3
달걀말이_부추,102,7.0,7.4,0.9
달걀말이_채소,183,11.15,13.31,4.62
달걀말이_채소,161,10.66,10.83,3.76
달걀말이_채소,181,11.53,12.41,4.35
달걀말이_채소,167,11.03,11.17,4.09
달걀말이_채소,95,6.4,6.92,0.94
달걀말이_햄_김,193,12.6,13.3,4.97
달걀부침(달걀후라이),178,10.97,12.76,3.05
달걀부침(달걀후라이),184,11.04,13.46,3.07
달걀부침(달걀후라이),208,15.73,13.78,5.15
달걀부침(달걀후라이),156,9.95,11.07,2.76
달걀부침(달걀후라이)_햄,277,12.71,21.59,8.06
달걀조림,84,7.0,3.92,4.36
달걀조림,84,6.9,3.9,4.63
달걀조림,84,6.7,3.48,5.87
달걀조림,109,9.01,4.79,6.53
달걀찜,119,11.1,7.01,1.66
달걀찜,119,11.1,7.01,1.66
달걀찜,119,11.1,7.01,1.66
달걀찜,119,11.1,7.01,1.66
달걀찜_달걀만,108,9.01,7.5,1.03
달걀찜_당근,69,6.12,3.6,2.3
달걀찜_당근,64,5.53,3.41,2.13
달걀찜_당근,69,6.24,3.64,2.21
달걀찜_두부,75,6.56,4.01,2.49
달걀찜_새우젓,71,6.5,4.32,0.83
달걀찜_새우젓,44,4.0,2.31,1.25
달걀찜_새우젓,71,6.5,4.32,0.83
달걀찜_새우젓,58,4.98,4.04,0.47
달걀찜_우유,105,8.23,6.31,3.8
달걀찜_채소,89,4.76,5.77,4.46
달걀탕_순두부,29,1.78,2.04,0.94
달걀튀김,256,10.2,16.26,14.74
달걀후라이,184,11.0,13.45,3.07
달걀후라이,178,11.0,12.76,3.05
달래 된장국,39,3.0,1.85,2.55
달래 된장국,38,3.0,1.85,2.57
달래무침,68,2.6,3.2,8.48
달래무침,34,1.4,1.31,4.85
달래무침,82,3.1,3.88,10.23
달래무침,91,2.67,1.87,15.87
달래무침,63,2.92,3.02,6.07
달래무침_오이,52,1.6,1.8,8.73
닭가슴살 샐러드_드레싱,37,4.1,1.36,2.03
닭가슴살 샐러드_드레싱,37,4.1,1.36,2.03
닭가슴살 샐러드_마요네즈,54,4.0,2.96,2.82
닭강정,146,13.5,4.3,12.02
닭강정,146,13.5,4.3,12.02
닭강정,219,17.9,6.21,21.41
닭강정,219,17.9,6.21,21.41
닭고기 덮밥,89,4.3,0.38,16.36
닭고기 덮밥,102,5.6,0.72,17.33
닭고기 덮밥,102,5.6,0.72,17.33
닭고기 덮밥,97,5.3,0.7,16.4
닭고기 미역국,21,3.2,0.74,0.71
닭고기 미역국,21,3.2,0.74,0.71
닭고기 미역국,21,3.2,0.74,0.71
닭고기 미역국,21,3.2,0.74,0.71
닭고기 샐러드,88,6.7,5.55,2.82
닭고기 샐러드,88,6.7,5.55,2.82
닭고기 샐러드,109,8.6,6.85,3.17
닭고기 탕수,95,7.4,3.15,8.8
닭고기 탕수,95,7.4,3.15,8.8
닭고기냉채,72,10.8,0.92,5.72
닭고기냉채,64,9.6,0.82,5.06
닭고기냉채,73,10.8,0.92,5.74
닭고기육개장,43,4.35,2.06,1.96
닭고기육개장,39,4.96,1.07,2.5
닭고기육개장,31,3.26,1.51,1.28
닭고기육개장,28,2.64,1.32,1.52
닭곰탕,51,7.51,1.42,2.0
닭곰탕,50,6.35,1.8,1.71
닭곰탕,48,4.6,1.98,2.73
닭곰탕,59,5.18,2.36,4.06
닭곰탕,48,4.3,1.83,3.32
닭구이,110,10.59,5.71,3.31
닭구이,76,7.07,3.77,3.01
닭구이,119,24.4,1.46,0.58
닭구이,257,26.21,13.39,7.8
닭구이,96,11.19,3.33,4.57
닭구이_바베큐치킨스테이크,225,17.0,,
닭껍데기튀김_BBQ 닭껍데기,616,20.42,,
닭꼬치구이,181,32.1,2.58,5.55
닭날개구이,129,11.25,7.25,3.84
닭날개구이,218,21.6,12.64,2.34
닭날개구이,121,11.12,6.51,3.77
닭날개구이,218,21.6,12.64,2.34
닭다리구이,227,20.2,14.82,0.62
닭다리구이,209,19.9,13.7,0.13
닭다리구이,88,8.72,4.72,2.18
닭다리구이,90,8.53,4.69,2.72
닭다리구이_자메이카 통다리구이,201,20.6,,
닭다리구이_자메이카 통다리구이 반마리,201,20.6,,
닭다리조림,182,14.0,8.86,9.19
닭다리조림,179,14.0,8.87,9.13
닭다리튀김_간장,323,18.86,19.6,17.88
닭다리튀김_다리 스틱,239,24.23,,
닭다리튀김_봉 (5조각),202,24.22,,
닭다리튀김_치킨다리 (1조각),184,13.61,,
닭다리튀김_황금올리브치킨 닭다리,244,20.78,,
닭다리튀김_황올 반+양념 반 닭다리 치킨,241,16.32,,
닭도리탕,122,9.82,5.33,8.85
닭도리탕,116,9.5,4.83,8.71
닭도리탕,78,6.51,3.34,5.6
닭도리탕,49,5.0,1.24,4.2
닭모래집볶음,72,8.19,2.28,3.82
닭모래집볶음,176,28.11,5.8,2.82
닭모래집튀김,312,18.73,17.73,19.4
닭모래집튀김_매콤똥집튀김,325,26.0,,
닭발구이,196,18.15,9.41,9.7
닭발구이_마닭 불닭발,156,21.4,,
닭발구이_무뼈닭발,169,17.34,,
닭발구이_불닭발,235,17.0,,17.0
닭발구이_참숯닭발,340,22.0,,
닭발구이_한입쏙직화 닭발,148,11.88,,
닭발볶음,186,13.8,9.38,11.72
닭발튀김_황올한 닭발튀김,448,17.63,,
닭백숙,56,4.23,2.11,4.49
닭백숙,102,10.1,0.69,12.78
닭볶음,137,14.7,3.01,12.63
닭볶음(닭갈비),186,13.98,10.96,7.93
닭볶음(닭갈비),132,11.2,3.98,12.53
닭볶음(닭갈비),166,13.9,5.76,14.5
닭볶음(닭갈비),133,10.9,3.74,13.79
닭볶음(닭갈비),149,11.48,6.45,11.23
닭볶음(닭갈비),166,13.9,5.76,14.5
닭볶음(닭갈비)_간편조리세트_모짜렐라 치즈 닭갈비,150,11.59,5.41,13.82
닭볶음(닭갈비)_간편조리세트_치즈 품은 닭갈비,160,9.5,5.62,17.96
닭볶음(닭갈비)_간편조리세트_치즈이불 닭갈비,162,11.4,6.48,14.49
닭볶음(닭갈비)_닭가슴살_피망,122,16.39,5.65,1.38
닭볶음(닭갈비)_매운양념,165,13.93,5.76,14.5
닭볶음(닭갈비)_매운양념,132,10.95,3.74,13.78
닭볶음(닭갈비)_매운양념,131,11.24,3.98,12.54
닭볶음(닭갈비)_매운양념_치즈,168,14.44,5.45,14.98
닭볶음탕,111,11.91,3.22,8.52
닭볶음탕_간편조리세트_곱도리탕,107,6.66,4.21,10.62
닭조림,66,6.2,1.56,6.36
닭조림,117,10.45,5.42,6.4
닭조림,121,10.53,4.92,8.29
닭조림,197,18.03,10.9,6.57
닭조림,111,10.5,3.63,8.84
닭조림_고추장,152,9.12,6.94,13.25
닭죽,44,2.68,0.57,7.14
닭죽,135,6.6,4.78,15.17
닭죽,138,9.2,0.67,22.72
닭죽,112,5.7,2.58,15.7
닭죽,111,7.7,0.55,18.13
닭죽_채소,111,5.56,2.05,16.57
닭죽_채소,115,6.99,2.96,14.34
닭죽_채소,99,5.88,2.45,12.77
닭찜,134,10.3,5.6,10.01
닭찜,134,10.3,5.6,10.01
닭찜,107,12.37,6.09,0.6
닭찜_간장,111,8.97,4.8,7.57
닭찜_간장,109,9.2,4.31,8.11
닭찜_간장,102,8.59,3.77,8.27
닭찜_간장,85,12.1,1.36,5.07
닭찜_간편조리세트_안동식 찜닭,136,7.22,3.32,19.38
닭찜_매운양념,106,9.16,4.87,6.18
닭찜_매운양념,98,8.1,3.55,8.33
닭찜_매운양념,114,9.11,4.73,8.71
닭찜_안동찜닭,91,7.61,2.59,9.3
닭튀김,183,9.5,11.67,8.5
닭튀김,301,21.73,16.57,16.27
닭튀김,153,15.5,7.36,4.56
닭튀김,155,16.3,6.6,5.92
닭튀김,172,17.6,6.34,9.15
닭튀김 샐러드,79,3.8,5.3,3.98
닭튀김 샐러드,79,3.8,5.3,3.98
닭튀김 샐러드,79,3.8,5.3,3.98
닭튀김 샐러드,79,3.8,5.3,3.98
닭튀김_New치킨너겟,237,16.24,,
닭튀김_No.1포테이토닥토닭 치킨,286,16.98,,
닭튀김_간장 치킨,275,22.15,,
닭튀김_간장 치킨,233,23.0,,
닭튀김_간장 치킨,327,27.48,,12.38
닭튀김_갈비천왕 치킨,194,26.8,,4.19
닭튀김_강정 치킨,275,18.63,,
닭튀김_고추바사삭 치킨,234,23.71,,8.35
닭튀김_교촌순살 치킨,395,28.74,,
닭튀김_교촌순살 치킨 (S),395,28.74,,
닭튀김_교촌오리지날 치킨,314,28.68,,
닭튀김_교촌윙 치킨,377,29.14,,
닭튀김_교촌윙 치킨 (S),377,29.14,,
닭튀김_교촌콤보 치킨,319,28.37,,
닭튀김_교촌콤보 치킨 (S),319,28.37,,
닭튀김_극장판치킨 고추치즈편,398,27.93,,
닭튀김_극한왕갈비 치킨,322,15.8,,
닭튀김_깐풍요리 치킨,287,22.61,,14.38
닭튀김_꿀잼 치킨,286,21.6,,
닭튀김_꿔바로우 치킨,257,19.08,,
닭튀김_날개,257,17.17,16.27,10.49
닭튀김_날다닭 치킨,271,20.0,,
닭튀김_날다닭간장 치킨,235,24.0,,
닭튀김_날다닭마늘 치킨,233,29.0,,
닭튀김_너겟,332,15.3,22.7,16.63
닭튀김_눈맞은 치킨,292,22.16,,
닭튀김_다리(넓적다리),277,21.61,16.53,9.08
닭튀김_다리(아랫다리),268,21.95,15.75,8.28
닭튀김_단짠갈릭 치킨,309,15.79,,
닭튀김_닭가슴살,252,21.0,9.7,20.2
닭튀김_두마리같은한마리치킨주세요,282,23.88,,
닭튀김_땡초 치킨,266,21.84,,12.15
닭튀김_땡초불꽃 치킨,243,20.7,,15.15
닭튀김_레드순살 치킨,381,28.83,,
닭튀김_레드순살 치킨 (S),381,28.83,,
닭튀김_레드오리지날 치킨,332,26.53,,
닭튀김_레드윙 치킨,355,28.87,,
닭튀김_레드윙 치킨 (S),355,28.87,,
닭튀김_레드콤보 치킨,303,26.29,,
닭튀김_레드콤보 치킨 (S),303,26.29,,
닭튀김_레몬크림탕슈 안심 순살,633,13.3,,58.1
닭튀김_레블반반콤보 치킨,318,24.29,,
닭튀김_레허반반순살 치킨,364,23.95,,
닭튀김_로스트 치킨 윙/봉(10조각),191,19.25,,
닭튀김_로스트 치킨 윙/봉(2조각),191,19.24,,
닭튀김_로스트 치킨 윙/봉(6조각),191,19.25,,
닭튀김_리얼 치킨 꿔바로우,198,10.84,,24.83
닭튀김_리얼후라이드 치킨,268,22.91,,
닭튀김_마늘 치킨,240,27.0,,
닭튀김_마늘스태미나 치킨,260,19.04,,
닭튀김_마늘알마니 치킨,233,17.96,,14.5
닭튀김_마라윙&봉 (10조각),184,12.0,,
닭튀김_마라윙&봉 (4조각),230,22.5,,
닭튀김_매달구 치킨,250,23.92,,
닭튀김_매운 간장 치킨,358,26.99,,13.37
닭튀김_매운 양념 치킨,278,23.64,,15.49
닭튀김_매운양념 치킨,297,16.75,,
닭튀김_매운양념 치킨 반마리,130,8.38,,
닭튀김_맵소이닭 치킨,232,24.0,,
닭튀김_맵슐랭 치킨 오리지널,259,24.0,,
닭튀김_모두의마요 치킨,256,25.43,,9.65
닭튀김_목,330,19.82,23.52,8.7
닭튀김_바삭갈릭 치킨,311,18.29,,
닭튀김_바삭담백한 후라이드 치킨,293,25.3,,
닭튀김_반반순살 치킨,396,26.0,,
닭튀김_반반오리지날 치킨,323,27.6,,
닭튀김_반반윙 치킨,366,29.0,,
닭튀김_반반콤보 치킨,311,27.33,,
닭튀김_버팔로 윙/봉 (10개),213,15.39,,
닭튀김_버팔로 윙/봉 (2개),244,20.0,,
닭튀김_버팔로 윙/봉 (4개),244,20.0,,
닭튀김_버팔로스틱,165,17.0,,
닭튀김_버팔로윙,210,18.0,,
닭튀김_버팔로윙&봉 (10조각),207,22.98,,
닭튀김_버팔로윙&봉 (4조각),207,22.98,,
닭튀김_버팔로윙(10개),200,12.0,11.0,13.0
닭튀김_버팔로윙(4개),200,12.0,11.0,13.0
닭튀김_볼케이노 치킨,196,24.0,,6.0
닭튀김_불금 치킨,228,22.94,,9.18
닭튀김_불짬뽕 치킨,280,18.11,,19.11
닭튀김_불패 치킨,250,23.0,,
닭튀김_블랙시크릿 순살 치킨,362,21.13,,
닭튀김_블랙시크릿 순살 치킨 (S),362,21.13,,
닭튀김_블랙시크릿 오리지날 치킨,313,22.47,,
닭튀김_블랙시크릿 콤보 치킨,332,22.3,,
닭튀김_블랙시크릿 콤보 치킨 (S),332,22.3,,
닭튀김_블랙페퍼 반+레드착착 반 치킨,306,20.88,,
닭튀김_살살후라이드 미니 치킨,325,18.88,,
닭튀김_살살후라이드 치킨,325,18.88,,
닭튀김_살코기,289,22.54,17.35,9.42
닭튀김_생그라나 치킨,265,24.0,,
닭튀김_소보로 치킨,282,18.0,,
닭튀김_소이갈릭스 치킨,309,21.44,,
닭튀김_순살 뿌리고 치킨 매콤달콤한맛,315,20.59,,17.08
닭튀김_순살 뿌리고 치킨 오리지날,258,21.19,,12.92
닭튀김_순살치킨,243,16.0,,
닭튀김_순살치킨 앤 프라이,255,11.54,,
닭튀김_순살치킨 풀팩,271,15.81,,
닭튀김_순살치킨 하프팩,270,15.84,,
닭튀김_쉑쉑양꼬치킨,300,23.96,,
닭튀김_스리라차 치킨,239,19.0,,
닭튀김_스모크 치킨,271,22.13,,
닭튀김_스모크 치킨 반마리,136,11.07,,
닭튀김_스윗츠갈릭 치킨,279,20.76,,19.74
닭튀김_스파이시그릴스테이크,218,18.0,,
닭튀김_시그니처순살 치킨 세트,374,25.54,,
닭튀김_아빠의제주깜슐랭 치킨,273,18.67,,
닭튀김_양념,276,17.75,13.4,21.15
닭튀김_양념,125,10.7,6.16,6.3
닭튀김_양념,128,10.8,3.66,12.56
닭튀김_양념,183,8.0,9.79,14.94
닭튀김_양념,222,20.6,5.36,21.96
닭튀김_양념 치킨,248,21.04,,14.62
닭튀김_양념 치킨,248,19.44,,18.7
닭튀김_양념 치킨,284,23.0,,
닭튀김_양념너겟 어니언,239,15.55,,
닭튀김_양념너겟 치즈,242,16.02,,
닭튀김_양념너겟 칠리,238,15.81,,
닭튀김_양념히어로 치킨,221,21.56,,13.9
닭튀김_오리지날 양념 치킨,270,16.34,,
닭튀김_오리지날 양념 치킨 반마리,270,16.34,,
닭튀김_오븐 바사삭 윙 치킨,230,26.29,,7.14
닭튀김_오븐 바사삭 치킨,230,26.29,,7.14
닭튀김_오븐훈제치킨,184,27.45,,
닭튀김_요거치즈닝치킨 안심 순살,206,16.76,,18.76
닭튀김_윙 (5조각),225,26.72,,
닭튀김_윙+다리 치킨,282,23.59,,9.88
닭튀김_윙봉스 치킨,289,22.0,,
닭튀김_윙봉스간장 치킨,266,23.0,,
닭튀김_윙봉스마늘 치킨,284,23.0,,
닭튀김_자메이카 소떡만나 치킨,287,17.43,,
닭튀김_자메이카 소떡만나 치킨 콤보,272,16.23,,
닭튀김_자메이카 소떡만나치 킨 순살,275,19.01,,
닭튀김_조선레드 치킨,270,23.41,,
닭튀김_지파이 고소한맛(S),310,14.4,,
닭튀김_지파이 하바네로(L),266,17.38,,
닭튀김_착착갈릭 치킨,322,16.23,,
닭튀김_청양고추마요 치킨,314,16.7,,16.0
닭튀김_치요링 치킨,257,22.0,,
닭튀김_치즈바사삭 치킨,228,24.47,,9.82
닭튀김_치킨 스틱&윙,231,22.94,,
닭튀김_치킨텐더,213,18.61,,
닭튀김_치킨텐더 (4조각),201,19.79,,
닭튀김_치킨텐더 (6조각),214,18.78,,
닭튀김_치킨휠레 (2조각),238,18.88,,
닭튀김_치킨휠레 (4조각),239,19.0,,
닭튀김_크런치 순살크래커 치킨,263,18.49,,
닭튀김_크런치 올치팝,274,13.03,,
닭튀김_크리미양파 치킨,236,20.0,,
닭튀김_크리미어니언 치킨,261,12.79,,
닭튀김_크리스피 반+레드착착 반 치킨,315,20.21,,
닭튀김_크리스피 반+블랙페퍼 반 치킨,314,20.18,,
닭튀김_크리스피 빠삭치킨,305,10.91,,
닭튀김_크리스피 후라이드 치킨,314,22.55,,
닭튀김_타코마요 치킨,290,20.08,,11.08
닭튀김_텐더 치킨(10조각),255,13.85,,
닭튀김_텐더 치킨(2조각),255,9.57,,
닭튀김_텐더 치킨(6조각),255,13.85,,
닭튀김_티키타코 순살 치킨,303,17.0,,
닭튀김_파닭 치킨,224,20.0,,
닭튀김_파더’s 치킨,220,22.52,,
닭튀김_파채소이살살 치킨,204,8.53,,
닭튀김_프라임핫쵸킹 치킨,278,18.95,,
닭튀김_핫쵸킹 치킨,287,21.16,,
닭튀김_핫황금올리브 치킨 크리스피,323,19.5,,
닭튀김_핫황금올리브 치킨 크리스피 반마리,323,19.5,,
닭튀김_핫후라이드 치킨,263,23.0,,
닭튀김_핫훈제치킨,140,22.0,,
닭튀김_허니멜로 치킨,216,26.0,,4.34
닭튀김_허니순살 치킨,346,19.08,,
닭튀김_허니순살 치킨 (S),346,19.08,,
닭튀김_허니오리지날 치킨,329,21.24,,
닭튀김_허니점보윙 치킨,356,23.65,,
닭튀김_허니콤보 치킨,319,18.59,,
닭튀김_호식이 안심텐더,244,17.03,,18.33
닭튀김_화이어윙 (2조각),209,10.12,,
닭튀김_화이어윙 (4조각),210,10.12,,
닭튀김_황금올리브 치킨,254,18.77,,
닭튀김_황금올리브 치킨 레드착착,308,20.91,,
닭튀김_황금올리브 치킨 레드착착 반마리,154,10.46,,
닭튀김_황금올리브 치킨 반마리,254,18.77,,
닭튀김_황금올리브 치킨 블랙페퍼,304,20.85,,
닭튀김_황금올리브 치킨 블랙페퍼 반마리,304,20.85,,
닭튀김_황금올리브 치킨 속안심,269,23.94,,
닭튀김_황금올리브 치킨 콤보,288,20.94,,
닭튀김_황금올리브 치킨 크런치 버터,301,19.78,,
닭튀김_황금올리브 치킨 핫윙,313,17.09,,
닭튀김_황금올리브 치킨 핫윙 냉장,313,17.09,,
닭튀김_황올 반+매운양념 반 치킨,275,17.76,,
닭튀김_황올 반+양념 반 치킨,254,18.77,,
닭튀김_황올 반+양념 반 콤보 치킨,280,17.42,,
닭튀김_황올 반+크리스피 반 치킨,288,19.14,,
닭튀김_황올한 깐풍 치킨,257,15.71,,
닭튀김_황올한 깐풍 치킨 반마리,257,15.71,,
닭튀김_후라이드 치킨,282,23.0,,
닭튀김_후라이드 치킨,270,24.67,,6.86
닭튀김_훈제치킨,140,22.0,,
당근볶음,95,0.93,6.63,7.79
대구 매운탕,31,5.1,0.35,2.09
대구 매운탕,54,9.2,0.8,2.62
대구 매운탕,52,7.8,1.08,2.85
대구 매운탕_내장,39,6.6,0.48,2.32
대구 매운탕_내장_알,41,6.7,0.53,2.72
대구볼찜,45,4.23,1.23,5.37
대구지리,16,2.7,0.21,0.86
대구지리,19,3.4,0.26,1.06
대구지리,37,6.5,0.49,1.98
대구지리,19,3.4,0.25,1.02
대구찜,57,8.3,1.18,3.32
대구찜,75,10.34,1.58,4.94
대구찜,57,8.3,1.18,3.32
대구탕,45,4.7,0.89,5.03
대구튀김,285,27.0,12.5,13.28
대구포,141,31.97,0.4,2.33
대창구이_소고기,595,9.11,60.25,4.05
대추차_대추차 아이스(ICED),37,0.14,,
대추차_대추차 아이스(ICED) (L),53,0.0,,
대추차_대추차 아이스(ICED) (M),56,0.0,,
대추차_대추차 핫(HOT),44,0.21,,
대추차_대추차 핫(HOT) (L),53,0.0,,
대추차_대추차 핫(HOT) (M),56,0.0,,
대추차_사과 대추차,30,0.0,,
대합 미역국,7,0.7,0.22,0.67
대합 미역국,7,0.8,0.24,0.57
대합죽,136,3.2,3.49,21.76
대합죽,106,2.5,2.89,16.61
더덕구이,108,1.86,2.14,22.34
더덕구이,161,3.7,3.34,31.56
더덕구이,184,3.1,5.2,31.1
더덕무침,111,2.3,2.76,20.64
더덕무침,65,1.29,0.65,14.72
더덕무침,111,2.3,2.76,20.64
닭튀김_후라이드 치킨,287,28.93,,8.1
더덕무침,144,2.87,1.87,28.93
더덕장아찌,118,2.0,5.07,17.5
더덕장아찌,141,4.47,0.89,28.9
덮밥_낙지,150,5.88,3.34,24.12
덮밥_닭고기,125,11.4,2.18,14.82
덮밥_돼지고기(제육),202,9.43,10.77,16.86
덮밥_불고기,182,6.6,5.31,26.96
덮밥_송이버섯,97,3.04,2.34,15.93
덮밥_오징어,135,7.18,2.01,21.94
덮밥_유산슬,105,4.9,3.46,13.44
덮밥_장어,179,7.52,5.74,24.34
덮밥_참치,136,5.84,3.35,20.59
덮밥_해물,110,6.01,3.21,14.35
도가니탕,40,8.35,0.33,0.82
도넛_BEURRE 버터넛,425,4.11,19.18,58.9
도넛_BEURRE 헤이즐넛&바닐라 도넛,451,4.41,27.94,45.59
도넛_가을 밤 필드,358,5.0,,
도넛_고구마품은 꽈배기,339,5.71,,
도넛_골드초코 허니비 도넛,479,6.41,,
도넛_골든 카레 초코 퍼프,321,5.26,,
도넛_그리핀도르,454,5.75,,
도넛_글레이즈드 사워크림,420,2.5,,
도넛_글레이즈드 사워크림 도넛,426,2.5,,
도넛_글레이즈드 초콜릿 케익 도넛,416,3.75,,
도넛_글레이즈츄잉스타,404,1.92,,
도넛_기라델리민트초코링 도넛,388,5.56,,
도넛_깨찰 도넛,384,3.57,,
도넛_깨찰 도넛,444,4.44,,
도넛_꿀고구마 브륄레 도넛,304,3.7,,
도넛_꿀고구마 츄이스티,440,2.0,,
도넛_남해마늘로만든버터갈릭 꽈배기,420,8.04,,
도넛_뉴욕 치즈케익 도넛,369,5.56,,
도넛_뉴패스트리 도넛,408,6.12,,
도넛_다크초코링도넛,469,6.15,24.62,46.15
도넛_다크초코츄잉스타,444,3.7,,
도넛_단팥 도넛,310,6.67,9.52,44.76
도넛_단팥도너츠,304,8.75,,
도넛_단팥품은 꽈배기,330,6.09,,
도넛_달콤한 꿀도넛,343,5.71,10.29,60.0
도넛_달콤한 왕꽈배기,377,5.45,,
도넛_달콤한 우리찹쌀 왕꽈배기,378,6.09,,
도넛_달콤한꿀도넛 (3개입),348,4.76,10.48,59.05
도넛_달콤한꿀도넛 (4개입),350,5.0,10.0,59.29
도넛_달콤한꿀도넛 (5개입),349,5.14,10.29,59.43
도넛_더블카라멜 도넛,362,5.63,,
도넛_더쫄깃해진그때그도나쓰(5개입),294,4.58,,
도넛_던킨 카페모카롤,441,5.26,,
도넛_던킨카페모카롤,433,5.26,22.37,52.63
도넛_데니쉬 꽈배기,442,8.0,,
도넛_돌돌말린소시지 도넛,341,7.06,15.29,45.88
도넛_돌돌말린소시지도넛,347,7.06,,
도넛_동글아기찹쌀 도넛,357,4.76,,
도넛_두바이 스타일 초코,497,6.94,,
도넛_두바이 스타일 초콜릿 도넛,478,8.62,,
도넛_디어 마이 러브 도넛,458,3.9,27.27,49.35
도넛_딸기 와플넛,416,5.56,,
도넛_딸기 요거트 크림도넛,353,5.17,,
도넛_딸기 우유크림 듬뿍 도넛,405,5.75,,
도넛_딸기 크림 가득 수줍은 스마일,437,5.26,,
도넛_딸기마카롱 도넛,433,7.69,,
도넛_딸기츄이스티 도넛,450,1.92,,
도넛_딸기필링 듬뿍 생도넛,337,4.82,,
도넛_또르체티 이탈리아 꽈배기과자,463,7.5,,
도넛_라이브 글레이즈드,415,6.06,,
도넛_라즈베리 치즈케이크 퍼프,379,6.25,,
도넛_라즈베리블라썸 도넛,338,4.41,,
도넛_래번클로,388,5.17,,
도넛_러블리듀얼하트 도넛,353,4.05,,
도넛_레드벨벳 먼치킨 도넛,486,3.57,27.14,57.14
도넛_레몬 도넛,404,7.8,,
도넛_레몬 크림도넛,319,5.17,,
도넛_레몬 크림브륄레 도넛,333,4.55,,
도넛_레몬 파운드 도넛,446,4.17,,
도넛_레이디버그 도넛,481,6.49,,
도넛_레인보우 원더볼,484,3.18,,
도넛_로우슈가 초코링,453,5.66,,
도넛_로투스 비스코프 도넛,456,6.1,,
도넛_루비초코 블라썸 도넛,400,5.19,,
도넛_링도넛,515,7.85,33.17,46.16
도넛_마이볼,393,5.33,,
도넛_마쵸 머스태쉬 도넛,420,5.66,,
도넛_맘모스 듀얼필드,414,5.26,,
도넛_메이플링 도넛,478,10.2,,
도넛_모카무스 초코퍼프,427,6.8,,
도넛_못난이찹쌀 꽈배기,291,7.27,,
도넛_못난이찹쌀고구마크림치즈 도넛,293,6.81,,
도넛_못난이찹쌀고구마크림치즈도넛,293,6.81,,
도넛_못난이찹쌀깨찰 도넛,560,1.0,,
도넛_못난이찹쌀깨찰도넛,560,1.0,,
도넛_못난이찹쌀꽈배기,291,7.27,,
도넛_못난이찹쌀모짜렐라치즈 도넛,276,10.71,,
도넛_못난이찹쌀모짜렐라치즈도넛,276,10.72,,
도넛_못난이찹쌀유자 도넛,271,6.57,,
도넛_딸기 도넛,404,7.8,,
도넛_못난이찹쌀유자도넛,271,6.57,,
도넛_못난이찹쌀팥 도넛,279,7.0,,
도넛_못난이찹쌀팥도넛,279,7.0,,
도넛_미니 오리지널 글레이즈드,435,8.7,,
도넛_미니 오리지널 글레이즈드 도넛,439,8.7,,
도넛_미니찹쌀 도넛,400,5.71,9.14,71.43
도넛_미니찹쌀 도넛,366,4.0,,
도넛_미니찹쌀 도넛 (3개입),395,4.76,9.52,72.38
도넛_미니찹쌀 도넛 (4개입),393,5.0,9.29,72.14
도넛_미니찹쌀 도넛 (5개입),394,5.14,9.14,72.0
도넛_미니찹쌀도너츠,466,5.26,,
도넛_미니찹쌀도넛,400,5.71,,
도넛_미니찹쌀도넛(3개입),395,4.76,,
도넛_미니찹쌀도넛(4개입),393,5.0,,
도넛_미니찹쌀도넛(5개입),397,5.14,,
도넛_밀크크림 플라워 도넛,415,5.63,,
도넛_바나나크림도넛(1개입),402,5.36,,
도넛_바닐라 도넛,404,7.8,,
도넛_바닐라 슈크림도넛,310,5.17,,
도넛_바닐라빈 바이츠 도넛,404,7.04,15.49,59.15
도넛_바닐라초코볼 도넛,326,5.88,,
도넛_바바리안 먼치킨,400,6.0,,
도넛_바바리안 먼치킨 도넛,400,6.0,20.0,50.0
도넛_바바리안 필드,358,3.33,,
도넛_바바리안필드 도넛,378,5.0,18.33,48.33
도넛_바삭64겹 꽈배기,443,8.0,,
도넛_바질 에그베네딕트,312,9.9,,
도넛_밤티라미수 퍼프,348,5.71,,
도넛_베리머치 퍼프,329,4.71,,
도넛_베리베리크림 도넛,365,5.0,,
도넛_베이크드 헤이즐넛 쇼콜라넛,435,6.92,,
도넛_벨지안초코 도넛,418,7.35,,
도넛_보스톤 크림,373,4.48,,
도넛_보스톤크림 도넛,364,4.48,17.91,46.27
도넛_생도넛,450,7.5,,
도넛_생도넛,496,5.71,,
도넛_생크림폭탄 도넛,364,5.45,21.82,34.55
도넛_생크림폭탄 도넛 (3개입),364,6.06,22.42,34.55
도넛_서울우유 크림도넛,321,5.36,,
도넛_소금 우유도넛,445,3.33,,
도넛_소금우유 도넛,460,3.33,25.0,51.67
도넛_소보로만난 앙넛,391,7.27,,
도넛_솔티드 쿠키도우 도넛,459,3.47,,
도넛_솔티연유 퍼프,365,6.74,,
도넛_솔티카라멜바이츠 도넛,392,5.41,,
도넛_송사부 꽈배기,382,7.89,,
도넛_슈거글레이즈도넛,370,8.0,,
도넛_슈거코티드,444,6.67,,
도넛_슈거코티드 도넛,444,6.67,,
도넛_슈크림브륄레,336,4.69,,
도넛_슈크림카스테라,370,6.82,,
도넛_스노우 원더볼,475,3.33,,
도넛_스노우링 도넛,420,6.0,,
도넛_스리라차 에그베네딕트,297,8.91,,
도넛_스트라이크,445,4.11,,
도넛_스트로베리 먼치킨,380,5.0,,
도넛_스트로베리 먼치킨 도넛,380,5.0,18.0,50.0
도넛_스트로베리 필드 도넛,372,5.0,18.33,46.67
도넛_슬리데린,457,5.56,,
도넛_시나몬 츄로넛,298,2.38,,
도넛_시나몬슈가링 도넛,420,6.0,,
도넛_시나몬피칸 크럼블도넛,482,7.25,,
도넛_시크릿블랙,467,4.17,,
도넛_시크릿코랄핑크,385,6.67,,
도넛_시크릿화이트,408,5.33,,
도넛_아몬드초코링 도넛,468,8.06,,
도넛_아이스크림 레몬파운드 도넛,349,9.63,,
도넛_아임 파인,430,4.23,,
도넛_아침햇살 쌀꽈배기 도넛,375,4.69,12.5,60.94
도넛_앙버터 도넛,408,8.0,,
도넛_애플시나몬 파이필드,374,5.26,,
도넛_엄마랑장볼때먹던그때그도나쓰,322,3.7,,
도넛_옛날꽈배기도넛,407,6.78,,
도넛_옛날단팥도넛,386,7.92,,
도넛_옛날왕슈크림도넛,332,6.32,,
도넛_오리지널 글레이즈드,447,6.38,,
도넛_오리지널 글레이즈드 도넛,428,6.38,,
도넛_오리지널 바이츠 도넛,436,7.14,,
도넛_오리지널 우유 크림 필드,416,4.84,,
도넛_오리지널 우유 크림 필드 도넛,403,6.45,,
도넛_오리지널 초콜릿 필드,471,6.45,,
도넛_오리지널 초콜릿 필드 도넛,456,6.45,,
도넛_오리지널 케이크 먼치킨,375,5.0,,
도넛_옥수수꽈배기 도넛,404,7.89,,
도넛_옥수수찹쌀 도넛,332,4.0,,
도넛_올드훼션드먼치킨,471,3.57,25.71,57.14
도넛_올리브 츄이스티,404,2.04,,
도넛_올리브츄이스티 도넛,404,2.04,20.41,53.06
도넛_왕크림 도넛,335,6.15,20.0,33.85
도넛_요거트올드훼션드 도넛,457,4.62,,
도넛_용감한 쿠키 도넛,446,5.26,24.56,50.88
도넛_우리찹쌀 왕꽈배기,383,6.09,18.26,48.7
도넛_우리찹쌀왕꽈배기,383,6.09,,
도넛_우유 도넛,404,7.8,,
도넛_우유크림 듬뿍,393,5.95,,
도넛_우유크림 듬뿍 도넛,395,5.75,,
도넛_제주말차 우유 도넛,453,4.69,28.13,45.31
도넛_젠틀 머스태쉬 도넛,415,5.66,,
도넛_조청 유과 도넛,385,1.92,,
도넛_조청왕꽈배기,371,5.83,,
도넛_쫀드칸꽈배기 시나몬슈가,385,2.25,,
도넛_쫄깃한 왕꽈배기,373,5.45,,
도넛_쫄깃한찹쌀 도넛,340,6.17,,
도넛_쫄깃한찹쌀도넛,344,6.49,,
도넛_쫄깃한찹쌀스틱 시나몬,400,1.8,,
도넛_찹쌀,296,5.04,5.26,57.07
도넛_찹쌀,288,6.0,4.64,55.56
도넛_찹쌀 꽈배기,366,6.15,,
도넛_찹쌀 도넛,333,5.38,9.68,56.99
도넛_찹쌀 도넛,336,6.0,,
도넛_찹쌀꽈배기,329,7.0,,
도넛_찹쌀꽈배기도너츠,462,8.0,,
도넛_찹쌀도너츠,324,4.67,,
도넛_찹쌀도넛,333,5.38,,
도넛_찹쌀페스츄리 도넛,427,7.27,,
도넛_초당옥수수크림찹쌀 도넛,300,2.86,,
도넛_초코 도넛,404,7.8,,
도넛_초코 마카롱 도넛,418,5.88,,
도넛_초코 올드훼션드,542,5.0,,
도넛_초코 와플넛 도넛,437,6.35,,
도넛_초코 우유크림 듬뿍 도넛,415,5.95,,
도넛_초코 크러쉬 도넛,493,4.29,,
도넛_초코마카롱 도넛,413,7.69,,
도넛_초코마카롱도넛,413,7.69,,
도넛_초코밤 원더볼,500,3.18,,
도넛_초코베리듀얼하트 도넛,330,2.63,,
도넛_초코크런치 도넛,400,5.45,,
도넛_초코홀릭,496,5.88,,
도넛_초코홀릭 도넛,489,7.27,,
도넛_초콜릿 아이스드 글레이즈드,457,5.36,,
도넛_초콜릿 아이스드 글레이즈드 도넛,441,7.14,,
도넛_찹쌀도너츠,380,4.0,,
도넛_추억의 생도나스,450,7.5,,
도넛_추억의 옥수수 꽈배기 도넛,407,8.2,19.67,49.18
도넛_추억의생도나스,430,8.98,,
도넛_추억의생도나스 (2개입),426,17.31,22.44,54.49
도넛_추억의생도나스 (3개입),427,17.52,22.22,54.7
도넛_츄러스 꽈배기,363,5.98,,
도넛_츄러스꽈배기,466,7.69,,
도넛_카라멜 아이스드 도넛,372,4.69,,
도넛_카스테라생크림도넛(1개입),413,4.35,,
도넛_카스테라크림 꽈배기,308,6.67,,
도넛_카스텔라 꽈배기,312,6.23,,
도넛_카스텔라 도넛,442,4.81,,
도넛_카카오 파운드 케이크,536,4.17,,
도넛_카카오 하니딥,377,3.51,,
도넛_카카오 후로스티드,490,4.17,,
도넛_카카오하니딥 도넛,393,3.51,21.05,47.37
도넛_카카오하니딥 먼치킨,423,4.62,,
도넛_카카오하니딥먼치킨 도넛,369,4.62,15.38,53.85
도넛_카카오후로스티드 도넛,413,6.25,20.83,50.0
도넛_카푸치노 츄이스티,400,2.0,,
도넛_카푸치노츄이스티 도넛,406,1.92,21.15,51.92
도넛_커스터드 도넛,325,5.0,13.33,45.0
도넛_케익꽈배기 도넛,376,7.06,20.0,41.18
도넛_케익꽈배기도넛,396,5.56,,
도넛_켈로그우유 도넛,458,3.08,,
도넛_콘버터 꽈배기 with 에쉬레 버터,390,5.09,,
도넛_콘버터 바이츠 with 에쉬레 버터,413,5.33,,
도넛_콘버터 브륄레 with 에쉬레 버터,307,4.72,,
도넛_콘크림 브륄레,289,4.9,,
도넛_쿠키 앤 화이트 크림,489,4.6,,
도넛_쿠키&다크초코링도넛,473,5.33,24.0,52.0
도넛_쿠키&화이트초코링도넛,473,5.33,26.67,52.0
도넛_쿠키밤 원더볼,509,3.57,,
도넛_쿠키앤 크림 도넛,389,6.25,,
도넛_쿠키앤크림 도넛,404,7.8,,
도넛_크런치피넛버터,489,9.23,,
도넛_크로넛 글레이즈드 도넛,455,5.38,,
도넛_크리스탈슈가 도넛,367,6.12,,
도넛_크림치즈 찹쌀도넛,364,5.45,,
도넛_크림치즈 찹쌀도넛 (2개입),359,6.36,,
도넛_크림치즈꽈배기,350,4.19,,
도넛_킷캣 초코 스트로베리,397,4.11,,
도넛_통밀꽈배기,422,11.39,,
도넛_트러플 크림 듬뿍 도넛,410,5.95,,
도넛_트위스트 글레이즈드 도넛,380,6.1,,
도넛_팥도너츠,292,6.47,,
도넛_팥도넛,323,8.0,,
도넛_팥빙수맛 크림도넛,362,5.36,,
도넛_팥이팅 소보루 도넛,321,6.32,,
도넛_페이머스 글레이즈드 도넛,433,4.35,23.91,50.0
도넛_퐁신퐁신우유 도넛,348,4.9,,
도넛_프리미엄 스트로베리 필드,366,5.71,,
도넛_프리미엄 스트로베리 필드 도넛,361,5.71,,
도넛_플라밍고 도넛,405,5.45,,
도넛_핑크 블라썸 듀얼하트,414,3.95,,
도넛_하이 카카오 도넛,439,4.88,,
도넛_해피버스데이 도넛,458,6.59,,
도넛_허니 올드훼션드,457,3.18,,
도넛_허니 올드훼션드 도넛,457,3.17,25.4,53.97
도넛_허니 찹쌀스틱,355,4.26,,
도넛_허니 후리터,439,5.41,,
도넛_허니찹쌀스틱,355,4.26,,
도넛_허니찹쌀스틱,355,4.26,10.21,61.7
도넛_허니후리터,449,5.41,24.32,48.65
도넛_헤이즐넛 로쉐,445,6.25,,
도넛_화이트유니버스 도넛,392,5.77,,
도넛_화이트초코링 도넛,462,6.15,,
도넛_화이트초코츄잉스타 도넛,444,3.7,,
도넛_후플푸프,393,6.1,,
도넛_흑미고구마찹쌀 도넛,350,4.0,,
도넛_흑미찹쌀 도넛,350,4.0,,
도넛_흑임자 카스텔라 도넛,460,6.0,,
도넛_흑임자크림찹쌀 도넛,314,2.86,,
도다리구이,153,23.7,5.5,0.71
도라지나물,39,0.7,2.09,4.76
도라지나물,39,0.7,2.09,4.76
도라지나물,36,0.8,1.47,5.35
도라지나물,117,2.0,6.74,12.85
도라지나물무침,130,2.48,7.52,13.12
도라지생채,67,1.5,0.97,14.51
도라지생채,78,2.0,0.77,17.75
도라지생채,78,2.0,0.77,17.75
도라지생채,67,1.5,0.97,14.51
도라지생채,77,2.06,0.51,16.15
도라지생채,119,2.75,1.11,24.52
도라지생채_북어,140,17.1,2.38,12.39
도라지생채_북어,152,20.1,2.38,12.47
도라지생채_오이,42,1.32,0.53,9.3
도라지생채_오이,40,1.11,0.42,8.9
도라지생채_오이,41,1.3,0.52,8.79
도라지생채_오징어채,92,9.61,1.4,10.58
도라지튀김,161,5.2,7.87,16.74
도라지튀김,179,5.7,8.61,19.21
도루묵조림,101,11.2,3.08,5.51
도루묵조림,103,11.3,3.09,5.73
도루묵찌개,63,6.8,2.31,4.04
도미 매운탕,47,5.9,1.13,3.37
도미찜,52,7.9,0.91,3.22
도미튀김,301,25.9,12.22,18.9
도토리묵무침,56,0.6,0.59,12.04
도토리묵무침,56,0.6,0.59,12.04
도토리묵무침,56,0.6,0.59,12.04
도토리묵무침,53,0.5,0.67,11.27
도토리묵무침_채소,60,1.28,1.2,11.66
도토리묵무침_채소,62,1.44,1.62,11.13
도토리묵무침_채소,61,1.37,1.24,11.77
돈가스,148,9.1,7.61,9.47
돈가스,149,8.9,7.89,9.33
돈가스,280,13.85,17.94,15.89
돈가스,148,9.1,7.61,9.47
돈가스_간편조리세트_부타이로스카츠 (통등심돈가스),262,14.46,17.97,10.71
돈가스_고구마,317,12.34,19.51,23.05
돈가스_돼지등심,312,16.5,18.77,19.24
돈가스_돼지안심,326,16.64,21.2,17.13
돈가스_제주카츠볼,316,13.7,,
돈가스_치즈,302,16.81,18.68,16.71
돌나물,24,0.64,0.39,5.23
돌나물,44,1.16,1.04,8.68
돌나물,42,0.96,0.92,8.47
돌나물무침,41,1.4,0.53,8.81
돌나물무침,44,1.2,1.03,8.69
돌나물무침,69,1.66,3.18,8.3
돌나물무침,24,0.6,0.39,5.23
돌솥 비빔밥,101,3.4,1.78,17.46
돌솥 비빔밥,101,3.4,1.78,17.46
돌솥비빔밥_양념장,86,2.81,2.07,13.99
동치미,14,0.29,0.37,2.28
동치미,11,0.49,0.07,2.08
동태 매운탕,25,3.3,0.5,1.98
동태 매운탕,25,3.3,0.5,1.98
동태국,26,4.0,0.26,2.13
동태국,21,3.4,0.18,1.36
동태국,17,2.42,0.16,1.4
동태국,29,4.2,0.62,1.56
동태국,17,2.7,0.15,1.31
동태까스_소스,273,11.6,15.64,19.42
동태양념구이,130,21.7,3.56,1.59
동태전,115,8.9,6.02,5.15
동태전,236,16.9,13.72,8.94
동태전,195,16.48,11.63,6.11
동태전,109,9.74,4.99,5.08
동태전,239,16.8,14.08,9.14
동태조림,64,10.06,0.51,4.5
동태조림,116,18.8,2.36,4.86
동태조림,110,16.32,1.88,6.96
동태찌개,44,5.5,0.81,3.91
동태찌개,24,3.2,0.19,2.61
동태찌개,24,3.2,0.19,2.61
동태찌개,44,6.11,1.37,1.72
동태찌개,25,3.25,0.51,2.05
동태찜,50,7.6,1.03,2.75
동태찜,79,10.18,1.94,5.16
동태튀김,147,10.7,7.15,8.41
동태튀김,146,10.7,7.22,8.19
동파육,191,8.99,15.41,4.15
돼지갈비강정,382,25.8,19.89,20.7
돼지갈비강정,244,13.0,11.52,20.4
돼지갈비구이,132,8.0,7.78,6.57
돼지갈비구이,130,9.0,7.85,4.64
돼지갈비구이,202,13.4,12.29,8.82
돼지갈비구이,132,8.0,7.78,6.57
돼지갈비구이_간장,129,7.96,7.78,6.56
돼지갈비구이_간장,128,9.02,7.88,4.62
돼지갈비구이_간장,240,19.5,14.4,8.1
돼지갈비구이_폭립,295,24.03,,7.31
돼지갈비전골,227,16.6,15.14,5.07
돼지갈비찜,139,10.5,8.15,4.79
돼지갈비찜,142,10.3,8.01,6.28
돼지갈비찜,194,13.29,12.32,7.44
돼지갈비찜,140,10.7,7.71,5.91
돼지갈비찜,139,10.5,8.15,4.79
돼지갈비찜_간편조리세트_국내산순살돼지갈비찜,120,10.12,4.91,8.8
돼지갈비찜_매운양념_채소,130,10.22,6.6,7.41
돼지갈비찜_매운양념_채소,136,9.44,7.59,7.5
돼지갈비찜_매운양념_채소_떡,143,9.8,6.3,11.58
돼지갈비찜_배추김치,89,5.86,4.89,5.36
돼지갈비찜_채소,137,10.75,7.64,5.92
돼지갈비찜_채소,139,10.26,7.97,6.28
돼지갈비찜_채소,136,10.49,8.06,4.79
돼지갈비찜_채소_떡,143,10.28,6.66,10.12
돼지갈비찜_채소_떡,142,8.99,6.82,10.95
돼지고기 꼬치구이,179,26.9,5.86,2.75
돼지고기 꼬치구이,171,27.7,4.74,2.89
돼지고기 꼬치구이,179,26.9,5.86,2.75
돼지고기 덮밥,168,8.0,3.12,25.91
돼지고기 스테이크,109,13.8,3.08,5.6
돼지고기 스테이크,183,21.8,5.85,8.99
돼지고기 스테이크,113,13.5,3.61,5.55
돼지고기 스테이크,183,21.8,5.85,8.99
돼지고기 장조림,150,16.3,5.6,7.25
돼지고기 장조림,150,16.3,5.6,7.25
돼지고기 장조림,133,15.4,4.84,5.93
돼지고기 장조림,133,15.4,4.84,5.93
돼지고기 장조림_메추리알,127,13.6,5.01,5.74
돼지고기 장조림_메추리알,143,14.5,6.12,6.02
돼지고기 피망잡채,95,9.5,3.95,5.09
돼지고기 피망잡채,91,9.7,3.5,5.1
돼지고기_간,164,29.36,4.44,1.56
돼지고기_머리고기,325,21.2,26.0,1.75
돼지고기_허파,91,17.27,2.41,0.02
돼지고기강정,174,14.7,8.47,8.36
돼지고기강정,174,14.8,8.44,8.41
돼지고기강정,178,14.4,9.09,8.12
돼지고기강정,174,14.8,8.44,8.41
돼지고기덮밥,165,7.92,2.72,26.17
돼지고기볶음,175,11.48,10.33,9.11
돼지고기볶음(제육볶음),195,12.15,14.19,4.73
돼지고기볶음_간편조리세트_돼지고기 숙주 볶음,145,7.46,8.78,9.05
돼지고기볶음_김치,109,9.5,4.69,6.81
돼지고기볶음_김치,95,7.3,5.18,4.25
돼지고기볶음_김치,99,9.1,4.74,4.45
돼지고기볶음_김치,161,11.81,10.05,5.93
돼지고기볶음_김치,109,9.5,4.69,6.81
돼지고기볶음_돼지고기,134,9.53,7.88,6.43
돼지고기볶음_돼지고기_배추김치,94,9.13,4.38,4.14
돼지고기볶음_돼지고기_배추김치,103,9.43,4.32,6.41
돼지고기볶음_돼지고기_배추김치,91,7.21,5.07,3.98
돼지고기볶음_돼지고기_버섯,99,11.07,3.63,5.66
돼지고기볶음_돼지고기_버섯,121,11.58,5.1,7.51
돼지고기볶음_돼지고기_버섯,102,8.41,4.87,6.51
돼지고기볶음_돼지고기_오징어,113,9.89,5.36,6.49
돼지고기볶음_돼지고기_오징어,145,11.22,7.96,7.13
돼지고기볶음_돼지고기_오징어,136,8.77,8.22,6.89
돼지고기볶음_돼지고기_오징어,94,9.21,3.88,5.65
돼지고기볶음_돼지고기_짜장,112,12.01,4.09,6.37
돼지고기볶음_돼지고기_채소,117,11.47,5.04,6.51
돼지고기볶음_돼지고기_채소,104,11.45,3.66,6.4
돼지고기볶음_돼지고기_채소,111,9.88,5.06,6.54
돼지고기볶음_돼지고기_채소,106,7.77,5.85,5.65
돼지고기볶음_짜장,116,11.9,4.45,6.38
돼지고기볶음_짜장,199,14.0,8.47,16.27
돼지고기볶음_짜장,203,13.6,8.96,16.3
돼지고기볶음_채소,169,16.57,7.59,8.63
돼지고기볶음_케찹,173,19.1,6.88,7.13
돼지고기볶음_케찹,166,19.6,6.06,7.18
돼지고기찌개,57,4.1,3.14,2.74
돼지고기찌개,56,4.1,3.14,2.85
돼지고기찌개,48,6.25,1.51,2.26
돼지고기찌개,56,4.08,3.14,2.85
돼지고기찌개_간편조리세트_돼지고기 짜글이,108,10.46,4.64,6.04
돼지고기찌개_간편조리세트_돼지고기고추장찌개,49,4.32,1.13,5.28
돼지고기찜,109,10.82,3.25,8.89
돼지고기튀김,222,20.9,11.67,6.24
돼지껍데기구이,348,23.74,26.64,3.37
돼지등갈비찜,214,16.02,10.93,12.76
돼지등심 장조림,111,16.0,2.38,4.75
돼지등심 장조림,117,15.4,2.95,5.24
돼지머리국밥,72,2.1,1.16,12.55
돼지머리국밥,68,2.2,1.48,11.03
돼지불고기_간장,85,8.75,3.5,4.3
돼지불고기_간장,79,8.88,2.89,4.15
돼지불고기_간장,84,8.44,3.6,4.34
돼지불고기_간편조리세트_기사식당 돼지불고기,155,10.25,9.08,8.08
돼지불고기_간편조리세트_대파고추장불고기,165,11.79,7.66,12.17
돼지불고기_간편조리세트_매콤 콩나물불고기,191,10.62,10.31,13.82
돼지불고기_고추장,83,8.98,2.88,5.48
돼지불고기_고추장,90,8.36,3.85,5.65
돼지불고기_고추장,146,15.8,4.75,9.62
돼지불고기_고추장,85,8.52,3.17,5.79
돼지불고기_버섯,82,8.8,3.17,4.14
돼지불고기_버섯,86,8.4,3.75,4.34
돼지불고기_삼겹살_오징어,182,12.8,9.95,10.25
돼지사태찜,132,12.1,4.21,11.08
돼지사태찜,84,7.6,2.65,7.02
돼지사태찜,109,10.8,3.25,8.89
돼지사태찜,83,7.6,2.65,7.02
된장국_감자,25,1.09,0.6,3.7
된장국_감자,40,1.63,1.04,6.11
된장국_근대,12,0.93,0.29,1.65
된장국_근대,12,0.9,0.34,1.71
된장국_근대,14,1.02,0.36,1.92
된장국_냉이,22,1.71,0.66,2.2
된장국_냉이_두부,20,1.82,0.63,2.0
된장국_무,23,1.36,0.53,3.27
된장국_미역,12,1.21,0.42,1.43
된장국_미역,24,1.56,0.97,2.28
된장국_미역,16,1.35,0.61,1.72
된장국_배추,17,1.33,0.47,2.22
된장국_배추,20,1.46,0.4,2.58
된장국_시금치,15,1.14,0.32,2.45
된장국_시금치,15,1.18,0.33,2.2
된장국_시금치,21,1.69,0.84,1.54
된장국_시금치,9,1.02,0.17,0.98
된장국_시금치,14,1.18,0.33,2.11
된장국_시래기,17,1.09,0.6,2.33
된장국_시래기,22,1.49,0.69,2.44
된장국_시래기,15,1.31,0.22,2.03
된장국_시래기,13,0.92,0.3,1.89
된장국_시래기,17,1.14,0.5,2.39
된장국_쑥,15,1.22,0.47,1.52
된장국_아욱,16,1.18,0.33,2.46
된장국_아욱,15,1.07,0.26,2.47
된장국_아욱,20,2.28,0.56,1.59
된장국_아욱,19,1.51,0.4,2.9
된장국_얼갈이배추,13,0.94,0.45,1.72
된장국_얼갈이배추,9,0.5,0.41,0.85
된장국_얼갈이배추,11,0.87,0.29,1.57
된장국_얼갈이배추,14,1.02,0.42,1.76
된장국_우거지,20,2.77,0.59,0.82
된장국_우렁,49,4.92,1.54,3.84
된장국_유부,26,1.72,1.3,2.03
된장국_유부,22,1.46,1.23,1.5
된장국_유부,25,1.76,1.33,1.53
된장국_콩나물,31,2.58,1.11,2.62
된장국_해물,28,2.1,0.98,2.68
된장국_호박,31,3.34,1.31,1.41
된장국_호박잎,7,0.4,0.32,0.54
된장국_호박잎,17,1.33,0.37,2.54
된장찌개,46,3.38,1.63,4.44
된장찌개,46,3.6,1.2,5.63
된장찌개_간편조리세트_고깃집 된장찌개,110,7.71,6.33,5.44
된장찌개_간편조리세트_구수한 버섯된장찌개,26,1.79,0.4,3.88
된장찌개_냉이,19,1.7,0.33,2.69
된장찌개_냉이,19,1.17,0.31,2.91
된장찌개_달래,35,3.18,0.79,3.81
된장찌개_달래,40,3.4,2.13,1.63
된장찌개_달래,26,2.0,0.85,2.96
된장찌개_두부,41,3.25,1.96,2.56
된장찌개_두부_호박,32,3.1,1.04,2.73
된장찌개_모듬채소,37,2.6,0.99,4.68
된장찌개_모듬채소,37,2.6,0.99,4.68
된장찌개_모듬채소,37,2.6,0.99,4.68
된장찌개_모듬해물,28,2.1,0.65,3.73
된장찌개_미더덕,53,5.3,1.59,4.42
된장찌개_미더덕,53,5.3,1.59,4.36
된장찌개_바지락,23,2.88,0.72,1.18
된장찌개_바지락,45,3.7,1.22,4.88
된장찌개_바지락,45,3.7,1.22,4.88
된장찌개_소고기,44,2.7,1.52,5.13
된장찌개_소고기,58,4.2,2.6,4.32
된장찌개_소고기,44,2.7,1.52,4.95
된장찌개_소고기,44,2.7,1.52,4.94
된장찌개_우렁,41,4.0,1.36,3.44
된장찌개_우렁,41,4.0,1.35,3.54
된장찌개_우렁,41,4.0,1.35,3.54
된장찌개_우렁_강된장,136,7.28,4.74,16.09
된장찌개_콩나물,55,5.5,1.9,5.01
된장찌개_콩나물,55,5.5,1.9,5.01
된장찌개_호박,38,3.7,0.91,3.88
된장찌개_호박,39,3.7,1.04,3.79
된장찌개_호박,39,3.8,1.01,3.8
두릅무침,74,3.4,2.58,11.6
두릅무침_초고추장,67,2.16,3.01,7.89
두부 달걀찜,74,6.3,4.19,2.56
두부 달걀찜,75,6.2,4.06,3.05
두부 달걀찜,115,9.7,6.49,4.01
두부 달걀탕,45,4.7,2.11,1.58
두부 달걀탕,37,3.7,1.68,1.73
두부 달걀탕,37,3.7,1.68,1.73
두부 된장국,26,2.3,0.99,2.12
두부 된장국,26,2.3,0.99,2.12
두부 된장국,25,2.5,0.92,1.78
두부 된장국,26,2.3,0.99,2.12
두부 된장국_바지락,21,2.0,0.67,1.64
두부 된장국_유부,25,1.8,1.33,1.54
두부 된장국_유부,25,1.8,1.33,1.54
두부 명란찌개,33,3.5,1.07,2.72
두부 애호박찌개,27,2.0,0.62,3.6
두부 청국장찌개,39,3.5,0.95,4.34
두부 청국장찌개,39,3.5,0.95,4.34
두부 청국장찌개,39,3.5,0.95,4.34
두부 청국장찌개_김치,44,4.7,1.4,3.01
두부 청국장찌개_김치,34,2.8,1.12,3.09
두부 청국장찌개_김치,33,3.1,0.86,3.32
두부 탕수,123,4.5,4.82,15.13
두부 탕수,113,4.2,4.35,14.02
두부 탕수,123,4.5,4.82,15.13
두부국,31,2.5,1.64,1.25
두부국,19,1.8,0.83,1.25
두부국,19,1.8,0.83,1.25
두부국,31,2.5,1.64,1.25
두부김치,108,7.8,6.13,5.11
두부김치,66,3.8,3.96,3.6
두부김치,108,7.8,6.07,5.11
두부김치,115,7.79,6.85,5.63
두부김치_돼지고기,84,6.76,4.44,4.06
두부냉채,77,8.7,2.81,4.39
두부냉채,94,7.9,5.0,4.57
두부냉채,78,8.9,2.84,4.41
두부볶음_돼지고기,197,12.4,10.52,13.12
두부볶음_돼지고기,197,12.4,10.52,13.12
두부부침,147,10.5,9.56,4.12
두부부침,180,13.0,11.62,5.1
두부부침,152,12.8,8.68,5.0
두부부침,187,12.9,12.38,5.08
두부부침,140,10.92,9.77,2.07
두부부침,144,12.13,9.4,2.69
두부전,161,9.8,9.14,8.66
두부전,151,10.13,9.83,4.56
두부전,151,10.2,9.91,4.34
두부전,170,13.64,10.58,5.0
두부전,161,9.8,9.14,8.66
두부전골,63,5.12,3.22,3.42
두부전골,41,3.79,1.76,2.87
두부조림,142,11.5,6.18,10.26
두부조림,138,10.51,6.73,8.66
두부조림,133,9.39,6.87,8.15
두부조림,143,9.64,9.66,4.4
두부조림,142,11.5,6.18,10.25
두부조림_돼지고기,175,14.7,9.37,7.09
두부조림_돼지고기,175,14.7,9.37,7.09
두부찌개,30,2.3,0.79,3.75
두부찌개_고추장,52,4.01,2.63,3.18
두부찌개_굴,21,2.1,0.7,1.51
두부찌개_굴,21,2.1,0.7,1.5
두부찌개_바지락,34,3.3,0.99,3.18
두부찌개_새우젓,45,4.8,1.63,2.67
두부찌개_새우젓,55,5.4,2.7,2.4
두부찌개_소고기,80,6.0,3.7,5.62
두부찌개_소고기_고추장,58,4.56,1.42,6.73
두부찌개_소고기_된장,55,5.71,1.98,3.5
두부튀김,122,6.4,6.22,9.65
두부튀김,128,6.7,6.5,10.08
두부튀김,128,6.7,6.5,10.08
두부튀김,122,6.4,6.16,9.82
두유 카페라떼,30,1.4,1.76,2.12
두유 카페라떼_시럽,44,1.4,1.76,5.79
들깨국,14,0.58,0.76,1.42
들깨국,15,0.63,0.76,1.66
들깨국,15,0.68,0.77,1.68
들깨죽,152,3.7,5.83,21.16
들깨죽,155,3.8,5.9,21.49
들깻잎장아찌,124,4.03,0.42,26.0
등심돈가스,174,13.8,5.89,14.56
등심돈가스,190,14.3,7.7,13.9
등심돈가스,174,13.8,5.89,14.56
딸기넥타,31,0.4,0.09,7.96
딸기바나나 스무디,54,1.1,0.68,11.75
딸기바나나 스무디,54,1.1,0.68,11.75
딸기바나나 스무디,54,1.1,0.68,11.75
땅콩조림,258,11.9,18.15,16.02
땅콩조림,268,12.0,19.42,15.91
땅콩조림,268,12.0,19.42,15.91
땅콩조림,483,18.75,36.4,19.95
땅콩죽,147,3.9,3.29,24.97
된장국_두부,26,2.29,0.99,2.14
땅콩죽,116,3.4,3.38,18.08
땅콩죽,146,3.9,3.31,24.78
떡갈비,202,21.38,11.82,2.46
떡강정,202,2.5,5.09,36.43
떡강정,225,2.8,5.72,40.75
떡강정,249,3.79,4.72,47.89
떡강정,202,2.5,5.09,36.43
떡강정_BBQ 소떡,232,7.71,,
떡강정_매콤 떡강정,145,3.43,,
떡강정_매콤치즈 소떡소떡,229,9.03,,31.0
떡강정_못난이소떡소떡,260,7.9,,
떡국,84,3.43,0.53,16.37
떡국_굴,90,4.0,1.33,16.69
떡국_굴,90,4.0,1.33,16.69
떡국_달걀,85,2.1,0.62,17.9
떡국_달걀,85,2.1,0.62,17.9
떡국_달걀,85,2.1,0.62,17.9
떡국_달걀,43,1.19,0.4,8.78
떡국_모듬,86,2.7,0.87,17.14
떡국_소고기,99,3.44,1.8,17.72
떡국_소고기,76,2.74,1.34,13.5
떡국_소고기,108,2.9,1.24,21.14
떡국_소고기_달걀,99,3.4,1.8,17.72
떡국_소고기_달걀,87,3.3,1.16,15.87
떡국_소고기_달걀,87,3.3,1.16,15.87
떡국_소고기_달걀,76,2.8,1.37,13.33
떡만두국,111,3.53,3.91,15.47
떡만두국,49,1.9,1.14,7.71
떡만두국,86,2.5,1.07,16.74
떡만두국,76,3.0,1.73,12.06
떡만두국,89,2.87,1.62,15.82
떡만두국_고기만두,90,3.4,1.74,15.12
떡만두국_고기만두,67,2.67,1.59,10.7
떡만두국_고기만두,61,2.46,1.43,9.69
떡만두국_고기만두,69,2.46,1.34,11.89
떡만두국_김치만두,86,3.1,1.72,14.7
떡만두국_김치만두,87,3.1,1.85,14.56
떡볶이,144,3.51,2.96,25.96
떡볶이,258,4.3,3.62,53.39
떡볶이_간장,107,3.26,1.78,19.93
떡볶이_간장,145,4.52,2.09,27.33
떡볶이_간장,168,4.81,2.93,30.93
떡볶이_간편조리세트_달콤짭짤 궁중식 떡볶이,167,5.27,5.54,24.0
떡볶이_간편조리세트_떡볶이 보통맛,161,3.9,4.36,26.45
떡볶이_간편조리세트_소불고기궁중떡볶이,118,5.46,1.7,20.2
떡볶이_간편조리세트_호로록 로제 떡볶이,184,4.37,5.1,30.25
떡볶이_고추장_메추리알,100,3.11,1.48,19.23
떡볶이_고추장_어묵,150,3.82,1.45,31.64
떡볶이_고추장_어묵,154,3.65,1.46,32.47
떡볶이_고추장_어묵,161,3.94,1.25,34.59
떡볶이_국물떡볶이,145,5.0,,
떡볶이_국물맵떡,139,4.09,,
떡볶이_까르보떡볶이,180,4.3,,
떡볶이_로제닭볶이,176,7.57,,
떡볶이_로제떡볶이,147,3.45,,
떡볶이_로제떡볶이,186,5.0,,
떡볶이_로제비엔나 떡볶이,175,4.6,,31.4
떡볶이_마늘 떡볶이,147,3.7,,31.3
떡볶이_마떡,137,3.89,,
떡볶이_매콤 떡볶이,191,4.28,,
떡볶이_매콤 치즈 떡볶이,200,6.5,,
떡볶이_모듬,125,3.2,1.63,24.89
떡볶이_모듬,125,3.2,1.63,24.89
떡볶이_소고기,87,2.0,2.19,15.1
떡볶이_소고기,87,2.0,2.19,15.1
떡볶이_소고기,157,4.1,4.46,25.28
떡볶이_소고기,157,4.1,4.46,25.28
떡볶이_소고기_버섯,77,1.9,1.61,14.17
떡볶이_양배추,60,1.3,0.36,13.36
떡볶이_양배추,60,1.3,0.36,13.36
떡볶이_어묵,130,3.2,1.3,27.18
떡볶이_어묵,130,3.2,1.3,27.18
떡볶이_어묵,130,3.2,1.3,27.18
떡볶이_채소,258,3.12,1.88,57.06
떡볶이_치즈,164,5.54,2.69,29.31
떡볶이_치즈가 펑펑 눈꽃 떡볶이,177,5.04,1.86,35.29
떡볶이_치즈떡볶이,196,7.6,,
떡볶이_치즈로제떡볶이,158,7.62,,
떡볶이_치즈마떡,157,6.51,,
떡볶이_카레,91,2.3,3.75,11.64
떡볶이_호로록떡볶이,114,4.13,,
떡산적_소고기,156,8.7,5.35,18.37
떡산적_소고기,255,6.3,12.73,28.64
떡산적_소고기,157,9.0,5.14,18.96
떡산적_소고기,157,9.0,5.16,18.95
또띠아_김치 부리또,262,10.32,11.61,29.03
또띠아_뉴비프 브리또,253,8.89,,
또띠아_또띠아 (L),234,15.64,9.45,21.09
또띠아_또띠아 (S),375,20.5,16.77,35.4
또띠아_라구듬뿍치즈 브리또,211,7.23,,
떡볶이_로제떡볶이,187,5.03,,
또띠아_매콤치킨랩,166,8.0,,
또띠아_머스타드치킨 브리또,244,11.05,,
또띠아_미트살사소시지 브리또,220,16.38,,
또띠아_바삭 불고기 & 트리플 치즈 치킨 퀘사디아,245,11.05,,
또띠아_바삭 불고기&트리플 치즈 치킨 퀘사디아,218,13.89,,
또띠아_베지텐더밸런스랩,196,4.25,,
또띠아_불고기 베이크,196,10.33,4.42,28.67
또띠아_불고기 브리또,216,7.59,,
또띠아_불고기 브리또,299,9.29,,
또띠아_불닭 베이크,198,10.75,2.92,32.0
또띠아_소고기 브리또,263,8.13,,
또띠아_싱그러운치킨텐더그린랩,185,7.04,,
또띠아_치킨 브리또,220,9.66,,
또띠아_치킨 치즈 브리또,259,11.49,11.49,27.59
또띠아_크리스퍼랩,270,9.02,,
또띠아_트위스터,202,9.84,10.77,18.69
또띠아_핫치킨 부리또,257,9.82,9.2,33.74
또띠아_핫치킨 브리또,248,11.25,,
또띠아_핫치킨 브리또,228,11.0,8.0,28.0
또띠아_핫칠리치킨 브리또,214,15.0,,
라떼_12곡 라떼 아이스(ICED),58,2.17,,
라떼_12곡 라떼 핫(HOT),76,2.86,,
라떼_12곡물 라떼 아이스(ICED),105,1.93,,
라떼_12곡물 라떼 아이스(ICED) 빅사이즈,102,1.86,,
라떼_12곡물 라떼 핫(HOT),137,2.78,,
라떼_12곡물 라떼 핫(HOT) 빅사이즈,128,2.67,,
라떼_17곡 라떼 아이스(ICED) (L),55,2.0,,6.5
라떼_17곡 라떼 아이스(ICED) (ML),53,1.83,,6.2
라떼_17곡 라떼 핫(HOT) (ML),59,2.25,,6.62
라떼_검은콩 라떼 아이스(ICED),56,2.82,,
라떼_검은콩 라떼 아이스(ICED) (Grande),57,1.88,,
라떼_검은콩 라떼 아이스(ICED) (Mini Venti),55,1.75,,
라떼_검은콩 라떼 아이스(ICED) (Tall),58,1.95,,
라떼_검은콩 라떼 아이스(ICED) (Venti),50,1.67,,
라떼_검은콩 라떼 핫(HOT),63,3.38,,
라떼_검은콩 라떼 핫(HOT) (Grande),61,2.08,,
라떼_검은콩 라떼 핫(HOT) (Mini Venti),58,1.93,,
라떼_검은콩 라떼 핫(HOT) (Tall),66,2.22,,
라떼_검은콩 라떼 핫(HOT) (Venti),52,1.67,,
라떼_고구마 라떼,72,1.39,,
라떼_고구마 라떼,74,1.24,1.68,13.4
라떼_고구마 라떼 아이스(ICED),95,2.88,,
라떼_고구마 라떼 아이스(ICED),66,1.37,,
라떼_고구마 라떼 아이스(ICED),60,1.18,,
라떼_고구마 라떼 아이스(ICED),59,1.52,,
라떼_고구마 라떼 아이스(ICED),42,1.1,1.05,7.06
라떼_고구마 라떼 아이스(ICED),83,1.93,,
라떼_고구마 라떼 아이스(ICED),73,1.0,,
라떼_고구마 라떼 아이스(ICED),64,1.37,,
라떼_고구마 라떼 아이스(ICED),58,1.41,,
라떼_고구마 라떼 아이스(ICED),55,1.61,,
라떼_고구마 라떼 아이스(ICED),54,1.39,,
라떼_고구마 라떼 아이스(ICED),81,1.69,,
라떼_고구마 라떼 아이스(ICED),58,2.82,,
라떼_고구마 라떼 아이스(ICED) (Grande),56,1.88,,
라떼_고구마 라떼 아이스(ICED) (L),78,1.48,,
라떼_고구마 라떼 아이스(ICED) (L),73,1.28,,
라떼_고구마 라떼 아이스(ICED) (L),57,1.51,,
라떼_고구마 라떼 아이스(ICED) (L),75,2.53,,
라떼_고구마 라떼 아이스(ICED) (L),77,1.33,,
라떼_고구마 라떼 아이스(ICED) (M),50,1.39,,
라떼_고구마 라떼 아이스(ICED) (Mini Venti),52,1.58,,
라떼_고구마 라떼 아이스(ICED) (R),52,0.94,,
라떼_고구마 라떼 아이스(ICED) (R),57,1.28,,
라떼_고구마 라떼 아이스(ICED) (R),71,1.45,,
라떼_고구마 라떼 아이스(ICED) (R),75,1.39,,
라떼_고구마 라떼 아이스(ICED) (Tall),60,1.95,,
라떼_고구마 라떼 아이스(ICED) (Venti),46,1.53,,
라떼_고구마 라떼 핫(HOT),69,1.52,,
라떼_고구마 라떼 핫(HOT),93,2.92,,
라떼_고구마 라떼 핫(HOT),105,2.69,,
라떼_고구마 라떼 핫(HOT),53,1.61,1.35,8.49
라떼_고구마 라떼 핫(HOT),90,2.22,,
라떼_고구마 라떼 핫(HOT),61,3.1,,
라떼_고구마 라떼 핫(HOT),72,1.39,,
라떼_고구마 라떼 핫(HOT),88,1.82,,
라떼_고구마 라떼 핫(HOT),90,2.08,,
라떼_고구마 라떼 핫(HOT),94,9.73,,
라떼_고구마 라떼 핫(HOT),98,2.11,,
라떼_고구마 라떼 핫(HOT),74,2.45,,
라떼_고구마 라떼 핫(HOT) (Grande),57,1.88,,
라떼_고구마 라떼 핫(HOT) (L),53,1.31,,
라떼_고구마 라떼 핫(HOT) (L),88,1.9,,
라떼_고구마 라떼 핫(HOT) (L),118,2.5,,
라떼_고구마 라떼 핫(HOT) (L),105,2.22,,
라떼_고구마 라떼 핫(HOT) (L),109,3.08,,
라떼_고구마 라떼 핫(HOT) (M),60,1.56,,
라떼_고구마 라떼 핫(HOT) (Mini Venti),53,1.75,,
라떼_고구마 라떼 핫(HOT) (R),92,2.74,,
라떼_고구마 라떼 핫(HOT) (R),92,1.97,,
라떼_고구마 라떼 핫(HOT) (R),109,2.11,,
라떼_고구마 라떼 핫(HOT) (R),103,2.22,,
라떼_고구마 라떼 핫(HOT) (Tall),64,2.22,,
라떼_고구마 라떼 핫(HOT) (Venti),46,1.53,,
라떼_고구마라떼 아이스(ICED),61,1.18,1.51,10.66
라떼_고구마라떼 핫(HOT),70,1.44,1.84,11.64
라떼_곡물 라떼 아이스(ICED),60,2.66,,
라떼_곡물 라떼 아이스(ICED),66,2.93,2.44,8.07
라떼_곡물 라떼 핫(HOT),80,3.72,,
라떼_곡물 라떼 핫(HOT),79,3.06,2.56,10.95
라떼_곡물라떼 아이스(ICED),76,2.3,2.56,10.82
라떼_곡물라떼 핫(HOT),82,2.55,2.9,11.25
라떼_골드 고구마 라떼 아이스(ICED),105,2.96,,
라떼_골드 고구마 라떼 핫(HOT),105,2.96,,
라떼_공주밤 라떼 아이스(ICED),69,1.35,1.91,11.5
라떼_공주밤 라떼 핫(HOT),100,2.18,3.04,15.65
라떼_곶감 라떼 아이스(ICED),48,2.25,,
라떼_곶감 라떼 핫(HOT),52,2.25,,
라떼_군고구마 라떼 아이스(ICED),97,2.34,2.77,15.96
라떼_군고구마 라떼 아이스(ICED),97,1.16,,
라떼_군고구마 라떼 아이스(ICED),52,1.29,,
라떼_군고구마 라떼 아이스(ICED),46,1.17,,
라떼_군고구마 라떼 아이스(ICED) (더벤티),54,1.36,,
라떼_군고구마 라떼 아이스(ICED) 빅사이즈,96,1.16,,
라떼_군고구마 라떼 핫(HOT),121,3.26,3.72,18.37
라떼_군고구마 라떼 핫(HOT),74,2.08,,
라떼_군고구마 라떼 핫(HOT),54,1.5,,
라떼_귀리 미숫가루 라떼,73,2.15,1.35,
라떼_귀리 미숫가루 라떼 아이스(ICED) (L),65,1.9,,
라떼_귀리 미숫가루 라떼 아이스(ICED) (R),65,1.9,,
라떼_귀리 미숫가루 라떼 핫(HOT) (L),102,3.11,,
라떼_귀리 미숫가루 라떼 핫(HOT) (R),93,2.82,,
라떼_그린 라떼,90,2.9,3.87,10.97
라떼_그린 라떼 아이스(ICED),54,1.46,1.95,7.8
라떼_그린민트 초콜릿 아이스(ICED),88,1.71,4.15,11.22
라떼_그린민트 초콜릿 핫(HOT),140,3.23,6.77,16.45
라떼_그린애플 요거트 라떼,51,0.4,,
라떼_그린티,76,2.97,2.56,10.33
라떼_그린티 라떼,93,2.5,,
라떼_그린티 라떼 아이스(ICED),56,1.69,,
라떼_그린티 라떼 아이스(ICED),55,1.39,,
라떼_그린티 라떼 아이스(ICED),59,2.54,,
라떼_그린티 라떼 아이스(ICED),64,1.72,,
라떼_그린티 라떼 아이스(ICED),66,1.36,,
라떼_그린티 라떼 아이스(ICED),66,1.67,,
라떼_그린티 라떼 아이스(ICED),52,0.72,,
라떼_그린티 라떼 아이스(ICED) (Grande),59,1.67,,
라떼_그린티 라떼 아이스(ICED) (L),63,1.8,,
라떼_그린티 라떼 아이스(ICED) (L),66,2.01,,
라떼_그린티 라떼 아이스(ICED) (L),70,2.33,,
라떼_그린티 라떼 아이스(ICED) (L),63,1.53,,
라떼_그린티 라떼 아이스(ICED) (L),66,1.48,,
라떼_그린티 라떼 아이스(ICED) (Max),62,1.35,,
라떼_그린티 라떼 아이스(ICED) (Mini Venti),57,1.58,,
라떼_그린티 라떼 아이스(ICED) (R),57,1.82,,
라떼_그린티 라떼 아이스(ICED) (R),52,1.58,,
라떼_그린티 라떼 아이스(ICED) (R),70,2.25,,
라떼_그린티 라떼 아이스(ICED) (R),56,1.32,,
라떼_그린티 라떼 아이스(ICED) (R),58,1.21,,
라떼_그린티 라떼 아이스(ICED) (Tall),61,1.67,,
라떼_그린티 라떼 아이스(ICED) (Venti),52,1.39,,
라떼_그린티 라떼 핫(HOT),121,1.25,,
라떼_그린티 라떼 핫(HOT),93,2.5,,
라떼_그린티 라떼 핫(HOT),65,3.1,,
라떼_그린티 라떼 핫(HOT),112,1.57,,
라떼_그린티 라떼 핫(HOT),79,2.24,,
라떼_그린티 라떼 핫(HOT),78,2.31,,
라떼_그린티 라떼 핫(HOT),73,2.54,,
라떼_그린티 라떼 핫(HOT) (Grande),63,1.88,,
라떼_그린티 라떼 핫(HOT) (L),98,2.97,,
라떼_그린티 라떼 핫(HOT) (L),71,2.54,,
라떼_그린티 라떼 핫(HOT) (L),97,3.3,,
라떼_그린티 라떼 핫(HOT) (Mini Venti),61,1.75,,
라떼_그린티 라떼 핫(HOT) (R),98,3.11,,
라떼_그린티 라떼 핫(HOT) (R),77,2.82,,
라떼_그린티 라떼 핫(HOT) (R),84,3.0,,
라떼_그린티 라떼 핫(HOT) (Tall),68,2.22,,
라떼_그린티 라떼 핫(HOT) (Venti),54,1.39,,
라떼_그린티라떼 아이스(ICED),55,1.27,1.96,8.02
라떼_그린티라떼 핫(HOT),67,1.78,2.63,8.87
라떼_꿀 딸기 라떼,49,1.18,,
라떼_꿀 망고 라떼,57,0.84,,
라떼_꿀 복숭아 라떼,54,0.84,,
라떼_꿀 자몽 라떼,66,0.84,,
라떼_꿀밤 라떼 아이스(ICED),61,1.27,,
라떼_꿀밤 라떼 핫(HOT),108,2.54,,
라떼_꿀호떡 in절미 라떼,70,1.67,,
라떼_꿀호떡 in절미 크림라떼,82,1.46,,
라떼_꿀호떡 밀크폼 버블라떼,57,1.04,,
라떼_낭만 달고나 라떼 아이스(ICED),102,1.25,,
라떼_낭만 달고나 라떼 핫(HOT),110,1.25,,
라떼_넛츠 크림 라떼 아이스(ICED),81,1.69,,
라떼_녹차 라떼,56,1.51,,
라떼_녹차 라떼,57,1.59,1.4,9.61
라떼_녹차 라떼 아이스(ICED),48,1.45,,
라떼_녹차 라떼 아이스(ICED),57,1.39,,
라떼_녹차 라떼 아이스(ICED),49,1.44,1.3,7.83
라떼_녹차 라떼 아이스(ICED),46,1.45,,
라떼_녹차 라떼 아이스(ICED),61,1.45,1.66,10.0
라떼_녹차 라떼 아이스(ICED),55,1.48,,
라떼_녹차 라떼 아이스(ICED),51,1.27,,
라떼_녹차 라떼 아이스(ICED),59,1.35,,
라떼_녹차 라떼 아이스(ICED) (EX),50,1.47,,
라떼_녹차 라떼 아이스(ICED) (L),49,1.48,,7.93
라떼_녹차 라떼 아이스(ICED) (ML),44,1.27,,7.04
라떼_녹차 라떼 핫(HOT),102,2.54,,
라떼_녹차 라떼 핫(HOT),92,2.4,2.83,13.85
라떼_녹차 라떼 핫(HOT),51,1.56,,
라떼_녹차 라떼 핫(HOT),82,2.24,,
라떼_녹차 라떼 핫(HOT),66,2.34,,
라떼_녹차 라떼 핫(HOT),68,1.69,,
라떼_녹차 라떼 핫(HOT),47,1.54,1.2,7.63
라떼_녹차 라떼 핫(HOT) (EX),72,2.46,,
라떼_녹차 라떼 핫(HOT) (L),95,2.91,,
라떼_녹차 라떼 핫(HOT) (ML),60,2.03,,9.14
라떼_녹차 라떼 핫(HOT) (R),93,2.93,,
라떼_다크 쇼콜라 아이스(ICED),77,1.83,,
라떼_다크 쇼콜라 핫(HOT),101,3.08,,
라떼_다크초코 라떼 아이스(ICED),52,0.85,,
라떼_다크초코 라떼 핫(HOT),117,1.93,,
라떼_단호박 라떼,59,1.59,,
라떼_단호박 라떼 아이스(ICED),54,2.82,,
라떼_단호박 라떼 아이스(ICED) (Grande),52,1.88,,
라떼_단호박 라떼 아이스(ICED) (Mini Venti),50,1.75,,
라떼_단호박 라떼 아이스(ICED) (Tall),56,1.95,,
라떼_단호박 라떼 아이스(ICED) (Venti),44,1.53,,
라떼_단호박 라떼 핫(HOT),58,3.1,,
라떼_단호박 라떼 핫(HOT) (Grande),54,1.88,,
라떼_단호박 라떼 핫(HOT) (Mini Venti),45,1.58,,
라떼_단호박 라떼 핫(HOT) (Tall),60,2.22,,
라떼_단호박 라떼 핫(HOT) (Venti),44,1.53,,
라떼_달고나 라떼,71,1.33,,
라떼_달고나 라떼,102,1.25,,
라떼_달고나 라떼,46,1.27,,
라떼_달고나 라떼 아이스(ICED),64,1.45,,
라떼_달고나 라떼 아이스(ICED),57,1.22,,
라떼_달고나 라떼 아이스(ICED),64,1.57,,9.56
라떼_달고나 라떼 아이스(ICED),57,1.22,,
라떼_달고나 라떼 아이스(ICED) (EX),63,1.47,,
라떼_달고나 라떼 아이스(ICED) (R),69,1.45,,
라떼_달고나 라떼 핫(HOT),82,2.03,,
라떼_달고나 라떼 핫(HOT),86,2.14,,12.58
라떼_달고나 라떼 핫(HOT),67,1.45,,
라떼_달고나 라떼 핫(HOT),82,2.03,,
라떼_달고나 버블 라떼,69,0.26,,
라떼_달고나 카페 라떼,69,1.39,,
라떼_달고나 카페 버블 라떼,80,1.25,,
라떼_달고나 크림 밀크 아이스(ICED),119,1.04,,
라떼_달고나 크림밀크 아이스(ICED),176,1.48,,
라떼_달고나밀크,48,1.39,,
라떼_달달한 밤 말차크림 라떼 아이스(ICED) (R),90,0.75,,
라떼_달달한 밤 말차크림 라떼 핫(HOT) (R),103,0.89,,
라떼_달콤 구름 라떼,44,1.2,,
라떼_대추 라떼 아이스(ICED),52,1.41,,
라떼_대추 라떼 핫(HOT),81,1.69,,
라떼_더블 초코라떼 아이스(ICED),67,1.9,,
라떼_더블 초코라떼 핫(HOT),106,2.75,,
라떼_더블 초콜릿 라떼 아이스(ICED) (L),105,3.81,,
라떼_더블 초콜릿 라떼 아이스(ICED) (R),112,3.94,,
라떼_더블 초콜릿 라떼 핫(HOT) (L),105,3.81,,
라떼_더블 초콜릿 라떼 핫(HOT) (R),112,3.94,,
라떼_더블 토피넛 라떼 아이스(ICED),113,1.45,,
라떼_더블 토피넛 라떼 핫(HOT),123,1.93,,
라떼_더블초코라떼 아이스(ICED),62,1.34,3.06,8.32
라떼_더블초코라떼 핫(HOT),66,1.47,3.23,8.93
라떼_도넛파티 라떼,181,2.03,,
라떼_돌체 민트초콜릿 라떼 아이스(ICED) (L),72,2.01,,
라떼_돌체 민트초콜릿 라떼 아이스(ICED) (R),62,1.71,,
라떼_돌체 민트초콜릿 라떼 핫(HOT) (L),87,2.85,,
라떼_돌체 민트초콜릿 라떼 핫(HOT) (R),75,2.43,,
라떼_디카페인 민트 모카 아이스(ICED),78,1.5,,
라떼_디카페인 민트 모카 핫(HOT),90,2.07,,
라떼_디카페인 민트 모히또 라떼 아이스(ICED) (EX),82,0.88,,
라떼_디카페인 민트 모히또 라떼 아이스(ICED) (L),83,0.94,,
라떼_디카페인 민트 모히또 라떼 핫(HOT) (EX),104,1.23,,
라떼_디카페인 민트 모히또 라떼 핫(HOT) (L),102,1.13,,
라떼_디카페인 바닐라 크럼블 아이스크림 라떼 아이스(ICED),92,1.59,,
라떼_디카페인 바닐라 크럼블 아이스크림 라떼 아이스(ICED),110,1.88,,
라떼_딥 화이트초코 딸기 라떼 아이스(ICED),65,1.02,,
라떼_딥초코 라떼 아이스(ICED) (L),46,1.37,,6.34
라떼_딥초코 라떼 아이스(ICED) (ML),41,1.27,,5.63
라떼_딥초코 라떼 핫(HOT) (ML),59,1.86,,7.45
라떼_딥초코버블 라떼 아이스(ICED),70,2.03,,
라떼_딥초코버블 라떼 핫(HOT),67,2.0,,
라떼_딸기 (L),61,0.93,,
라떼_딸기 (R),56,1.19,,
라떼_딸기 그린티 라떼,60,1.93,,
라떼_딸기 두유 슈페너 아이스(ICED) (Grande),48,1.67,,
라떼_딸기 두유 슈페너 아이스(ICED) (Tall),52,1.95,,
라떼_딸기 두유 슈페너 아이스(ICED) (Venti),39,1.25,,
라떼_딸기 듬뿍 라떼,69,0.84,,
라떼_딸기 듬뿍 라떼 (EX),43,1.03,,
라떼_딸기 듬뿍 라떼 (L),60,1.39,,
라떼_딸기 듬뿍 라떼 (R),52,1.21,,
라떼_딸기 듬뿍 라떼 (XL),61,1.3,,
라떼_딸기 라떼,48,2.5,,
라떼_딸기 라떼,106,1.2,4.7,14.7
라떼_딸기 라떼,45,1.28,,
라떼_딸기 라떼,65,1.36,2.21,9.87
라떼_딸기 라떼 (L),56,1.0,,
라떼_딸기 라떼 (R),71,1.63,0.72,
라떼_딸기 라떼 (R),53,0.79,,
라떼_딸기 라떼 (초대용량),52,1.04,,
라떼_딸기 라떼 아이스(ICED),51,1.0,,
라떼_딸기 라떼 아이스(ICED),46,1.17,1.36,6.94
라떼_딸기 라떼 아이스(ICED),47,1.13,,
라떼_딸기 라떼 아이스(ICED),50,1.0,,9.8
라떼_딸기 라떼 아이스(ICED),62,0.98,0.93,12.44
라떼_딸기 라떼 아이스(ICED),102,2.54,,
라떼_딸기 라떼 아이스(ICED) (Grande),58,1.25,,
라떼_딸기 라떼 아이스(ICED) (L),42,0.8,,1.8
라떼_딸기 라떼 아이스(ICED) (L),55,1.29,,
라떼_딸기 라떼 아이스(ICED) (L),58,1.33,,
라떼_딸기 라떼 아이스(ICED) (M),51,1.22,,
라떼_딸기 라떼 아이스(ICED) (ML),39,0.85,,1.69
라떼_딸기 라떼 아이스(ICED) (Mini Venti),57,1.23,,
라떼_딸기 라떼 아이스(ICED) (R),55,1.28,,
라떼_딸기 라떼 아이스(ICED) (Tall),63,1.39,,
라떼_딸기 라떼 아이스(ICED) (Venti),57,1.25,,
라떼_딸기 라떼 아이스(ICED) (더벤티),54,1.15,,
라떼_딸기 망고 라떼 아이스(ICED) (Grande),67,1.04,,
라떼_딸기 망고 라떼 아이스(ICED) (Mini Venti),64,1.05,,
라떼_딸기 망고 라떼 아이스(ICED) (Tall),73,1.11,,
라떼_딸기 망고 라떼 아이스(ICED) (Venti),65,0.97,,
라떼_딸기 슈페너 아이스(ICED) (Grande),53,1.04,,
라떼_딸기 슈페너 아이스(ICED) (Mini Venti),54,1.05,,
라떼_딸기 슈페너 아이스(ICED) (Tall),58,1.39,,
라떼_딸기 초코 라떼,80,2.17,,
라떼_딸기 크리미 라떼 아이스(ICED),70,1.29,3.31,8.48
라떼_딸기꾹꾹 라떼 아이스(ICED),95,1.03,,
라떼_딸기꾹꾹 라떼 아이스(ICED) 빅사이즈,95,1.03,,
라떼_딸기라떼 아이스(ICED),71,0.88,2.3,11.17
라떼_딸기버블 라떼 아이스(ICED),85,1.18,,
라떼_딸기쏙쏙 아이스(ICED) (L),42,0.85,,3.07
라떼_라이트 슬림 망고 라떼 노슈거 (Venti),27,0.78,,
라떼_라이트 슬림 망고 라떼 노슈거 (초대용량),27,0.78,,
라떼_레드벨벳 라떼 아이스(ICED),57,1.56,,
라떼_레드벨벳 라떼 핫(HOT),82,2.64,,
라떼_로얄 밀크티 라떼 아이스(ICED),43,1.12,,
라떼_로얄 밀크티 라떼 아이스(ICED),65,1.7,,
라떼_로얄 밀크티 라떼 핫(HOT),81,2.54,,
라떼_로얄 밀크티 라떼 핫(HOT),39,1.4,,
라떼_로얄 밀크티 아이스(ICED),43,1.12,1.15,7.06
라떼_로얄 밀크티 핫(HOT),39,1.4,1.22,5.65
라떼_리얼 단호박 라떼,68,4.0,2.0,8.77
라떼_리얼 생초코 라떼 (초대용량),50,1.76,,
라떼_리얼 쇼콜라 아이스(ICED),104,2.28,,
라떼_리얼 쇼콜라 핫(HOT),116,2.75,,
라떼_리얼 초코 아이스(ICED),104,2.28,,
라떼_리얼 초코 핫(HOT),116,2.75,,
라떼_리얼 홍시라떼,96,0.83,,
라떼_리얼군고구마 라떼,60,1.56,,
라떼_리얼딸기우유,65,0.73,,
라떼_리얼초코 라떼 아이스(ICED),115,3.72,,
라떼_리얼초코 라떼 핫(HOT),110,3.53,,
라떼_리얼초코 아이스(ICED),50,1.66,1.89,7.28
라떼_리얼초코 핫(HOT),76,2.6,3.05,10.22
라떼_리얼프리미엄 모카 (L),168,3.0,,
라떼_리얼프리미엄 모카 (R),169,2.92,,
라떼_리얼프리미엄 바닐라 (L),143,3.15,,
라떼_리얼프리미엄 바닐라 (R),139,2.68,,
라떼_리얼프리미엄 초코 (L),159,3.75,,
라떼_리얼프리미엄 초코 (R),159,3.75,,
라떼_마스카포네치즈 라떼,64,1.26,,
라떼_마카롱파티 라떼,229,2.54,,
라떼_말차 라떼 아이스(ICED),63,1.33,,
라떼_말차 라떼 아이스(ICED) (L),52,1.44,,
라떼_말차 라떼 아이스(ICED) (L),47,1.5,,7.2
라떼_말차 라떼 아이스(ICED) (M),52,1.29,,
라떼_말차 라떼 아이스(ICED) (ML),44,1.41,,6.76
라떼_말차 라떼 아이스(ICED) (더벤티),75,1.46,,
라떼_말차 라떼 핫(HOT),71,1.67,,
라떼_말차 라떼 핫(HOT) (L),59,1.75,,
라떼_말차 라떼 핫(HOT) (M),68,2.05,,
라떼_말차 라떼 핫(HOT) (ML),50,1.69,,7.32
라떼_말차베리 라떼,75,1.89,0.49,
라떼_망고 라떼 아이스(ICED),54,1.18,,
라떼_망고 사고 펄 블랜딩 (Tall),79,0.71,,
라떼_망고 청사과 사고 펄 블랜딩 (Tall),33,0.18,,
라떼_망고라떼,49,1.39,,
라떼_망고라떼 아이스(ICED),94,0.81,2.3,17.43
라떼_망고큐브 아이스(ICED) (L),76,2.33,,
라떼_망고큐브 아이스(ICED) (R),70,1.97,,
라떼_머스캣 밀크티 라떼 아이스(ICED) (L),46,1.56,,
라떼_머스캣 밀크티 라떼 아이스(ICED) (R),46,1.67,,
라떼_머스캣 밀크티 라떼 핫(HOT) (L),67,2.22,,
라떼_머스캣 밀크티 라떼 핫(HOT) (R),67,2.22,,
라떼_메가초코 라떼 아이스(ICED),67,1.27,,
라떼_메가초코 라떼 핫(HOT),86,2.01,,
라떼_멜팅초코 아이스(ICED),84,1.5,,
라떼_멜팅초코 아이스(ICED) (더벤티),83,1.46,,
라떼_멜팅초코 핫(HOT),98,2.17,,
라떼_무안 군고구마 라떼 아이스(ICED) (L),55,1.2,,8.7
라떼_무안 군고구마 라떼 아이스(ICED) (ML),55,1.13,,9.01
라떼_무안 군고구마 라떼 핫(HOT) (ML),61,1.41,,9.43
라떼_미숫가루 라떼 아이스(ICED),77,2.5,,
라떼_미숫가루 라떼 아이스(ICED),50,2.43,2.13,8.05
라떼_미숫가루 라떼 아이스(ICED) (L),85,2.61,,
라떼_미숫가루 라떼 아이스(ICED) (L),81,2.68,,
라떼_미숫가루 라떼 아이스(ICED) (R),66,2.43,,
라떼_미숫가루 라떼 핫(HOT),88,3.0,,
라떼_미숫가루 라떼 핫(HOT) (L),58,2.14,,
라떼_미숫가루 라떼 핫(HOT) (M),60,2.18,,
라떼_미숫가루 아이스(ICED) (L),43,1.28,,
라떼_미숫가루 아이스(ICED) (R),39,1.08,,
라떼_민트 초코 라떼 아이스(ICED),70,1.83,,
라떼_민트 초코 라떼 핫(HOT),87,2.33,,
라떼_민트 초콜릿 라떼 아이스(ICED),60,0.97,,
라떼_민트 초콜릿 라떼 핫(HOT),131,2.12,,
라떼_민트 초콜릿 아이스(ICED),83,1.69,,
라떼_민트 초콜릿 아이스(ICED),74,2.41,,
라떼_민트 초콜릿 핫(HOT),83,1.69,,
라떼_민트 초콜릿 핫(HOT),80,2.6,,
라떼_민트 쵸코 라떼 핫(HOT),56,1.79,,
라떼_민트모히또 라떼 아이스(ICED) (EX),83,1.03,,
라떼_민트모히또 라떼 아이스(ICED) (L),84,0.94,,
라떼_민트모히또 라떼 핫(HOT) (EX),105,1.38,,
라떼_민트모히또 라떼 핫(HOT) (L),103,1.32,,
라떼_민트초코 라떼 아이스(ICED),71,1.86,,
라떼_민트초코 라떼 아이스(ICED),109,2.33,,17.1
라떼_민트초코 라떼 아이스(ICED),70,2.82,,
라떼_민트초코 라떼 아이스(ICED),31,1.36,,
라떼_민트초코 라떼 아이스(ICED),107,1.41,,
라떼_민트초코 라떼 아이스(ICED) (Grande),69,1.88,,
라떼_민트초코 라떼 아이스(ICED) (L),78,1.4,,
라떼_민트초코 라떼 아이스(ICED) (L),84,1.45,,
라떼_민트초코 라떼 아이스(ICED) (L),66,1.49,,
라떼_민트초코 라떼 아이스(ICED) (L),49,1.3,,7.0
라떼_민트초코 라떼 아이스(ICED) (M),56,1.24,,
라떼_민트초코 라떼 아이스(ICED) (ML),46,1.27,,6.62
라떼_민트초코 라떼 아이스(ICED) (Mini Venti),65,1.75,,
라떼_민트초코 라떼 아이스(ICED) (R),74,1.2,,
라떼_민트초코 라떼 아이스(ICED) (R),78,1.4,,
라떼_민트초코 라떼 아이스(ICED) (Tall),72,1.95,,
라떼_민트초코 라떼 아이스(ICED) (Venti),59,1.53,,
라떼_민트초코 라떼 핫(HOT),77,3.38,,
라떼_민트초코 라떼 핫(HOT),84,1.57,,13.9
라떼_민트초코 라떼 핫(HOT),133,2.83,,
라떼_민트초코 라떼 핫(HOT),127,3.38,,
라떼_민트초코 라떼 핫(HOT) (Grande),73,2.08,,
라떼_민트초코 라떼 핫(HOT) (L),70,1.79,,
라떼_민트초코 라떼 핫(HOT) (L),113,2.7,,
라떼_민트초코 라떼 핫(HOT) (L),118,2.59,,
라떼_민트초코 라떼 핫(HOT) (M),68,1.96,,
라떼_민트초코 라떼 핫(HOT) (ML),52,1.55,,7.04
라떼_민트초코 라떼 핫(HOT) (Mini Venti),68,1.75,,
라떼_민트초코 라떼 핫(HOT) (R),113,2.71,,
라떼_민트초코 라떼 핫(HOT) (R),132,2.84,,
라떼_민트초코 라떼 핫(HOT) (Tall),79,2.22,,
라떼_민트초코 라떼 핫(HOT) (Venti),61,1.53,,
라떼_민트초코 아이스(ICED),89,1.41,,
라떼_민트초코 핫(HOT),118,2.54,,
라떼_민트초코오레오라떼 아이스(ICED),88,1.57,3.86,9.56
라떼_민트초콜릿 아이스(ICED),84,1.58,,
라떼_민트초콜릿 핫(HOT),90,2.07,,
라떼_민트쵸코 라떼 아이스(ICED),31,1.36,,
라떼_민트쵸코 라떼 핫(HOT),56,1.79,,
라떼_민트쿠키 라떼 아이스(ICED),108,3.38,,
라떼_민트쿠키 라떼 핫(HOT),104,3.23,,
라떼_민트크림초코,67,1.25,2.17,10.5
라떼_민트크림초코 라떼 아이스(ICED),60,1.18,,
라떼_민트크림초코 라떼 핫(HOT),67,1.57,,
라떼_밀크티,61,1.65,1.83,9.47
라떼_밀크티 라떼,90,2.5,,
라떼_밀크티 라떼 아이스(ICED),91,3.05,,
라떼_밀크티 라떼 아이스(ICED),66,1.67,,
라떼_밀크티 라떼 아이스(ICED),56,1.69,,
라떼_밀크티 라떼 아이스(ICED) (Grande),67,1.25,,
라떼_밀크티 라떼 아이스(ICED) (L),27,0.87,,
라떼_밀크티 라떼 아이스(ICED) (Mini Venti),63,1.23,,
라떼_밀크티 라떼 아이스(ICED) (R),27,0.86,,
라떼_밀크티 라떼 아이스(ICED) (Tall),72,1.67,,
라떼_밀크티 라떼 아이스(ICED) (Venti),57,1.11,,
라떼_밀크티 라떼 핫(HOT),72,2.54,,
라떼_밀크티 라떼 핫(HOT),84,2.77,,
라떼_밀크티 라떼 핫(HOT),90,2.5,,
라떼_밀크티 라떼 핫(HOT) (Grande),75,29.16,,
라떼_밀크티 라떼 핫(HOT) (L),60,2.4,,
라떼_밀크티 라떼 핫(HOT) (Mini Venti),72,28.24,,
라떼_밀크티 라떼 핫(HOT) (R),60,2.42,,
라떼_밀크티 라떼 핫(HOT) (Tall),79,32.5,,
라떼_밀크티 라떼 핫(HOT) (Venti),64,25.28,,
라떼_밀크티 버블 라떼,55,1.52,,
라떼_밀크티 버블 라떼 (L),67,1.11,,
라떼_밀크티 브라운 슈가 버블 라떼 (R),80,1.11,,
라떼_밀크폼 그린티 버블 라떼,64,1.04,,
라떼_밀크폼 단호박 라떼,52,1.11,,
라떼_밀크폼 달고나 버블 라떼,83,1.3,,
라떼_밀크폼 달고나 카페 버블 라떼,70,1.08,,
라떼_밀크폼 쑥 버블 라떼,63,0.65,,
라떼_밀크폼 쑥임자 버블 라떼,72,0.86,,
라떼_밀크폼 자색고구마 라떼,73,1.67,,
라떼_밀크폼 초코 버블 라떼,63,1.25,,
라떼_밀크폼 홍시 라떼,101,1.11,,
라떼_밀크폼 흑임자 버블 라떼,70,1.08,,
라떼_바나나 라떼 아이스(ICED),42,1.27,,
라떼_바나나 라떼 아이스(ICED) (R),86,1.5,,
라떼_바나나 라떼 핫(HOT),64,1.9,,
라떼_바나나듬뿍 아이스(ICED) (L),83,1.16,,7.29
라떼_바닐라,72,2.58,3.17,8.38
라떼_바닐라 크럼블 아이스크림 라떼 아이스(ICED),92,1.64,,
라떼_바닐라 크럼블 아이스크림 라떼 아이스(ICED),112,2.03,,
라떼_바닐라라떼 아이스(ICED),34,0.86,1.15,4.83
라떼_바닐라라떼 핫(HOT),44,1.27,1.69,5.51
라떼_바닐라볼 밀크티 라떼 아이스(ICED) (Grande),68,1.25,,
라떼_바닐라볼 밀크티 라떼 아이스(ICED) (Mini Venti),71,1.23,,
라떼_바닐라볼 밀크티 라떼 아이스(ICED) (Tall),76,1.39,,
라떼_바닐라볼 밀크티 라떼 아이스(ICED) (Venti),68,1.11,,
라떼_밤 라떼 아이스(ICED),58,2.82,,
라떼_밤 라떼 아이스(ICED) (Grande),56,1.67,,
라떼_밤 라떼 아이스(ICED) (Mini Venti),52,1.58,,
라떼_밤 라떼 아이스(ICED) (Tall),60,1.95,,
라떼_밤 라떼 아이스(ICED) (Venti),45,1.39,,
라떼_밤 라떼 핫(HOT),62,3.1,,
라떼_밤 라떼 핫(HOT) (Grande),58,1.88,,
라떼_밤 라떼 핫(HOT) (Mini Venti),55,1.58,,
라떼_밤 라떼 핫(HOT) (Tall),64,1.95,,
라떼_밤 라떼 핫(HOT) (Venti),48,1.39,,
라떼_밤고구마 라떼 아이스(ICED) (L),61,1.21,,
라떼_밤고구마 라떼 아이스(ICED) (R),56,1.16,,
라떼_밤고구마 라떼 핫(HOT) (L),77,1.99,,
라떼_버블 흑당 라떼 아이스(ICED) (EX),86,1.32,,
라떼_버블 흑당 라떼 아이스(ICED) (R),74,1.21,,
라떼_버블흑당 라떼,64,0.97,,
라떼_베리큐브 아이스(ICED) (L),74,2.54,,
라떼_베리큐브 아이스(ICED) (R),67,1.97,,
라떼_봄 딸기 아이스크림 라떼 아이스(ICED),66,1.23,,
라떼_브라운샷버블 라떼 아이스(ICED),62,1.35,,
라떼_브라운샷버블 라떼 핫(HOT),56,1.23,,
라떼_브라운슈가버블 라떼 아이스(ICED),60,1.35,,
라떼_브라운슈가버블 라떼 핫(HOT),54,1.23,,
라떼_블랙 슈가 밀크,65,1.41,0.96,
라떼_블랙 슈가 카페 라떼,61,1.23,0.76,
라떼_블랙 타이거 라떼 아이스(ICED),181,5.59,6.75,24.3
라떼_블랙 타이거 라떼 핫(HOT),170,5.79,7.26,20.21
라떼_블랙빈 라떼 아이스(ICED),57,1.65,2.01,7.88
라떼_블랙빈 라떼 핫(HOT),87,2.68,3.34,11.14
라떼_블랙슈가 버블 밀크 아이스(ICED),65,1.42,,
라떼_블랙펄 라떼 아이스(ICED),56,1.13,,
라떼_블루베리 라떼,65,1.42,1.51,11.45
라떼_블루베리라떼 아이스(ICED),91,0.81,2.3,16.58
라떼_빅바나 리얼초코 아이스(ICED),53,1.72,1.93,8.09
라떼_빅바나 미숫가루 라떼 아이스(ICED),73,3.51,3.16,11.36
라떼_산타 코코넛 애플티 라떼 아이스(ICED),52,1.15,1.22,9.04
라떼_생강 라떼,60,2.82,,
라떼_생강 라떼,132,2.14,,
라떼_생딸기 라떼,52,1.21,,
라떼_샤이닝 슈가 아이스(ICED) (L),48,1.27,,6.34
라떼_샤이닝 슈가 아이스(ICED) (ML),44,1.13,,5.49
라떼_설향 딸기 라떼 아이스(ICED),45,0.99,,
라떼_설향 생딸기 라떼,99,1.7,,
라떼_솔티드 카라멜 마키아토 아이스(ICED),55,1.39,,
라떼_솔티드 카라멜 마키아토 핫(HOT),79,2.24,,
라떼_순수 딸기 바나나 우유,67,1.39,,
라떼_순수 딸기 우유,74,1.39,,
라떼_순수 우유 보틀 딸기,141,1.33,,
라떼_순수 우유 보틀 딸기바나나,229,5.0,,
라떼_순수 우유 보틀 딸기바나나 요거트,124,2.67,,
라떼_순수 우유 보틀 딸기요거트,110,2.33,,
라떼_순수우유 딸기,74,1.39,,
라떼_순수우유 딸기바나나,67,1.39,,
라떼_슈파티 라떼,127,2.54,,
라떼_스트로베리 그린티 치즈크림 아이스(ICED),121,1.88,,
라떼_스트로베리 라떼,192,2.25,,
라떼_스트로베리 라떼 아이스(ICED) (Grande),87,1.67,,
라떼_스트로베리 라떼 아이스(ICED) (L),53,1.69,,
라떼_스트로베리 라떼 아이스(ICED) (Mini Venti),85,1.58,,
라떼_스트로베리 라떼 아이스(ICED) (R),52,1.69,,
라떼_스트로베리 라떼 아이스(ICED) (Tall),92,1.67,,
라떼_스트로베리 라떼 아이스(ICED) (Venti),76,1.53,,
라떼_스트로베리 바나나 라떼 아이스(ICED) (ML),54,0.99,,6.9
라떼_스트로베리 바나나크림 아이스(ICED),102,1.67,,
라떼_슬림 딸기 라떼 아이스(ICED),27,1.33,,
라떼_슬림 딸기 요거트 라떼 아이스(ICED),25,1.34,,
라떼_슬림 리얼 생 초코 라떼 아이스(ICED),31,1.96,,
라떼_슬림 리얼 생초코 라떼 (Venti),31,1.96,,
라떼_슬림 망고 라떼 아이스(ICED),33,1.17,,
라떼_슬림 타로 라떼 (Venti),31,1.56,,
라떼_슬림 타로 라떼 (초대용량),31,1.56,,
라떼_시그리처 라떼 아이스(ICED) (L),71,1.13,,
라떼_시나몬 크림 초코 핫(HOT) (L),88,2.84,,
라떼_시나몬 크림 초코 핫(HOT) (R),105,3.32,,
라떼_시나몬크림초코 아이스(ICED) (L),54,1.46,,
라떼_시나몬크림초코 아이스(ICED) (R),57,1.29,,
라떼_쌍화 라떼,93,3.1,,
라떼_쌍화 라떼 아이스(ICED),49,1.27,,
라떼_쌍화 라떼 핫(HOT),80,1.69,,
라떼_쌍화라떼 아이스(ICED),83,1.33,,
라떼_쌍화라떼 핫(HOT),109,2.42,,
라떼_쑥 라떼 아이스(ICED) (L),80,2.54,,
라떼_쑥 라떼 아이스(ICED) (Max),72,2.2,,
라떼_쑥 라떼 아이스(ICED) (R),69,2.17,,
라떼_쑥 라떼 핫(HOT) (L),75,1.9,,
라떼_쑥 라떼 핫(HOT) (R),80,1.97,,
라떼_아몬드코코넛 라떼 아이스(ICED) (Grande),76,2.08,,
라떼_아몬드코코넛 라떼 아이스(ICED) (Mini Venti),70,1.93,,
라떼_밤고구마 라떼 핫(HOT) (R),67,1.71,,
라떼_아몬드코코넛 라떼 아이스(ICED) (Tall),70,1.95,,
라떼_아몬드코코넛 라떼 아이스(ICED) (Venti),66,1.67,,
라떼_아몬드코코넛 라떼 핫(HOT) (Grande),75,2.29,,
라떼_아몬드코코넛 라떼 핫(HOT) (Mini Venti),73,2.11,,
라떼_아몬드코코넛 라떼 핫(HOT) (Tall),82,2.5,,
라떼_아몬드코코넛 라떼 핫(HOT) (Venti),66,1.81,,
라떼_아이스버블 밀크티 라떼 아이스(ICED) (L),82,1.69,,
라떼_아이스버블 밀크티 라떼 아이스(ICED) (R),74,1.45,,
라떼_아이스크림 딸기 라떼,75,2.5,,
라떼_아이스크림 라떼 아이스(ICED),70,1.46,,
라떼_아이스크림 라떼 아이스(ICED) (더벤티),74,1.04,,
라떼_아이스크림 망고 라떼,75,1.67,,
라떼_아이스크림 콜드브루 라떼,67,2.21,2.09,
라떼_앙버터 라떼,135,1.86,3.41,
라떼_애플망고 아이스볼 라떼,47,0.67,,
라떼_약과 오트라떼 아이스(ICED),73,0.34,,
라떼_약과 오트라떼 핫(HOT),82,0.51,,
라떼_얼그레이 밀크티 라떼 아이스(ICED),70,2.54,,
라떼_얼그레이 밀크티 라떼 아이스(ICED) (L),48,1.56,,
라떼_얼그레이 밀크티 라떼 아이스(ICED) (R),48,1.67,,
라떼_얼그레이 밀크티 라떼 핫(HOT),70,2.54,,
라떼_얼그레이 밀크티 라떼 핫(HOT) (L),59,1.78,,
라떼_얼그레이 밀크티 라떼 핫(HOT) (R),59,1.67,,
라떼_얼그레이 크림 라떼 아이스(ICED),85,2.03,,
라떼_영암 고구마 라떼 아이스(ICED),61,1.48,,
라떼_영암 고구마 라떼 핫(HOT),76,1.69,,
라떼_영암고구마 라떼 아이스(ICED),61,1.32,1.6,10.24
라떼_영암고구마 라떼 핫(HOT),92,2.25,2.81,14.22
라떼_오곡 라떼,81,2.78,,
라떼_오곡 라떼,65,1.65,2.15,9.79
라떼_오곡 라떼 아이스(ICED),69,2.22,,
라떼_오곡 라떼 아이스(ICED),92,3.55,,
라떼_오곡 라떼 아이스(ICED) (L),90,2.14,,
라떼_오곡 라떼 아이스(ICED) (L),54,2.22,,
라떼_오곡 라떼 아이스(ICED) (R),53,2.22,,
라떼_오곡 라떼 아이스(ICED) (R),63,1.5,,
라떼_오곡 라떼 저당 라떼 핫(HOT),65,2.46,,
라떼_오곡 라떼 저당 아이스(ICED),48,1.86,,
라떼_오곡 라떼 핫(HOT),81,2.78,,
라떼_오곡 라떼 핫(HOT),96,3.53,,
라떼_오곡 라떼 핫(HOT) (L),83,3.33,,
라떼_오곡 라떼 핫(HOT) (L),129,3.67,,
라떼_오곡 라떼 핫(HOT) (R),83,3.33,,
라떼_오곡 라떼 핫(HOT) (R),120,3.58,,
라떼_오레오 초코 라떼 아이스(ICED),76,1.64,2.81,11.15
라떼_오레오 크림 초코 라떼 아이스(ICED),92,1.95,,
라떼_오레오초코 라떼 아이스(ICED),82,1.52,,
라떼_오미자 라떼,133,2.0,,
라떼_오트밀 라떼 아이스(ICED),70,2.31,,8.52
라떼_오트밀 라떼 핫(HOT),99,3.36,,11.67
라떼_옥수수 라떼 아이스(ICED) (L),49,1.48,,7.72
라떼_옥수수 라떼 아이스(ICED) (ML),45,1.27,,7.18
라떼_옥수수 라떼 핫(HOT) (ML),61,2.03,,9.31
라떼_옥수수 크리미 라떼 아이스(ICED),63,1.47,,8.84
라떼_왕메가초코 아이스(ICED),60,1.24,1.36,10.67
라떼_우리 12곡 라떼 아이스(ICED),73,2.25,,
라떼_우리 12곡 라떼 핫(HOT),96,3.33,,
라떼_우리 고구마 라떼 아이스(ICED),67,1.69,,
라떼_우리 고구마 라떼 핫(HOT),93,2.54,,
라떼_우리 고구마 밀크폼 라떼 아이스(ICED),82,1.98,,
라떼_우리 고구마 밀크폼 라떼 핫(HOT),108,2.54,,
라떼_우리쌀 라떼 아이스(ICED),62,1.83,,
라떼_우리쌀 라떼 핫(HOT),84,2.54,,
라떼_이곡 라떼 아이스(ICED),57,2.11,,
라떼_이곡 라떼 핫(HOT),67,2.62,,
라떼_이천 쌀 라떼 아이스(ICED) (Grande),69,1.25,,
라떼_이천 쌀 라떼 아이스(ICED) (Mini Venti),69,1.23,,
라떼_이천 쌀 라떼 아이스(ICED) (Tall),72,1.39,,
라떼_이천 쌀 라떼 아이스(ICED) (Venti),64,1.11,,
라떼_이천 쌀 라떼 핫(HOT) (Grande),82,2.08,,
라떼_이천 쌀 라떼 핫(HOT) (Mini Venti),82,1.93,,
라떼_이천 쌀 라떼 핫(HOT) (Tall),83,2.22,,
라떼_이천 쌀 라떼 핫(HOT) (Venti),73,1.67,,
라떼_잉글리쉬 브렉퍼스트 라떼 핫(HOT),66,1.69,,10.99
라떼_잉글리시 브렉퍼스트 티 라떼 아이스(ICED) (R),46,1.32,,
라떼_잉글리시 브렉퍼스트 티 라떼 핫(HOT) (R),70,2.5,,
라떼_자몽 라떼,63,2.54,,
라떼_자몽 라떼 아이스(ICED) (Grande),64,1.67,,
라떼_자몽 라떼 아이스(ICED) (Tall),68,1.67,,
라떼_자몽 라떼 아이스(ICED) (Venti),54,1.25,,
라떼_자색고구마 라떼 (R),99,2.91,2.1,
라떼_자색고구마 라떼 아이스(ICED),37,1.56,,4.01
라떼_자색고구마 라떼 아이스(ICED) (L),47,1.2,,7.5
라떼_자색고구마 라떼 아이스(ICED) (ML),44,1.13,,7.04
라떼_자색고구마 라떼 핫(HOT),57,2.49,,5.97
라떼_자색고구마 라떼 핫(HOT) (ML),50,1.41,,7.6
라떼_저칼로리 딸기 라떼 노슈거 (Venti),18,0.85,,
라떼_저칼로리 딸기 라떼 노슈거 (초대용량),18,0.85,,
라떼_저칼로리 딸기 요거트 라떼 노슈거 (Venti),18,1.21,,
라떼_정말 맛있는 프로틴 바나나 라떼 (Venti),63,4.19,,
라떼_정말 맛있는 프로틴 코코넛 라떼 (Venti),62,4.26,,
라떼_정말 맛있는 프로틴 타로 라떼 (Venti),63,4.0,,
라떼_제주 까망 라떼 아이스(ICED) (Grande),93,2.11,,
라떼_제주 까망 라떼 핫(HOT) (Grande),94,2.75,,
라떼_제주 말차 라떼 아이스(ICED),58,1.8,,
라떼_제주 말차 라떼 아이스(ICED),71,1.7,,
라떼_제주 말차 라떼 아이스(ICED) (L),49,1.29,,
라떼_제주 말차 라떼 아이스(ICED) (R),49,1.3,,
라떼_제주 말차 라떼 핫(HOT),74,2.35,,
라떼_제주 말차 라떼 핫(HOT),98,2.83,,
라떼_제주 말차 라떼 핫(HOT) (L),103,3.0,,
라떼_제주 말차 라떼 핫(HOT) (R),88,2.58,,
라떼_제주 쑥쑥 라떼 핫(HOT) (Grande),90,3.38,,
라떼_제주 유기농 말차로 만든 라떼 아이스(ICED) (Tall),44,1.69,,
라떼_제주 유기농 말차로 만든 라떼 핫(HOT) (Tall),58,2.54,,
라떼_제주 첫물 차광 녹차 라떼 아이스(ICED),84,2.54,,15.22
라떼_제주 첫물 차광 녹차 라떼 핫(HOT),96,3.38,,16.49
라떼_제주녹차 라떼 아이스(ICED),64,1.69,,
라떼_제주녹차 라떼 아이스(ICED) (L),64,2.0,,
라떼_제주녹차 라떼 아이스(ICED) (R),64,1.94,,
라떼_제주녹차 라떼 핫(HOT),56,1.54,,
라떼_제주녹차 라떼 핫(HOT) (L),77,2.67,,
라떼_제주녹차 라떼 핫(HOT) (R),76,2.78,,
라떼_제주말차 라떼 아이스(ICED),68,1.48,,
라떼_제주말차 라떼 아이스(ICED) (L),68,1.48,,
라떼_제주말차 라떼 아이스(ICED) (XL),75,1.57,,
라떼_제주말차 라떼 아이스(ICED) 빅사이즈,75,1.57,,
라떼_제주말차 라떼 핫(HOT),117,2.44,,
라떼_제주말차 라떼 핫(HOT) (L),117,2.44,,
라떼_제주말차 라떼 핫(HOT) (XL),115,2.41,,
라떼_제주말차 라떼 핫(HOT) 빅사이즈,115,2.41,,
라떼_제주말차 크리미 라떼 아이스(ICED),69,1.33,3.36,8.13
라떼_진저 (L),100,2.5,,
라떼_진저 (R),95,2.57,,
라떼_진저 라떼 아이스(ICED),88,2.22,,
라떼_진저 라떼 핫(HOT),88,2.22,,
라떼_진저 흑당 라떼 아이스(ICED),84,2.22,,
라떼_진저 흑당 라떼 핫(HOT),84,2.22,,
라떼_짱구 초코 라떼 아이스(ICED),124,3.86,,
라떼_차이 라떼 아이스(ICED),68,1.9,,11.21
라떼_차이 라떼 아이스(ICED) (L),47,1.48,,7.61
라떼_차이 라떼 아이스(ICED) (ML),45,1.27,,7.46
라떼_차이 라떼 핫(HOT),66,1.69,,10.99
라떼_차이 라떼 핫(HOT) (ML),61,2.03,,9.48
라떼_차이티 라떼 아이스(ICED) (Tall),54,1.41,,
라떼_차이티 라떼 핫(HOT) (Tall),56,1.69,,
라떼_체리 요거트 라떼,107,1.69,,
라떼_초당 옥수수 라떼 아이스(ICED) (Grande),47,1.67,,
라떼_초당 옥수수 라떼 아이스(ICED) (Mini Venti),43,1.58,,
라떼_초당 옥수수 라떼 아이스(ICED) (Tall),48,1.67,,
라떼_초당 옥수수 라떼 아이스(ICED) (Venti),39,1.39,,
라떼_초당 옥수수 라떼 핫(HOT) (Grande),51,5.0,,
라떼_초당 옥수수 라떼 핫(HOT) (Mini Venti),47,4.74,,
라떼_초당 옥수수 라떼 핫(HOT) (Tall),55,5.28,,
라떼_초당 옥수수 라떼 핫(HOT) (Venti),40,4.17,,
라떼_초당옥수수 라떼 아이스(ICED),46,2.54,,
라떼_초당옥수수 라떼 핫(HOT),52,3.1,,
라떼_초코 라떼,89,2.78,,
라떼_초코 라떼,64,1.43,,
라떼_초코 라떼 아이스(ICED),80,1.67,,
라떼_초코 라떼 아이스(ICED),61,1.67,,
라떼_초코 라떼 아이스(ICED),59,1.7,,
라떼_초코 라떼 아이스(ICED),50,1.46,,
라떼_초코 라떼 아이스(ICED),75,2.82,,
라떼_초코 라떼 아이스(ICED),54,1.88,,
라떼_초코 라떼 아이스(ICED),54,1.41,,
라떼_초코 라떼 아이스(ICED),56,1.98,,
라떼_초코 라떼 아이스(ICED) (Grande),79,1.88,,
라떼_초코 라떼 아이스(ICED) (L),82,1.61,,
라떼_초코 라떼 아이스(ICED) (L),48,1.4,,7.0
라떼_초코 라떼 아이스(ICED) (L),88,2.87,,
라떼_초코 라떼 아이스(ICED) (L),55,1.45,,
라떼_초코 라떼 아이스(ICED) (M),50,1.29,,
라떼_초코 라떼 아이스(ICED) (ML),45,1.27,,6.62
라떼_초코 라떼 아이스(ICED) (Mini Venti),78,1.75,,
라떼_초코 라떼 아이스(ICED) (R),75,2.48,,
라떼_초코 라떼 아이스(ICED) (R),82,1.49,,
라떼_초코 라떼 아이스(ICED) (Tall),77,1.95,,
라떼_초코 라떼 아이스(ICED) (Venti),71,1.67,,
라떼_초코 라떼 아이스(ICED) (더벤티),86,1.98,,
라떼_초코 라떼 아이스(ICED) 빽사이즈,59,1.59,,
라떼_초코 라떼 핫(HOT),92,3.18,,
라떼_초코 라떼 핫(HOT),88,2.17,,
라떼_초코 라떼 핫(HOT),64,1.7,,
라떼_초코 라떼 핫(HOT),81,2.98,,
라떼_초코 라떼 핫(HOT),72,1.9,,
라떼_초코 라떼 핫(HOT),89,2.78,,
라떼_초코 라떼 핫(HOT),82,3.38,,
라떼_초코 라떼 핫(HOT),79,2.85,,
라떼_초코 라떼 핫(HOT) (Grande),83,2.08,,
라떼_초코 라떼 핫(HOT) (L),59,1.74,,
라떼_초코 라떼 핫(HOT) (L),129,2.77,,
라떼_초코 라떼 핫(HOT) (L),124,4.5,,
라떼_초코 라떼 핫(HOT) (M),62,2.01,,
라떼_초코 라떼 핫(HOT) (ML),51,1.69,,7.04
라떼_초코 라떼 핫(HOT) (Mini Venti),77,1.93,,
라떼_초코 라떼 핫(HOT) (R),111,4.06,,
라떼_초코 라떼 핫(HOT) (R),123,2.77,,
라떼_초코 라떼 핫(HOT) (Tall),84,2.22,,
라떼_초코 라떼 핫(HOT) (Venti),73,1.67,,
라떼_초코 리얼 라떼 아이스(ICED),70,1.43,,
라떼_초코 리얼 라떼 아이스(ICED) (L),70,1.43,,
라떼_초코 리얼 라떼 아이스(ICED) (XL),81,1.68,,
라떼_초코 리얼 라떼 아이스(ICED) 빅사이즈,81,1.68,,
라떼_초코 리얼 라떼 핫(HOT),111,2.49,,
라떼_초코 리얼 라떼 핫(HOT) (L),111,2.49,,
라떼_초코 리얼 라떼 핫(HOT) (XL),109,2.56,,
라떼_초코 리얼 라떼 핫(HOT) 빅사이즈,109,2.56,,
라떼_초코 바나나 라떼 아이스(ICED) (Grande),87,29.58,,
라떼_초코 바나나 라떼 아이스(ICED) (Mini Venti),81,27.36,,
라떼_초코 바나나 라떼 아이스(ICED) (Tall),85,31.67,,
라떼_초코 바나나 라떼 아이스(ICED) (Venti),78,24.17,0.0,0.0
라떼_초코 바나나 라떼 핫(HOT) (Grande),91,2.08,,
라떼_초코 바나나 라떼 핫(HOT) (Mini Venti),87,1.75,,
라떼_초코 바나나 라떼 핫(HOT) (Tall),89,2.22,,
라떼_초코 바나나 라떼 핫(HOT) (Venti),78,1.53,,
라떼_초코 버블 라떼 핫(HOT),97,2.11,,
라떼_초코 베리 라떼 아이스(ICED) (Grande),88,1.88,,
라떼_초코 베리 라떼 아이스(ICED) (Mini Venti),85,1.75,,
라떼_초코 베리 라떼 아이스(ICED) (Tall),84,1.95,,
라떼_초코 베리 라떼 아이스(ICED) (Venti),75,1.39,,
라떼_초코 베리 라떼 핫(HOT) (Grande),89,1.88,,
라떼_초코 베리 라떼 핫(HOT) (Mini Venti),86,1.75,,
라떼_초코 베리 라떼 핫(HOT) (Tall),88,1.95,,
라떼_초코 베리 라떼 핫(HOT) (Venti),75,1.39,,
라떼_초코 아이스(ICED),86,1.98,,
라떼_초코 아이스(ICED),62,1.52,1.07,11.68
라떼_초코 핫(HOT),65,1.84,1.29,11.47
라떼_초코 핫(HOT),103,2.83,,
라떼_초코밀크 버블 라떼 아이스(ICED),83,1.53,,
라떼_초코바나나 라떼 아이스(ICED),84,3.1,,
라떼_초코바나나 라떼 핫(HOT),91,3.66,,
라떼_초코베리 라떼 아이스(ICED),83,2.82,,
라떼_초코베리 라떼 핫(HOT),86,3.1,,
라떼_초콜릿 라떼 아이스(ICED),62,1.93,,
라떼_초콜릿 라떼 아이스(ICED) (L),62,2.22,,
라떼_초콜릿 라떼 아이스(ICED) (L),83,2.07,,
라떼_초콜릿 라떼 아이스(ICED) (L),56,1.92,,
라떼_초콜릿 라떼 아이스(ICED) (R),62,2.22,,
라떼_초콜릿 라떼 아이스(ICED) (R),56,1.93,,
라떼_초콜릿 라떼 아이스(ICED) (R),79,1.84,,
라떼_초콜릿 라떼 핫(HOT),67,2.08,,
라떼_초콜릿 라떼 핫(HOT) (L),96,3.62,,
라떼_초콜릿 라떼 핫(HOT) (L),126,3.08,,
라떼_초콜릿 라떼 핫(HOT) (L),63,2.22,,
라떼_초콜릿 라떼 핫(HOT) (R),63,2.22,,
라떼_초콜릿 라떼 핫(HOT) (R),82,3.11,,
라떼_초콜릿 라떼 핫(HOT) (R),120,3.27,,
라떼_초콜릿 밀크 아이스(ICED),72,1.5,,
라떼_초콜릿 밀크 핫(HOT),98,2.58,,
라떼_초콜릿 아이스(ICED),77,1.69,,
라떼_초콜릿 아이스(ICED) (EX),71,1.47,,
라떼_초콜릿 핫(HOT),98,2.34,,
라떼_초콜릿 핫(HOT) (EX),83,2.3,,
라떼_초콜릿라떼 (R),96,3.62,2.11,
라떼_치즈군고구마 라떼,73,1.64,,
라떼_카라멜쿠키 라떼 핫(HOT),84,3.38,,
라떼_카카오 라떼 아이스(ICED),60,2.82,,
라떼_카카오 라떼 핫(HOT),60,2.82,,
라떼_캐시미어 초코 (L),186,3.54,,
라떼_캐시미어 초코 (R),180,3.45,,
라떼_코코넛 라떼 아이스(ICED) (더벤티),50,1.56,,
라떼_콘 라떼 아이스(ICED),83,2.68,2.93,12.68
라떼_콘 라떼 핫(HOT),135,2.9,5.48,18.39
라떼_쿠앤크 라떼 아이스(ICED) (L),54,1.48,,7.82
라떼_쿠앤크 라떼 아이스(ICED) (ML),50,1.27,,7.18
라떼_쿠앤크 라떼 핫(HOT) (ML),63,1.86,,8.63
라떼_쿠엔크 라떼 아이스(ICED) (L),51,1.4,,7.4
라떼_쿠엔크 라떼 아이스(ICED) (ML),50,1.27,,7.18
라떼_쿠엔크 라떼 핫(HOT) (ML),52,1.55,,7.18
라떼_쿠키초코라떼 아이스(ICED),84,1.57,4.01,10.15
라떼_쿠키초코라떼 핫(HOT),90,1.73,4.28,10.95
라떼_쿠키크림 라떼 아이스(ICED) (L),74,1.7,,
라떼_쿠키크림 라떼 아이스(ICED) (M),72,1.54,,
라떼_쿠키크림 라떼 핫(HOT) (L),78,2.0,,
라떼_쿠키크림 라떼 핫(HOT) (M),84,2.27,,
라떼_크림 라떼,192,1.5,,
라떼_타로 버블 라떼 (L),72,1.56,,
라떼_토피 넛 라떼 아이스(ICED),61,1.38,,
라떼_토피 넛 라떼 아이스(ICED) (EX),61,1.5,,
라떼_토피 넛 라떼 핫(HOT),74,1.99,,
라떼_토피 넛 라떼 핫(HOT) (EX),80,2.42,,
라떼_토피 모카 라떼 아이스(ICED),69,1.69,,
라떼_토피 모카 라떼 핫(HOT),104,2.96,,
라떼_토피넛 라떼,121,0.83,,
라떼_토피넛 라떼,68,1.56,2.52,9.83
라떼_토피넛 라떼 아이스(ICED),66,1.13,,
라떼_토피넛 라떼 아이스(ICED),106,1.67,,
라떼_토피넛 라떼 아이스(ICED),106,3.05,,
라떼_토피넛 라떼 아이스(ICED),83,1.69,,
라떼_토피넛 라떼 아이스(ICED),57,1.37,,
라떼_토피넛 라떼 아이스(ICED),54,1.45,,
라떼_토피넛 라떼 아이스(ICED),62,1.56,,
라떼_토피넛 라떼 아이스(ICED),59,1.37,,
라떼_토피넛 라떼 아이스(ICED),66,1.45,,9.13
라떼_토피넛 라떼 아이스(ICED) (EX),51,1.47,,
라떼_토피넛 라떼 아이스(ICED) (L),53,2.44,,
라떼_토피넛 라떼 아이스(ICED) (L),99,1.27,,
라떼_토피넛 라떼 아이스(ICED) (R),52,2.06,,
라떼_토피넛 라떼 아이스(ICED) (R),90,1.2,,
라떼_토피넛 라떼 아이스(ICED) (더벤티),69,1.46,,
라떼_토피넛 라떼 핫(HOT),90,1.82,,
라떼_토피넛 라떼 핫(HOT),71,2.08,,
라떼_토피넛 라떼 핫(HOT),82,2.22,,
라떼_토피넛 라떼 핫(HOT),87,1.69,,
라떼_토피넛 라떼 핫(HOT),118,2.64,,
라떼_토피넛 라떼 핫(HOT),85,2.22,,
라떼_토피넛 라떼 핫(HOT),98,2.42,,12.77
라떼_토피넛 라떼 핫(HOT),103,3.08,,
라떼_토피넛 라떼 핫(HOT),62,1.59,1.76,10.02
라떼_토피넛 라떼 핫(HOT) (EX),74,2.46,,
라떼_토피넛 라떼 핫(HOT) (L),146,2.69,,
라떼_토피넛 라떼 핫(HOT) (L),97,4.03,,
라떼_토피넛 라떼 핫(HOT) (R),140,2.66,,
라떼_토피넛 라떼 핫(HOT) (R),84,3.56,,
라떼_토피넛 크러쉬 라떼 (XL),50,1.06,,
라떼_토피넛 크림 라떼,178,10.49,,
라떼_토피넛라떼 아이스(ICED),62,1.56,2.06,9.24
라떼_폭탄초코,78,1.51,3.21,10.7
라떼_프로틴 미숫가루 라떼 (Tall),110,5.04,,
라떼_피스타치오 라떼 아이스(ICED),65,1.18,2.07,10.3
라떼_피스타치오 라떼 아이스(ICED) (L),53,0.22,,
라떼_피스타치오 라떼 아이스(ICED) (R),53,0.28,,
라떼_피스타치오 라떼 핫(HOT),99,2.16,3.53,14.44
라떼_피스타치오 라떼 핫(HOT) (L),82,0.44,,
라떼_피스타치오 라떼 핫(HOT) (R),85,0.56,,
라떼_피스타치오 초코 라떼 아이스(ICED) (L),66,1.3,,9.1
라떼_피스타치오 초코 라떼 아이스(ICED) (ML),71,1.27,,9.43
라떼_피스타치오 초코 라떼 아이스(ICED) (R),93,1.43,,
라떼_피스타치오 초코 라떼 핫(HOT) (ML),77,1.55,,10.0
라떼_피스타치오 초코 라떼 핫(HOT) (R),154,2.85,,
라떼_피스타치오 포레스트 라떼 아이스(ICED),73,2.01,1.79,12.1
라떼_핑크블라썸 라떼 아이스(ICED),64,1.46,,
라떼_핑크블라썸 라떼 핫(HOT),70,1.51,,
라떼_하동 녹차 민트 라떼 아이스(ICED),62,1.48,,10.78
라떼_하동 녹차 민트 라떼 핫(HOT),59,1.27,,10.57
라떼_하동녹차 라떼 아이스(ICED),117,3.38,,
라떼_하동녹차 라떼 핫(HOT),105,3.08,,
라떼_핫초코큐브 핫(HOT),70,2.25,,
라떼_허니 그린 라떼 아이스(ICED),61,1.7,1.91,8.94
라떼_허니 그린 라떼 핫(HOT),105,3.23,3.87,14.52
라떼_헤이즐넛 라떼 아이스(ICED),35,1.45,,
라떼_헤이즐넛 라떼 핫(HOT),42,1.82,,
라떼_헤이즐넛자바칩 라떼 아이스(ICED),71,2.82,,
라떼_헤이즐넛자바칩 라떼 아이스(ICED) (Grande),78,1.88,,
라떼_헤이즐넛자바칩 라떼 아이스(ICED) (Mini Venti),78,1.75,,
라떼_헤이즐넛자바칩 라떼 아이스(ICED) (Tall),73,1.95,,
라떼_헤이즐넛자바칩 라떼 아이스(ICED) (Venti),68,1.53,,
라떼_헤이즐넛자바칩 라떼 핫(HOT),78,3.38,,
라떼_헤이즐넛자바칩 라떼 핫(HOT) (Grande),74,2.08,,
라떼_헤이즐넛자바칩 라떼 핫(HOT) (Mini Venti),69,1.93,,
라떼_헤이즐넛자바칩 라떼 핫(HOT) (Tall),80,2.22,,
라떼_헤이즐넛자바칩 라떼 핫(HOT) (Venti),58,1.53,,
라떼_호두 라떼,63,1.42,,
라떼_혹임자 라떼 아이스(ICED) (L),51,1.6,,6.3
라떼_혹임자 라떼 아이스(ICED) (ML),48,1.55,,5.91
라떼_혹임자 라떼 핫(HOT) (ML),54,1.83,,6.48
라떼_홍시 라떼 아이스(ICED),44,0.63,0.67,9.36
라떼_홍차 라떼 아이스(ICED),42,0.5,,
라떼_홍차 라떼 아이스(ICED),58,2.82,,
라떼_홍차 라떼 아이스(ICED) (L),66,1.48,,
라떼_홍차 라떼 아이스(ICED) (R),61,1.38,,
라떼_홍차 라떼 핫(HOT),65,3.38,,
라떼_홍차 라떼 핫(HOT),123,1.48,,
라떼_홍차 라떼 핫(HOT) (L),106,2.93,,
라떼_홍차 라떼 핫(HOT) (R),100,2.93,,
라떼_홍차라떼,74,0.89,,
라떼_화이트 초코 핫(HOT),105,2.83,,
라떼_화이트 초콜릿 아이스(ICED),77,1.28,,
라떼_화이트 초콜릿 아이스(ICED) (EX),66,1.39,,
라떼_화이트 초콜릿 핫(HOT),83,1.77,,
라떼_화이트 초콜릿 핫(HOT) (EX),84,2.26,,
라떼_화이트초코 라떼 아이스(ICED) (L),89,1.48,,
라떼_화이트초코 라떼 아이스(ICED) (R),84,1.14,,
라떼_화이트초코 라떼 핫(HOT) (L),132,2.2,,
라떼_화이트초코 라떼 핫(HOT) (R),126,2.32,,
라떼_흑당 단호박 라떼,102,1.95,2.93,17.07
라떼_흑당 라떼,84,2.22,,
라떼_흑당 라떼 아이스(ICED),60,1.23,,
라떼_흑당 라떼 아이스(ICED),54,1.4,1.39,9.1
라떼_흑당 라떼 아이스(ICED) (EX),55,1.32,,
라떼_흑당 라떼 아이스(ICED) (R),56,1.21,,
라떼_흑당 라떼 핫(HOT),59,1.21,,
라떼_흑당 밀크티 라떼 아이스(ICED),51,1.42,1.24,8.51
라떼_흑당 버블 라떼 아이스(ICED) (Grande),95,1.67,,
라떼_흑당 버블 라떼 아이스(ICED) (M),63,1.4,,
라떼_화이트 초코 아이스(ICED),88,1.98,,
라떼_흑당 버블 라떼 아이스(ICED) (Mini Venti),92,1.58,,
라떼_흑당 버블 라떼 아이스(ICED) (Tall),106,1.67,,
라떼_흑당 버블 라떼 아이스(ICED) (Venti),76,1.25,,
라떼_흑당 버블 밀크티 라떼 아이스(ICED),56,1.29,1.13,10.14
라떼_흑당 펄 라떼 아이스(ICED) (L),53,1.22,,
라떼_흑당 펄 라떼 아이스(ICED) (R),55,1.1,,
라떼_흑당 펄 라떼 핫(HOT) (L),83,2.25,,
라떼_흑당 펄 라떼 핫(HOT) (R),83,2.15,,
라떼_흑당고구마 라떼,65,1.37,,
라떼_흑당버블 라떼,67,1.31,,
라떼_흑당버블 라떼 아이스(ICED),54,1.22,1.12,9.83
라떼_흑당버블 밀크티 라떼 아이스(ICED),56,1.29,,
라떼_흑당버블그린티 라떼 아이스(ICED),70,1.24,,
라떼_흑임자 두유 라떼 아이스(ICED),48,2.43,2.2,4.57
라떼_흑임자 두유 라떼 핫(HOT),69,3.88,3.25,6.24
라떼_흑임자 라떼,121,2.6,,
라떼_흑임자 라떼,80,2.78,,
라떼_흑임자 라떼 아이스(ICED),80,1.67,,
라떼_흑임자 라떼 아이스(ICED) (L),54,1.69,,6.66
라떼_흑임자 라떼 아이스(ICED) (ML),48,1.55,,5.92
라떼_흑임자 라떼 핫(HOT),80,2.78,,
라떼_흑임자 라떼 핫(HOT) (ML),65,2.2,,7.78
라떼_흑임자 크림 라떼,177,2.03,,
라떼_흑임자 크림 밀크 아이스(ICED) (Grande),56,1.04,,
라떼_흑임자 크림 밀크 아이스(ICED) (Mini Venti),51,0.88,,
라떼_흑임자 크림 밀크 아이스(ICED) (Tall),49,0.83,,
라떼_흑임자 크림 밀크 아이스(ICED) (Venti),50,0.83,,
라떼_흑임자 크림 밀크 핫(HOT) (Grande),57,1.46,,
라떼_흑임자 크림 밀크 핫(HOT) (Mini Venti),51,1.23,,
라떼_흑임자 크림 밀크 핫(HOT) (Tall),57,1.67,,
라떼_흑임자 크림 밀크 핫(HOT) (Venti),47,0.97,,
라떼_흑임자 크림라떼 아이스(ICED) (EX),96,2.06,,
라떼_흑임자 크림라떼 아이스(ICED) (R),83,1.93,,
라떼_흑임자 크림라떼 핫(HOT) (EX),119,2.92,,
라떼_흑임자 크림라떼 핫(HOT) (R),105,2.6,,
라떼_흑임자크림 라떼 아이스(ICED) (Grande),53,0.63,,
라떼_흑임자크림 라떼 아이스(ICED) (Mini Venti),49,0.7,,
라떼_흑임자크림 라떼 아이스(ICED) (Tall),47,0.56,,
라떼_흑임자크림 라떼 아이스(ICED) (Venti),50,0.7,,
라떼_흑임자크림 라떼 핫(HOT) (Grande),58,1.25,,
라떼_흑임자크림 라떼 핫(HOT) (Mini Venti),52,1.05,,
라떼_흑임자크림 라떼 핫(HOT) (Tall),56,1.39,,
라떼_흑임자크림 라떼 핫(HOT) (Venti),50,0.97,,
라떼_흑호 라떼,60,2.25,,
라멘_간편조리세트_매운돈코츠라멘,91,3.82,5.09,7.38
라멘_돈코츠라멘,98,4.14,6.42,5.87
라멘_미소라멘,89,4.57,2.77,11.36
라멘_소유라멘,72,3.65,2.36,9.12
라멘_시오라멘,84,4.68,2.13,11.54
라면,82,1.72,2.28,13.65
라면,169,4.1,5.77,24.49
라면,79,1.5,2.52,12.19
라면,79,1.5,2.52,12.19
라면,169,4.1,5.77,24.49
라면_간편조리세트_똠양꿍요괴라면,88,2.41,2.77,13.49
라면_국물,19,0.44,0.96,2.08
라면_김치,85,2.12,2.6,13.26
라면_김치,85,2.1,2.83,12.41
라면_달걀,95,2.6,3.32,13.16
라면_달걀,95,2.6,3.32,13.16
라면_달걀,108,2.61,3.18,17.33
라면_떡,109,2.6,3.11,17.07
라면_떡,96,2.04,2.92,15.27
라면_떡,102,2.1,2.47,17.72
라면_라면만,84,1.76,2.18,14.44
라면_만두,109,3.2,3.69,15.29
라면_면,174,3.89,4.37,29.79
라면_모듬,98,2.8,3.25,13.99
라면_비빔라면,189,3.38,5.67,31.01
라면_어묵,63,1.5,2.09,9.18
라면_용기면,103,1.98,3.63,15.65
라면_용기면_국물,28,0.61,1.44,3.21
라면_용기면_면,192,3.5,4.95,33.42
라면_용기면_볶음라면,202,4.52,5.39,33.9
라면_짜장라면,177,3.66,4.28,31.0
라면_짬뽕라면,92,2.84,3.51,12.27
라면_치즈,95,2.7,3.56,12.66
라면_치즈,99,2.8,3.83,13.33
라면_콩나물,79,2.2,2.68,11.36
라볶이,113,2.0,3.39,18.5
라볶이,134,2.83,4.71,20.14
라볶이,108,1.9,3.16,17.85
라조기,126,10.0,5.7,9.94
라조기,199,10.33,11.75,13.12
라조기,187,13.5,5.62,19.08
런천미트구이,302,21.6,18.95,11.12
런천미트구이,303,21.6,19.1,11.08
런천미트구이,303,17.56,24.38,3.27
런천미트구이,308,21.6,19.1,11.08
런천미트구이,302,21.6,18.95,11.12
레몬차_레몬 스윗플럼 핫(HOT),55,0.14,,
레몬차_레몬민트티,45,0.03,,
레몬차_레몬블루밍티 아이스(ICED) (L),56,0.0,,
레몬차_레몬블루밍티 아이스(ICED) (Max),48,0.13,,
레몬차_레몬블루밍티 아이스(ICED) (R),48,0.0,,
레몬차_레몬블루밍티 핫(HOT) (L),51,0.16,,
레몬차_레몬블루밍티 핫(HOT) (R),55,0.0,,
레몬차_레몬차,49,0.1,0.01,
레몬차_레몬차,53,0.09,,
레몬차_레몬차,41,0.11,,
레몬차_레몬차 (L),35,0.16,,
레몬차_레몬차 (R),28,0.13,,
레몬차_레몬차 아이스(ICED),44,0.17,,
레몬차_레몬차 아이스(ICED),46,0.04,0.0,11.49
레몬차_레몬차 아이스(ICED) (L),36,0.01,,
레몬차_레몬차 아이스(ICED) (L),35,0.0,,8.67
레몬차_레몬차 아이스(ICED) (M),42,0.02,,
레몬차_레몬차 아이스(ICED) (ML),36,0.0,,8.87
레몬차_레몬차 아이스(ICED) (더벤티),43,0.1,,
레몬차_레몬차 핫(HOT),49,0.17,,
레몬차_레몬차 핫(HOT),47,0.05,0.02,11.59
레몬차_레몬차 핫(HOT) (L),36,0.01,,
레몬차_레몬차 핫(HOT) (M),42,0.02,,
레몬차_레몬차 핫(HOT) (ML),43,0.0,,10.66
레몬차_레몬티,41,0.28,,
레몬차_레몬티,41,0.0,0.0,10.14
레몬차_레몬티,47,0.52,0.05,11.0
레몬차_레몬티 아이스(ICED),44,0.0,,
레몬차_레몬티 아이스(ICED),26,0.05,0.0,6.56
레몬차_레몬티 아이스(ICED),28,0.0,,
레몬차_레몬티 아이스(ICED),39,0.14,,
레몬차_레몬티 아이스(ICED),55,0.48,,
레몬차_레몬티 아이스(ICED),22,0.24,,5.61
레몬차_레몬티 아이스(ICED),32,0.0,,
레몬차_레몬티 핫(HOT),30,0.32,,7.42
레몬차_레몬티 핫(HOT),54,0.52,,
레몬차_레몬티 핫(HOT),42,0.0,,
레몬차_레몬티 핫(HOT),28,0.0,,
레몬차_레몬티 핫(HOT),60,0.0,,
레몬차_레몬티 핫(HOT),34,0.06,0.0,8.53
레몬차_레몬티 핫(HOT),58,0.0,,
레몬차_블루레몬 티 핫(HOT),31,0.09,,
레몬차_블루레몬티 아이스(ICED),52,0.07,,
레몬차_블루레몬티 핫(HOT),31,0.08,,
레몬차_제로칼로리 레몬 블랙티 제로슈거 (초대용량),2,0.05,,
레몬차_제로칼로리 레몬티 제로슈거 (Grande),1,0.02,,
레몬차_제로칼로리 레몬티 제로슈거 (Venti),4,0.02,,
레몬차_진저레몬티 아이스(ICED),43,0.0,,
레몬차_진저레몬티 핫(HOT),43,0.0,,
레몬차_허니레몬 아이스(ICED),56,0.21,,13.99
레몬차_허니레몬 핫(HOT),64,0.23,,15.96
레몬청차,60,0.13,0.01,14.8
레몬홍차_레몬 얼그레이 티 아이스(ICED),25,6.34,,
레몬홍차_레몬 얼그레이 티 핫(HOT),34,0.15,,
레몬홍차_레몬 얼그레이티 핫(HOT),34,0.15,,
레몬홍차_레몬얼그레이티 아이스(ICED),15,0.01,,
레몬홍차_레몬얼그레이티 핫(HOT),23,0.01,,
롤빵_녹차 도쿄롤 (L),330,6.0,,
롤빵_녹차 도쿄롤 (S),330,6.0,,
롤빵_달달연유롤빵,402,6.52,21.74,45.65
롤빵_달달연유롤빵 (3개입),399,6.52,21.01,45.65
롤빵_달콤한크림치즈시나몬롤,374,6.32,,
롤빵_망고 도쿄롤 (L),293,5.0,,
롤빵_망고 도쿄롤 (S),293,5.0,,
롤빵_목장의아침우유롤,317,5.56,,
롤빵_오리지널 도쿄롤 (L),328,7.0,,
롤빵_오리지널 도쿄롤 (S),328,7.0,,
롤빵_우유 생크림롤,306,5.63,20.0,26.25
롤빵_자색 고구마 도쿄롤 (L),315,4.0,,
롤빵_자색 고구마 도쿄롤 (S),315,4.0,,
롤빵_카멜크림롤,402,4.35,,
롤빵_클래식시나몬롤,375,7.5,,
롤빵_화이트 초코 도쿄롤 (L),337,7.0,,
롤빵_화이트 초코 도쿄롤 (S),337,7.0,,
리소토/리조또_간편조리세트_베이컨버섯크림리조또,187,3.11,12.29,15.9
리소토/리조또_간편조리세트_쉬림프로제리조또,176,3.35,9.77,18.57
리소토/리조또_베이컨크림리조또,173,3.71,,
리소토/리조또_스파이시 씨푸드 리조또,148,5.81,,
리소토/리조또_치킨 크림 리조또,185,6.22,,
마늘빵,438,12.06,17.58,57.94
마늘빵_마늘빵(5개입),352,6.67,,
마늘빵_바삭마늘빵(5개입),488,7.5,,
마늘빵_부드러운갈릭브레드,327,6.0,13.33,44.0
마늘빵_프렌치마늘빵,357,4.76,11.9,52.38
마늘빵_프렌치마늘빵 (5개입),352,6.67,11.43,52.38
마늘장아찌,113,2.43,0.16,25.36
마늘장아찌무침,99,1.88,0.7,21.85
마늘쫑무침,67,1.63,1.14,14.55
마늘쫑무침,106,2.73,4.93,12.77
마늘쫑무침,76,2.5,1.21,17.92
마늘쫑무침,57,2.2,0.64,12.02
마늘쫑볶음,52,1.3,2.92,5.83
마늘쫑볶음,89,3.25,2.54,13.17
마늘쫑볶음_간장,89,3.0,5.21,8.18
마늘쫑볶음_간장,89,3.0,5.21,8.18
마늘쫑볶음_간장,89,3.0,5.21,8.18
마늘쫑볶음_건새우,64,3.16,2.97,6.55
마늘쫑볶음_건새우,61,5.2,2.11,5.65
마늘쫑볶음_건새우,53,2.67,2.56,5.31
마늘쫑볶음_건어물,71,7.4,2.16,6.25
마늘쫑볶음_건어물,73,7.4,2.16,6.25
마늘쫑볶음_건어물,73,7.4,2.16,6.25
마늘쫑볶음_멸치,64,7.9,1.56,4.65
마늘쫑볶음_멸치,117,7.54,2.78,15.42
마늘쫑볶음_잔멸치,61,3.5,3.16,5.85
마늘쫑볶음_잔멸치,126,4.5,5.44,16.17
마늘쫑장아찌,118,1.96,0.14,27.34
마늘쫑장아찌_간장,60,2.0,1.0,10.8
마늘쫑장아찌_고추장,110,2.6,1.8,21.0
마늘쫑장아찌무침,79,1.3,0.58,17.7
마늘쫑장아찌무침,79,1.3,0.58,17.75
마늘쫑장아찌무침,79,1.3,0.58,17.7
마늘쫑장아찌무침,79,1.3,0.58,17.75
마늘쫑조림,217,4.9,10.6,31.38
마늘쫑조림_멸치,60,4.7,1.05,9.13
마라탕,66,3.91,3.27,5.1
마라탕_간편조리세트_마라탕,88,4.64,5.15,5.72
마카로니 샐러드,138,2.4,7.98,13.76
마카로니 샐러드,138,2.4,7.98,13.76
마카로니 샐러드,100,4.1,5.56,8.13
마카로니 샐러드,139,2.3,8.15,13.77
마카롱,480,6.92,30.11,45.23
마카롱_갤럭시 마카롱,236,9.29,,
마카롱_까망베르 치즈 마카롱,354,8.33,,
마카롱_녹차 마카롱,490,5.45,,
마카롱_녹차 샌드 마카롱,445,5.0,,
마카롱_녹차마카롱,417,5.56,,
마카롱_녹차모찌 마카롱,377,3.85,,
마카롱_누텔라 뚱카롱,528,6.0,,
마카롱_다크 초콜릿 마카롱,463,8.57,,
마카롱_다크쇼콜라 뚱카롱,426,8.57,,
마카롱_다크초코가나슈 마카롱,267,3.33,,
마카롱_달고나 마카롱,303,6.06,,
마카롱_더블 초코 뚱카롱,450,6.67,,
마카롱_더블치즈뚱카롱,440,8.0,,
마카롱_돼지바 데코 뚱카롱,451,6.5,,
마카롱_돼지바 뚱카롱,498,5.0,,
마카롱_돼지바 마카롱,400,4.44,,
마카롱_딸기 마카롱,190,1.9,,
마카롱_딸기 마카롱,402,8.0,,
마카롱_딸기 마카롱,436,6.06,,
마카롱_딸기 마카롱,541,7.81,,70.34
마카롱_딸기 마카롱,496,4.0,,
마카롱_딸기 샌드 마카롱,450,5.0,,
마카롱_딸기 치즈케이크 뚱카롱,617,6.67,,
마카롱_딸기 치즈케익 뚱카롱,617,6.67,,
마카롱_딸기 퐁카롱,330,6.67,,
마카롱_딸기가나슈 마카롱,375,4.17,20.83,45.83
마카롱_딸기요거 벤카롱,429,5.71,,
마카롱_딸기요거트 뚱카롱,439,1.4,,
마카롱_딸기요거트 마카롱,452,6.0,26.0,50.0
마카롱_딸기우유 마카롱,1183,15.0,,
마카롱_딸기우유뚱카롱,393,3.57,,
마카롱_딸기크림치즈 뚱카롱,438,8.86,,
마카롱_뚱카롱 말차초코,456,4.17,,
마카롱_뚱카롱 순우유,440,4.17,,
마카롱_뚱카롱 얼그레이,440,4.17,,
마카롱_뚱카롱 핑크팬더,427,4.17,,
마카롱_라즈베리 뚱카롱,493,6.0,,
마카롱_라즈베리 마카롱,418,6.25,15.0,64.25
마카롱_라즈베리뚱카롱,389,3.7,,
마카롱_레드벨벳 마카롱,484,4.85,,
마카롱_레몬 마카롱,496,4.0,,
마카롱_레몬마카롱,361,5.0,,
마카롱_레인보우 마카롱 (5입),449,8.0,,
마카롱_로즈라즈베리 뚱카롱,400,4.0,,
마카롱_리얼블루베리 마카롱,409,5.49,,
마카롱_리얼치즈 마카롱,469,6.17,,
마카롱_마다가스카르바닐라 마카롱,400,4.0,,
마카롱_마약옥수수 뚱카롱,502,7.0,,
마카롱_마카롱,413,7.5,,
마카롱_말차 뚱카롱,466,7.0,,
마카롱_말차초코 벤카롱,400,5.71,,
마카롱_망고 샌드 마카롱,445,10.0,,
마카롱_망고가나슈 마카롱,404,6.67,,
마카롱_망고프로피컬 마카롱,400,4.0,,
마카롱_메가초코 마카롱,502,8.0,32.0,48.0
마카롱_모카 마카롱,456,8.82,,
마카롱_민트초코 마카롱,477,4.64,,
마카롱_바나나누텔라 마카롱,440,4.17,,
마카롱_바닐라 딜라이트 뚱카롱,417,20.0,,
마카롱_바닐라 뚱카롱,434,7.71,,
마카롱_바닐라 마카롱,498,8.0,,
마카롱_바닐라 마카롱,470,10.0,,
마카롱_바닐라 마카롱,519,7.41,,
마카롱_바닐라 마카롱,445,6.06,,
마카롱_바닐라 마카롱,396,4.17,25.0,45.83
마카롱_바닐라 마카롱,511,7.41,,
마카롱_바닐라 마카롱,496,4.0,,
마카롱_바닐라 샌드 마카롱,460,10.0,,
마카롱_바닐라뚱카롱,481,3.7,,
마카롱_벌집 마카롱,1273,13.33,,
마카롱_벚꽃 마카롱 5종 세트,456,6.87,,51.33
마카롱_벨지안초콜릿 마카롱,420,4.0,,
마카롱_브라우니 마카롱,980,12.0,,
마카롱_블루베리 마카롱,400,4.0,,
마카롱_블루베리 마카롱,440,8.57,,
마카롱_블루베리 마카롱,375,5.0,,
마카롱_블루베리요거트 마카롱,428,5.5,16.5,64.0
마카롱_블루베리카시스마카롱,361,5.0,,
마카롱_블루베리크림치즈 뚱카롱,416,8.57,,
마카롱_블루하와이 마카롱,451,4.85,,
마카롱_뽀또치즈 마카롱,393,7.14,,
마카롱_뽀또치즈 마카롱,440,6.25,,
마카롱_뽀또치즈 마카롱,440,6.25,,
마카롱_뽀또황치즈 마카롱,1089,8.89,,
마카롱_산딸기 마카롱,400,4.0,,
마카롱_산딸기 마카롱,439,6.06,,
마카롱_산딸기 마카롱,516,6.56,,62.22
마카롱_산딸기 마카롱,378,7.41,,
마카롱_샤인머스켓 마카롱,287,2.63,,
마카롱_소다 마카롱,190,1.9,,
마카롱_솔티드카라멜 마카롱,437,6.33,,59.0
마카롱_솔티카라멜 뚱카롱,439,1.4,,
마카롱_솜사탕 마카롱,190,1.9,,
마카롱_쇼콜라뚱카롱,444,3.7,,
마카롱_순우유 뚱카롱,440,4.17,,
마카롱_순우유 마카롱,438,4.5,21.5,56.0
마카롱_슈팅요거트 마카롱,456,5.91,,
마카롱_슈팅캔디 마카롱,365,5.0,,
마카롱_스트로베리 마카롱,457,10.0,,
마카롱_스트로베리 치즈 마카롱,433,6.67,,
마카롱_신)딸기가나슈마카롱,375,4.58,,
마카롱_신)바닐라마카롱,396,4.17,,
마카롱_신)블루베리마카롱,375,4.17,,
마카롱_신)유자가나슈마카롱,375,4.58,,
마카롱_신)초코마카롱,375,8.33,,
마카롱_아몬드봉봉 마카롱,559,7.47,,61.81
마카롱_앙버터뚱카롱,440,4.0,,
마카롱_얼그레이 마카롱,440,4.17,,
마카롱_얼그레이 마카롱,425,6.06,,
마카롱_얼그레이 쇼콜라 마카롱,500,6.67,,
마카롱_연유 뚱카롱,469,6.0,,
마카롱_오레오 뚱카롱,486,7.0,,
마카롱_오레오 마카롱,417,4.76,,
마카롱_오렌지얼그레이 마카롱,427,7.0,,54.0
마카롱_오마이그린티 마카롱,483,6.9,,
마카롱_요거트 마카롱,447,6.67,,56.33
마카롱_우유 마카롱,538,9.84,,60.56
마카롱_우유치즈 마카롱,410,6.0,,
마카롱_월드콘 마카롱,454,4.17,,
마카롱_유니콘 마카롱,236,3.21,,
마카롱_유니콘프라페 마카롱,491,8.09,,
마카롱_유자가나슈 마카롱,375,4.17,20.83,41.67
마카롱_인절미 뚱카롱,439,1.4,,
마카롱_인절미 마카롱,423,7.69,,
마카롱_인절미 마카롱,1070,12.0,,
마카롱_천사의눈물(우유) 마카롱,413,6.88,,
마카롱_초땅샌드 마카롱,411,4.0,,
마카롱_초코 마카롱,190,1.9,,
마카롱_초코 마카롱,496,4.0,,
마카롱_초코 마카롱,448,7.27,,
마카롱_초코 마카롱,375,8.33,25.0,41.67
마카롱_초코 샌드 마카롱,445,10.0,,
마카롱_초코 퐁카롱,273,3.33,,
마카롱_초코가나슈 마카롱,410,6.0,16.25,59.25
마카롱_초코가나슈 마카롱,1104,15.56,,
마카롱_초코가나슈뚱카롱,440,4.0,,
마카롱_초코떡카롱,375,8.33,20.83,45.83
마카롱_초코라떼 마카롱,410,4.17,,
마카롱_초코마카롱,406,5.63,,
마카롱_초코바나나 데코 뚱카롱,503,6.0,,
마카롱_초코악마 마카롱,481,7.69,,
마카롱_초코파이 데코 뚱카롱,507,7.25,,
마카롱_초코프레소 마카롱,460,5.91,,
마카롱_초콜릿 마카롱,452,3.7,,
마카롱_초콜릿 마카롱,550,7.69,,62.38
마카롱_쵸쿄 마카롱,456,7.41,,
마카롱_치즈 마카롱,496,4.0,,
마카롱_치즈케이크 마카롱,450,7.0,,45.0
마카롱_카라멜 마카롱,471,5.88,,
마카롱_카라멜 마카롱,190,1.9,,
마카롱_카라멜솔티드 뚱카롱,400,8.0,,
마카롱_커피마카롱,389,5.0,,
마카롱_코코초코 벤카롱,511,5.71,,
마카롱_쿠앤크 마카롱,435,4.17,1.88,
마카롱_쿠앤크 마카롱,496,4.0,,
마카롱_쿠쿠촉촉(오레오) 마카롱,485,6.67,,
마카롱_쿠쿠촉촉(오레오)가나슈 마카롱,429,6.25,,
마카롱_쿠쿠피그 마카롱,513,5.13,,
마카롱_쿠크샌드 마카롱,400,4.0,,
마카롱_쿠키 앤 크림 마카롱,483,6.67,,
마카롱_쿠키앤크림 마카롱,550,7.47,,62.53
마카롱_쿠키앤크림 마카롱,435,6.25,,
마카롱_쿠키앤크림뚱카롱,420,4.0,,
마카롱_쿠키크림 벤카롱,429,5.71,,
마카롱_쿠키프라페 마카롱,480,6.0,24.0,58.0
마카롱_크랜베리딸기 마카롱,447,4.22,,
마카롱_크림 브륄레 마카롱,1338,15.0,,
마카롱_크림브륄레 마카롱,493,7.0,,48.0
마카롱_크림치즈티라미수 마카롱,482,4.62,,
마카롱_타르트에빠진레드벨벳치즈 마카롱,500,5.88,,
마카롱_토피넛크런치 마카롱,435,4.17,,
마카롱_패션후르츠 마카롱,303,2.63,,
마카롱_퐁크러쉬 마카롱,491,8.09,,
마카롱_프렌치 블루베리 마카롱,375,4.17,20.83,50.0
마카롱_피스타치오 마카롱,190,1.9,,
마카롱_피스타치오 마카롱,440,4.0,,
마카롱_피스타치오뚱카롱,500,7.41,,
녹차_녹차 핫(HOT),0,0.0,,
마카롱_피치오레오 마카롱,332,2.63,,
마카롱_핑쿠핑쿠 마카롱,500,3.23,,
마카롱_핑크딸기 마카롱,427,4.17,,
마카롱_핑크솔티드 카라멜 마카롱,375,4.17,,
마카롱_허니레몬 마카롱,470,4.85,,
마카롱_호박고구마 마카롱,190,1.9,,
마카롱_황치즈 뚱카롱,486,7.0,,
마카롱_황치즈 마카롱,553,7.69,,59.0
마카롱_흑마크론,441,5.88,,
마테차_메리베리마테 아이스(ICED) (L),0,0.0,,
마테차_메리베리마테 아이스(ICED) (M),0,0.0,,
마테차_메리베리마테 핫(HOT) (L),0,0.0,,
마테차_메리베리마테 핫(HOT) (M),0,0.0,,
마테차_베리 마테,1,0.0,,
마테차_베리마테,1,0.0,,
마테차_스위트마테,2,0.06,0.04,0.28
마파두부,146,8.8,8.86,7.67
마파두부,139,8.2,7.42,9.54
마파두부,146,8.8,8.86,7.67
마파두부,139,8.2,7.42,9.54
마파두부,109,7.29,6.48,5.36
마파두부_간편조리세트_백리향 마파두부,129,7.42,9.0,4.62
막국수,58,2.0,0.6,10.96
막국수,83,3.4,0.71,15.71
막국수,216,8.3,0.71,43.29
막창구이_소고기,358,15.34,32.73,0.4
만두_고기만두,159,12.38,4.45,17.4
만두_고기만두,208,9.38,6.58,27.79
만두_군만두,234,7.03,11.5,25.57
만두_김치만두,187,8.13,6.59,23.82
만두_김치만두,152,10.24,4.76,17.02
만두_물만두,195,8.06,11.13,15.61
만두국,62,3.06,2.49,6.83
만두국_고기만두,59,3.02,2.15,7.09
만두국_고기만두,44,2.24,1.48,5.44
만두국_고기만두,43,2.24,1.49,5.32
만두국_고기만두,66,3.5,2.34,7.65
만두국_김치만두,66,3.7,2.34,7.63
만두국_김치만두,66,3.7,2.34,7.63
만두국_김치만두,67,3.7,2.45,7.5
만두국_사골,87,3.74,4.0,8.94
만두전골,57,3.61,2.23,5.55
만두전골_간편조리세트_얼큰왕만두전골,75,2.67,2.07,11.35
만두탕수,85,2.9,3.28,11.04
만두탕수,88,3.0,3.38,11.38
만두탕수,95,2.8,4.41,11.0
만두탕수,88,3.0,3.38,11.38
맛살전,229,12.3,6.43,29.33
맛살전,231,9.9,7.47,29.76
맛살전,230,9.9,7.41,29.75
맛살전,231,9.9,7.47,29.76
맛살전,165,7.48,6.24,19.69
망둥어찌개,44,5.9,0.85,3.4
망둥어찜,52,8.5,0.7,2.96
매생이국,24,2.0,0.56,2.68
매실장아찌,243,1.65,0.43,58.11
매실장아찌_우메보시(일본),65,1.27,1.77,11.03
매운 어묵볶음,90,5.1,2.93,11.02
매운 어묵볶음,90,5.1,2.93,11.02
매운 어묵볶음,90,5.1,2.93,11.02
매운 어묵볶음,90,5.1,2.93,11.02
매운탕_광어,70,9.74,2.77,1.52
매운탕_대구,60,9.56,1.2,2.81
매운탕_대구,22,4.49,0.4,0.19
매운탕_동태_해물,36,5.75,0.69,1.76
매운탕_메기,67,4.77,1.7,8.1
매운탕_메기,58,3.97,1.46,7.37
매운탕_메기_해물,45,4.12,1.29,4.4
매운탕_서더리,30,4.02,1.27,0.63
매운탕_아귀,25,3.75,0.34,2.14
매운탕_아귀,43,6.85,0.71,2.32
매운탕_우럭,30,3.5,0.6,2.82
매운탕_우럭,68,8.69,2.84,1.87
매운탕_조기,64,5.85,3.23,2.88
매운탕_짱뚱어,31,1.92,1.42,2.77
매운탕_해물,33,5.49,0.53,1.83
매운탕_해물,35,4.85,0.64,2.51
매작과,413,7.51,13.15,66.11
머위나물,25,1.5,1.34,2.42
머위나물_소금,31,2.2,1.56,3.07
머위나물_소금,30,2.2,1.42,3.05
머위나물무침,85,1.62,7.66,2.49
머위나물볶음,72,2.33,4.67,5.07
머위대나물무침,58,3.96,2.56,4.76
머핀,384,5.73,13.84,59.15
머핀_게랑트쇼콜라 (L),536,4.7,29.9,62.0
머핀_까놀레,333,4.44,,
머핀_던킨 초코 머핀,440,7.0,,
머핀_레몬 글라세 마들렌,391,4.55,,
머핀_레몬 마들렌,397,5.9,22.7,42.3
머핀_마들렌,465,6.0,,
머핀_머핀,343,3.57,,
머핀_무화과크림치즈 바통휘낭시에,474,5.71,,
머핀_밀크 휘낭시에,478,7.78,,
머핀_밤이통통마들렌,438,7.5,,
머핀_블루베리 머핀,323,3.7,,
머핀_블루베리 머핀,394,5.45,20.91,45.45
머핀_블루베리 머핀,439,4.0,,
머핀_블루베리 머핀,439,6.15,,
머핀_블루베리 머핀,408,5.64,,
머핀_생미쉘시트러스마들렌,500,5.0,,
머핀_쌀휘낭시에,333,6.67,,
머핀_약과 바통휘낭시에,461,10.53,,
머핀_얼그레이 레몬 머핀,378,5.56,,
머핀_얼그레이 바통휘낭시에,513,7.9,,
머핀_얼그레이 휘낭시에,527,6.29,,
머핀_잉글리쉬 머핀,236,11.67,,
머핀_초코 마들렌,418,6.5,24.9,42.0
머핀_초코 머핀,423,5.0,,
머핀_초코 머핀,442,6.15,,
머핀_초코 머핀,400,7.86,,
머핀_초코 바나나 머핀,356,5.56,,
머핀_초코범벅,429,6.0,,
머핀_초코범벅,429,5.71,,
머핀_초코청크머핀,404,4.35,,
머핀_초코칩 머핀,359,5.46,,
머핀_초코칩 머핀,376,6.36,,
머핀_초코칩 머핀,603,5.0,,
머핀_초콜릿 휘낭시에,400,7.5,,
머핀_초콜릿휘낭시에 글루텐프리,575,7.5,,
머핀_츄러스 바통휘낭시에,530,6.98,,
머핀_치즈 머핀,432,6.15,,
머핀_치즈 머핀,373,7.27,,
머핀_치즈 머핀,401,7.14,,
머핀_치즈 머핀,336,5.33,,
머핀_카러멜 마들렌,394,5.6,,
머핀_캐러멜 마들렌,394,5.6,21.2,45.1
머핀_코코넛블루베리머핀,374,2.61,,
머핀_크림치즈 머핀,393,6.36,20.91,45.45
머핀_클래식 휘낭시에,400,7.5,,
머핀_클래식휘낭시에,438,7.5,,
머핀_플레인 머핀,446,4.0,,
머핀_피낭시에,385,7.69,,
머핀_허쉬초코 머핀,440,7.0,23.0,51.0
머핀_헤이즐넛 휘낭시에,527,6.29,,
머핀_휘낭시에 글루텐프리,575,7.5,,
머핀_휘낭시에 로투스,535,6.98,25.58,67.44
머핀_휘낭시에 소보로,526,6.98,25.58,65.12
머핀_휘낭시에 소시지,667,11.63,39.53,55.81
머핀_휘낭시에 약과,572,6.98,25.58,72.09
머핀_휘낭시에 오레오,563,6.98,27.91,69.77
머핀_휘낭시에 크림치즈,509,6.98,27.91,55.81
머핀_휘낭시에 플레인,447,4.65,20.93,53.49
메기 매운탕,59,4.0,1.46,7.39
메기찜,71,7.3,2.33,5.37
메밀국수_온면,63,3.14,0.29,12.06
메밀묵 무침,65,1.6,1.27,12.05
메밀묵 무침,65,1.6,1.27,12.05
메밀묵국,61,1.5,1.22,11.24
메밀묵국,65,1.6,1.27,12.03
메밀묵국,65,1.6,1.27,12.03
메밀묵국,61,1.5,1.22,11.26
메밀소바,86,2.49,0.32,17.96
메밀소바_간편조리세트_부타이 마제소바,146,5.68,4.22,21.44
메밀전,161,4.02,0.64,34.79
메추리알 돼지고기장조림,131,12.5,6.35,4.62
메추리알 돼지고기장조림,118,12.3,5.18,4.53
메추리알 돼지고기장조림,116,11.3,5.37,4.75
메추리알 돼지고기장조림,144,15.3,6.22,5.53
메추리알 어묵조림,156,9.3,6.19,15.39
메추리알 어묵조림,227,13.3,9.37,22.09
메추리알 어묵조림,156,9.3,6.19,15.39
메추리알장조림,151,11.3,6.79,8.89
메추리알장조림,151,11.3,6.79,8.89
메추리알장조림,152,11.3,6.79,8.99
메추리알장조림_꽈리고추,96,6.6,4.94,5.61
멕시컨샐러드,93,4.6,7.07,3.2
멕시컨샐러드,118,5.8,8.92,4.03
멕시컨샐러드,96,3.7,5.94,7.11
멘보샤,289,10.52,21.6,13.22
멘보샤_텃만꿍멘보샤 (4개),228,8.3,,22.7
멘보샤_통새우 멘보샤 (5개),284,8.65,,
멸치 미역국,9,1.1,0.38,0.71
멸치볶음,114,14.9,3.41,5.15
멸치볶음,114,14.9,3.41,5.15
멸치볶음,276,39.44,7.08,13.62
멸치볶음,114,14.9,3.41,5.15
멸치볶음(멸치만),114,14.9,3.41,5.15
멸치볶음_견과류,171,13.0,10.39,7.46
멸치볶음_견과류,172,13.0,10.41,7.45
멸치볶음_견과류,172,13.0,10.41,7.45
멸치볶음_견과류,172,13.0,10.41,7.45
멸치볶음_견과류,414,30.4,24.32,18.36
멸치볶음_꽈리고추,79,8.03,2.74,5.59
멸치볶음_꽈리고추,253,23.62,14.08,7.96
멸치볶음_마늘쫑,277,32.4,10.84,12.42
멸치볶음_풋고추,190,20.62,6.0,13.3
멸치볶음_풋고추,262,23.25,11.2,17.03
멸치젓_양념,90,11.4,1.6,7.4
멸치조림,150,15.0,6.69,6.5
멸치조림,150,15.0,6.69,6.5
멸치조림,318,40.92,13.22,8.93
멸치조림,150,15.0,6.69,6.5
멸치조림,150,15.0,6.69,6.5
명란젓_양념,147,17.96,6.54,3.98
명란찌개,27,3.1,0.58,2.74
명란찜,61,7.1,2.24,3.1
명태 매운탕,49,7.1,1.03,3.15
모닝빵,314,9.5,7.43,52.17
모닝빵_굿모닝브리오슈,345,9.1,,
모닝빵_바로만든모닝빵 (10입),329,10.0,,
모닝빵_부드러운연유브레드,390,7.0,,
모닝빵_순수한맛순우유롤 (봉),323,9.24,,
모닝빵_순수한맛순우유롤(봉),343,9.66,,
모닝빵_스위트밀크롤 (1개입),386,9.09,17.27,50.0
모닝빵_스위트밀크롤 (2개입),386,9.09,18.18,50.0
모닝빵_스위트밀크롤 (3개입),386,9.09,16.67,50.0
모닝빵_스위트밀크롤 (4개입),381,9.09,17.05,48.86
모닝빵_스위트밀크롤 (5개입),382,9.09,17.27,49.09
모닝빵_스위트밀크롤 (6개입),383,8.33,17.42,49.24
모닝빵_슬로우오트모닝롤,288,7.35,,
모닝빵_야채모닝롤 (8입),366,11.0,,
모닝빵_연유퐁당밀크 브레드 (소),436,7.2,,
모닝빵_연유퐁당밀크브레드(대),409,6.56,,
모닝빵_연유퐁당밀크브레드(소),408,6.15,,
모닝빵_우유 듬뿍 연유 브레드,396,6.79,,
모닝빵_우유듬뿍연유브레드,396,6.95,14.44,57.75
모닝빵_우유듬뿍연유브레드 (대),396,6.79,14.64,57.5
모닝빵_진한초코브레드,383,7.3,,
모닝빵_초코아몬드브레드,372,8.53,14.73,48.84
모닝빵_폭신폭신우유 브레드,291,8.82,,
모닝빵_폭신폭신우유브레드,297,9.41,,
모닝빵_한겹한겹촉촉한밀크 브레드,348,7.81,,
모닝빵_혼자서도즐기는연유브레드,391,7.03,,
모듬 김밥,113,4.2,2.75,17.49
모듬 초밥,188,9.8,2.93,28.9
모듬 초밥,189,10.0,3.14,28.65
모듬 콩조림,181,11.1,9.11,15.38
모듬배추나물_된장,33,1.7,1.26,4.32
모듬배추나물_된장,31,1.7,1.28,3.69
모듬배추나물_된장,33,1.7,1.26,4.32
모듬배추나물_된장,31,1.7,1.28,3.69
모듬버섯볶음,69,3.0,4.56,6.82
모듬버섯볶음,69,3.0,4.56,6.82
모듬버섯볶음,69,3.0,4.56,6.82
모듬버섯볶음,69,3.0,4.56,6.82
모듬찰떡,218,6.78,2.44,42.27
모듬찰떡,233,6.31,4.12,42.59
모듬채소전,154,3.4,5.65,21.32
모듬채소전골,20,1.8,0.6,2.1
모듬회,133,22.5,2.31,5.15
모밀국수,154,6.0,0.51,31.06
모밀국수,126,4.8,0.42,25.31
모밀국수,126,4.8,0.42,25.31
모밀국수,86,2.5,0.32,17.96
모싯잎송편_동부,190,5.65,0.66,40.29
모싯잎송편_동부(국내산),190,5.28,0.65,40.68
모싯잎송편_동부(수입산),190,6.03,0.67,39.9
모카빵,339,8.55,8.05,57.96
몸국,22,2.9,0.65,1.54
무 된장국,19,1.6,0.42,2.14
무 된장국,18,1.6,0.41,2.11
무 된장국,15,1.0,0.35,2.03
무 된장국,18,1.6,0.41,2.11
무 북어국,27,4.1,0.7,1.05
무 북어국,27,4.1,0.7,1.05
무 북어국,18,2.4,0.5,0.95
무 북어국,27,4.1,0.7,1.05
무 어묵조림,109,6.3,3.06,14.58
무 어묵조림,112,6.3,3.06,14.92
무 파래무침,23,1.1,0.38,4.86
무국,7,0.26,0.17,1.28
무국,7,0.3,0.17,1.2
무국_들깨,14,0.6,0.76,1.37
무국_들깨,15,0.7,0.77,1.6
무국_들깨,15,0.6,0.76,1.63
무국_들깨,15,0.6,0.76,1.63
무국_소고기,26,1.9,1.66,0.99
무국_소고기,39,2.6,2.19,1.95
무국_소고기,26,1.9,1.66,0.99
무국_소고기,15,1.33,0.64,1.1
무국_소고기,24,1.7,1.27,1.33
무국_소고기,31,3.55,1.0,1.95
무국_소고기_느타리,32,1.7,2.11,1.85
무국_소고기_당면,45,1.9,1.78,5.36
무국_소고기_두부,27,2.0,1.58,0.92
무국_소고기_콩나물,36,2.9,1.83,2.16
무국_소고기_콩나물,36,2.9,1.83,2.16
무국_소고기_콩나물,36,2.9,1.83,2.16
무국_어묵,21,1.9,0.39,2.53
무국_어묵,22,1.9,0.4,2.62
무국_어묵,22,1.9,0.4,2.62
무국_어묵,22,1.9,0.4,2.62
무국_홍합,25,0.79,2.03,0.86
무국물,3,0.16,0.0,0.55
무나물,19,0.3,1.23,1.78
무나물,36,0.7,2.13,3.77
무나물,28,0.7,1.14,3.86
무나물,36,0.7,2.13,3.77
무나물무침,21,0.62,0.46,3.64
무말랭이무침,88,3.3,1.2,16.82
무말랭이무침,124,2.8,2.08,24.6
무말랭이무침,88,3.3,1.2,16.82
무말랭이무침,61,2.0,0.69,12.3
무말랭이무침,131,2.25,0.61,29.24
무말랭이무침,131,3.08,0.87,27.77
무말랭이무침,121,4.2,1.55,22.5
무말랭이무침_오징어,150,10.0,2.98,21.13
무말랭이무침_오징어,150,10.0,2.94,21.07
무말랭이장아찌,117,4.1,3.23,18.34
무밥,177,3.7,1.06,36.68
무생채,40,1.1,0.67,8.15
무생채,35,1.0,0.8,6.59
무생채,49,2.43,1.11,7.33
무생채,32,0.9,0.63,6.38
무생채(무만),30,1.03,0.56,5.77
무생채_굴,40,2.8,0.7,6.17
무생채_굴,41,2.6,0.66,6.51
무생채_굴,50,3.68,1.26,5.92
무생채_미나리,46,1.4,1.12,8.53
무생채_미나리,46,1.4,1.12,8.53
무생채_미역,34,1.2,0.48,7.57
무생채_식초,42,1.18,0.84,8.18
무생채_식초,40,1.09,0.67,8.15
무생채_식초,35,1.01,0.8,6.59
무생채_액젓,42,1.2,0.84,8.18
무생채_액젓,38,1.3,0.83,7.08
무숙장아찌,93,3.7,6.44,4.78
무장아찌,116,2.5,5.97,14.25
무장아찌,80,1.47,0.76,16.76
무조림,48,2.6,0.74,8.69
무조림,47,2.4,0.73,8.57
무조림,48,2.6,0.74,8.69
무조림,47,2.4,0.73,8.57
무조림,48,2.26,2.38,4.29
무지개떡,229,3.53,0.31,53.01
무짠지,11,0.54,0.12,1.98
무청나물,80,2.8,5.44,6.04
무초절임(치킨무),17,0.52,0.3,3.05
묵국_메밀묵,22,1.0,0.4,3.57
묵말이_도토리묵,36,0.52,0.65,6.9
묵무침_도토리묵,46,0.29,0.32,10.38
묵무침_도토리묵,74,0.93,2.95,10.92
묵무침_청포묵,60,1.16,2.08,9.08
묵밥,70,2.6,0.74,12.99
묵밥,70,2.6,0.74,12.99
묵밥,69,2.6,0.56,13.05
묵밥,68,1.56,0.81,13.54
문어무침,63,7.2,1.95,4.91
문어무침,70,8.0,2.19,5.34
문어볶음,67,5.9,2.63,5.55
문어볶음_고추장,88,10.97,1.02,8.62
물김치_돌나물,5,0.31,0.08,0.75
물냉면,83,4.2,0.83,14.21
물냉면,96,3.6,0.71,18.22
물냉면,83,4.2,0.83,14.21
물냉면,78,4.0,0.85,13.24
물냉면_열무,95,4.7,0.95,16.41
물냉면_열무,95,4.7,0.95,16.41
물만두,97,6.7,2.34,13.08
물만두,98,6.6,2.42,13.04
물만두,98,6.6,2.42,13.04
물만두,92,6.1,2.56,10.5
물회,76,4.91,2.7,7.9
물회_생선,72,4.29,1.54,10.31
물회_오징어,49,6.19,1.2,3.26
미꾸라지튀김,387,10.89,25.39,28.85
미나리 초무침,49,2.1,1.76,7.89
미나리 초무침,41,1.7,0.48,8.87
미나리 초무침,49,2.1,1.76,7.89
미나리나물,59,2.03,3.67,4.48
미나리나물_고추장,25,1.2,0.59,4.83
미나리나물_고추장,25,1.2,0.59,4.83
미나리나물_고추장,25,1.2,0.59,4.83
미나리나물_모듬,20,1.0,0.74,2.97
미나리나물_소금,27,1.2,1.31,3.18
미나리나물_팽이버섯,16,0.8,0.81,1.96
미나리나물_팽이버섯,16,0.8,0.81,1.96
미나리무침,46,1.31,2.13,5.41
미나리무침,20,1.0,0.85,2.87
미나리무침,20,1.0,0.85,2.85
미나리무침_고추장,20,0.9,0.5,3.57
미나리무침_고추장,19,0.8,0.5,3.54
미나리무침_고추장,20,0.9,0.5,3.57
미나리전,151,3.49,5.08,22.82
미더덕찜,77,7.7,1.82,8.05
미소된장국,8,0.6,0.22,0.93
미소된장국,21,1.58,0.83,2.04
미소된장국,23,1.85,0.92,2.12
미소된장국,26,1.99,1.18,2.35
미소된장국,25,1.87,1.2,1.87
미숫가루,70,2.08,2.27,10.42
미숫가루(선식)음료,128,2.9,1.1,27.73
미숫가루(선식)음료,128,2.9,1.1,27.73
미숫가루(선식)음료,128,2.9,1.1,27.73
미숫가루(선식)음료,128,2.9,1.1,27.73
미숫가루(선식)음료_정말 맛있는 프로틴 17곡 영양 선식 (Venti),57,4.65,,
미숫가루_냉 미숫가루 아이스(ICED) (Grande),125,3.54,,
미숫가루_냉 미숫가루 아이스(ICED) (Mini Venti),112,3.33,,
미숫가루_냉 미숫가루 아이스(ICED) (Tall),139,3.89,,
미숫가루_냉 미숫가루 아이스(ICED) (Venti),101,2.78,,
미숫가루_미숫가루,43,1.27,,
미숫가루_미숫가루 아이스(ICED),70,2.0,,
미숫가루_미숫가루 아이스(ICED),139,4.79,,
미숫가루_미숫가루 아이스(ICED) (더벤티),75,1.98,,
미숫가루_오곡 미숫가루,68,1.83,,
미숫가루_제주 미숫가루 아이스(ICED),77,2.2,,
미숫가루_제주 미숫가루 핫(HOT),84,2.83,,
미숫가루_제주 보리개역 아이스(ICED),77,2.2,,
미숫가루_제주 보리개역 핫(HOT),84,2.83,,
미역 된장국,12,1.2,0.42,1.44
미역 된장국,15,1.2,0.57,1.81
미역 오이무침,61,1.8,1.75,12.32
미역 오이무침,57,1.9,0.36,14.77
미역 오이무침,61,1.8,1.75,12.32
미역국,7,0.8,0.33,0.88
미역국,12,0.65,0.61,0.87
미역국,7,0.8,0.32,0.94
미역국,11,1.6,0.46,0.92
미역국,10,0.8,0.58,0.88
미역국_굴,17,1.43,0.64,1.37
미역국_대합,11,1.23,0.45,0.56
미역국_들깨,17,0.75,1.21,1.29
미역국_바지락,8,0.9,0.16,1.11
미역국_바지락,9,0.89,0.22,0.95
미역국_북어,11,1.8,0.26,0.77
미역국_북어,11,1.8,0.26,0.77
미역국_북어,11,1.8,0.26,0.77
미역국_북어,19,2.46,0.56,1.04
미역국_북어,11,1.8,0.26,0.81
미역국_새우,16,1.09,0.46,1.83
미역국_소고기,13,1.86,0.26,0.82
미역국_소고기,17,1.45,1.05,0.7
미역국_소고기,23,1.69,1.38,1.28
미역국_소고기,23,1.84,1.54,0.67
미역국_참치,19,2.62,0.57,0.9
미역국_홍합,26,3.03,0.72,1.78
미역국_홍합,9,1.11,0.25,0.85
미역냉국,26,0.9,1.65,2.58
미역냉국_오이,11,0.5,0.11,2.7
미역냉국_오이,11,0.5,0.11,2.7
미역냉국_오이_고추,11,0.5,0.11,2.55
미역냉국_오이_고추,14,0.6,0.19,3.11
미역줄기볶음,26,0.8,1.86,2.85
미역줄기볶음,89,1.03,7.84,3.65
미역줄기볶음,60,1.8,4.73,4.4
미역줄기볶음,51,1.3,4.13,4.02
미역줄기볶음,77,0.96,5.95,4.85
미역줄기볶음,95,2.5,7.47,6.56
미역줄기볶음_미역줄기,31,0.59,2.55,2.71
미역줄기볶음_미역줄기,39,1.23,3.12,3.14
미역줄기볶음_미역줄기_채소,35,0.72,2.74,3.27
미역초무침,63,2.19,0.48,12.57
미역초무침,31,1.48,0.71,6.85
미역초무침,35,1.18,1.02,5.24
미역튀각,443,13.24,33.9,21.14
미역튀각,363,14.4,30.22,28.31
미음,19,0.3,0.0,4.7
미음_칠분도미,20,0.3,0.1,4.6
미음_현미,19,0.4,0.1,4.4
미트 스파게티,109,4.3,1.9,18.58
미트 스파게티,109,4.3,1.9,18.58
미트 스파게티,109,4.3,1.97,18.59
미트 스파게티_미트스파게티,134,4.55,,
미트볼조림,126,5.1,6.99,11.5
미트볼조림,221,18.15,10.73,12.95
미트볼조림,156,5.8,8.14,16.1
미트볼조림,126,5.1,6.99,11.5
미트볼조림,156,5.8,8.14,16.1
미트볼조림_샤샤삭슈카,108,4.7,5.1,10.7
민들레무침,27,1.2,0.72,4.56
민들레잎무침,81,2.69,2.33,12.32
민어 매운탕,35,4.5,0.79,2.98
민어구이,106,12.6,5.53,0.38
밀면_물밀면,71,2.46,0.5,14.19
밀크쉐이크_바닐라,113,2.43,3.88,17.01
밀크티/버블티_골든펄 돌체 밀크티,61,1.06,,
밀크티/버블티_그린 밀크티 아이스(ICED),59,1.79,,9.38
밀크티/버블티_그린 밀크티 핫(HOT),83,2.98,,11.91
밀크티/버블티_납작복숭아 쥬얼리 밀크티,60,1.27,,
밀크티/버블티_달고나 버블티,80,1.25,,
밀크티/버블티_달달한 밤 밀크티 아이스(ICED),82,1.62,,
밀크티/버블티_달달한 밤 밀크티 핫(HOT),93,0.22,,
밀크티/버블티_돌체 블랙 밀크티 아이스(ICED),64,1.27,,
밀크티/버블티_돌체 블랙 밀크티 아이스(ICED) (Tall),59,1.69,,
밀크티/버블티_돌체 블랙 밀크티 핫(HOT),86,2.32,,
밀크티/버블티_돌체 블랙 밀크티 핫(HOT) (Tall),70,2.25,,
밀크티/버블티_딸기 듬뿍 밀크티,60,1.27,,
밀크티/버블티_딸기 버블티,124,2.02,,
밀크티/버블티_딸기 블랙 밀크티 아이스(ICED) (Grande),65,1.25,,
밀크티/버블티_딸기 블랙 밀크티 아이스(ICED) (Mini Venti),72,1.23,,
밀크티/버블티_딸기 블랙 밀크티 아이스(ICED) (Tall),57,1.11,,
밀크티/버블티_딸기 블랙 밀크티 아이스(ICED) (Venti),63,0.97,,
밀크티/버블티_딸기 블랙 밀크티 핫(HOT) (Grande),77,1.88,,
밀크티/버블티_딸기 블랙 밀크티 핫(HOT) (Mini Venti),80,2.11,,
밀크티/버블티_딸기 블랙 밀크티 핫(HOT) (Tall),72,1.95,,
밀크티/버블티_딸기 블랙 밀크티 핫(HOT) (Venti),74,1.81,,
밀크티/버블티_딸기 쥬얼리 밀크티 아이스(ICED),49,1.06,,
밀크티/버블티_딸기심쿵 프렌치바닐라 밀크티,68,0.72,,
밀크티/버블티_레몬 버블티,146,1.79,,
밀크티/버블티_로얄 달고나 밀크티,86,1.94,,
밀크티/버블티_로얄 밀크 버블티,99,1.7,,
밀크티/버블티_로얄 밀크 티 아이스(ICED),54,1.48,,
밀크티/버블티_로얄 밀크 티 핫(HOT),49,2.03,,
밀크티/버블티_로얄 밀크티,93,1.94,,
밀크티/버블티_로얄 밀크티 아이스(ICED),54,1.48,,
밀크티/버블티_로얄 밀크티 아이스(ICED),74,1.46,2.2,11.95
밀크티/버블티_로얄 밀크티 아이스(ICED),47,1.24,,
밀크티/버블티_로얄 밀크티 아이스(ICED),57,1.33,,
밀크티/버블티_로얄 밀크티 아이스(ICED),44,1.24,,
밀크티/버블티_로얄 밀크티 아이스(ICED) (L),67,1.48,,
밀크티/버블티_로얄 밀크티 아이스(ICED) (R),43,1.21,,
밀크티/버블티_로얄 밀크티 아이스(ICED) (더벤티),67,1.46,,
밀크티/버블티_로얄 밀크티 핫(HOT),69,2.05,,
밀크티/버블티_로얄 밀크티 핫(HOT),112,2.58,3.87,16.45
밀크티/버블티_로얄 밀크티 핫(HOT),65,2.05,,
밀크티/버블티_로얄 밀크티 핫(HOT),65,1.67,,
밀크티/버블티_로얄 밀크티 핫(HOT) (L),67,2.54,,
밀크티/버블티_로얄 밀크티 핫(HOT) (R),68,2.54,,
밀크티/버블티_로얄 클래식 밀크티 아이스(ICED),44,1.25,,
밀크티/버블티_로얄 클래식 밀크티 핫(HOT),63,2.07,,
밀크티/버블티_로얄 흑당 밀크티,87,2.22,,
밀크티/버블티_로얄밀크 버블티,76,1.35,,
밀크티/버블티_로열 밀크티 아이스(ICED),51,1.06,,8.23
밀크티/버블티_로열 밀크티 핫(HOT),80,1.98,,11.7
밀크티/버블티_리얼 딸기 쥬얼리 밀크티,60,1.27,,
밀크티/버블티_말차 버블티,64,1.04,,
밀크티/버블티_말차 버블티 (L),46,1.3,,6.3
밀크티/버블티_말차 버블티 (ML),45,1.13,,5.63
밀크티/버블티_망고 버블티,126,2.02,,
밀크티/버블티_망고사고 밀크티,60,0.55,,
밀크티/버블티_메론 버블티,49,0.24,,
밀크티/버블티_미니펄 딸기 밀크티 아이스(ICED) (J),60,0.61,,
밀크티/버블티_미니펄 딸기 밀크티 아이스(ICED) (L),62,0.85,,
밀크티/버블티_미니펄 망고 밀크 아이스(ICED) (J),61,0.92,,
밀크티/버블티_미니펄 망고 밀크 아이스(ICED) (L),64,1.27,,
밀크티/버블티_미숫가루 라떼 아이스(ICED) (더벤티),74,2.29,,
밀크티/버블티_민트 밀크티 아이스(ICED),67,1.39,,
밀크티/버블티_민트 밀크티 아이스(ICED) (L),67,1.39,,
밀크티/버블티_민트 밀크티 아이스(ICED) (XL),78,1.45,,
밀크티/버블티_민트 밀크티 아이스(ICED) 빅사이즈,78,1.45,,
밀크티/버블티_민트 밀크티 핫(HOT),88,2.51,,
밀크티/버블티_민트 밀크티 핫(HOT) (L),88,2.51,,
밀크티/버블티_민트 밀크티 핫(HOT) (XL),94,2.52,,
밀크티/버블티_민트 밀크티 핫(HOT) 빅사이즈,94,2.52,,
밀크티/버블티_밀크 버블티,50,1.17,,
밀크티/버블티_밀크티,53,1.56,,
밀크티/버블티_밀크티,51,1.78,,
밀크티/버블티_밀크티 달구나 아이스(ICED) (L),56,1.37,,9.94
밀크티/버블티_밀크티 달구나 아이스(ICED) (ML),51,1.13,,9.15
밀크티/버블티_밀크티 달구나 핫(HOT) (ML),68,1.86,,11.68
밀크티/버블티_밀크티 아이스(ICED),40,1.45,,
밀크티/버블티_밀크티 아이스(ICED),54,1.5,,
밀크티/버블티_밀크티 아이스(ICED),46,1.12,1.62,6.67
밀크티/버블티_밀크티 아이스(ICED),50,1.27,,
밀크티/버블티_밀크티 아이스(ICED),46,1.2,,
밀크티/버블티_밀크티 아이스(ICED) (EX),41,1.3,,
밀크티/버블티_밀크티 아이스(ICED) (R),46,1.35,,
밀크티/버블티_밀크티 핫(HOT),68,7.64,,
밀크티/버블티_밀크티 핫(HOT),60,2.34,,
밀크티/버블티_밀크티 핫(HOT),66,1.9,,
밀크티/버블티_밀크티 핫(HOT) (EX),57,1.93,,
밀크티/버블티_밀크티 핫(HOT) (R),84,2.46,,
밀크티/버블티_바나나 버블티,135,2.03,,
밀크티/버블티_버블 밀크티 아이스(ICED),64,1.31,,
밀크티/버블티_버블 밀크티 핫(HOT),80,1.89,,
밀크티/버블티_버블 크림 밀크티 아이스(ICED),77,1.21,,
밀크티/버블티_버터스카치폼 밀크티 아이스(ICED),68,0.97,,
밀크티/버블티_브라운 슈가 쥬얼리 밀크티 아이스(ICED),69,1.48,,
밀크티/버블티_브라운 슈가 쥬얼리 밀크티 핫(HOT),105,2.66,,
밀크티/버블티_브라운슈가 버블 밀크티,104,1.45,,
밀크티/버블티_브라운슈가 버블티,87,1.39,,
밀크티/버블티_브라운슈가 쥬얼리 밀크티 아이스(ICED),72,1.27,,
밀크티/버블티_브라운슈가 쥬얼리 밀크티 핫(HOT),78,1.45,,
밀크티/버블티_블랙 밀크티 아이스(ICED),61,0.12,,
밀크티/버블티_블랙 밀크티 아이스(ICED) (J),41,0.15,,
밀크티/버블티_블랙 밀크티 아이스(ICED) (L),33,1.31,,
밀크티/버블티_블랙 밀크티 아이스(ICED) (L),61,0.12,,
밀크티/버블티_블랙 밀크티 아이스(ICED) (L),44,0.21,,
밀크티/버블티_블랙 밀크티 아이스(ICED) (M),32,1.25,,
밀크티/버블티_블랙 밀크티 아이스(ICED) (XL),70,0.14,,
밀크티/버블티_블랙 밀크티 아이스(ICED) 빅사이즈,70,0.14,,
밀크티/버블티_블랙 밀크티 핫(HOT),73,0.19,,
밀크티/버블티_블랙 밀크티 핫(HOT) (J),18,0.85,,
밀크티/버블티_블랙 밀크티 핫(HOT) (L),73,0.19,,
밀크티/버블티_블랙 밀크티 핫(HOT) (L),15,0.73,,
밀크티/버블티_블랙 밀크티 핫(HOT) (L),29,1.11,,
밀크티/버블티_블랙 밀크티 핫(HOT) (M),34,1.35,,
밀크티/버블티_블랙 밀크티 핫(HOT) (XL),78,0.18,,
밀크티/버블티_블랙 밀크티 핫(HOT) 빅사이즈,78,0.18,,
밀크티/버블티_블랙 밀크티+펄 아이스(ICED) (J),58,0.31,,
밀크티/버블티_블랙 밀크티+펄 아이스(ICED) (L),59,0.21,,
밀크티/버블티_블랙 밀크티+펄 핫(HOT) (J),52,1.48,,
밀크티/버블티_블랙 밀크티+펄 핫(HOT) (L),49,1.45,,
밀크티/버블티_블랙버블 밀크티,105,2.82,,
밀크티/버블티_블랙버블 밀크티 아이스(ICED) (Grande),98,9.79,,
밀크티/버블티_블랙버블 밀크티 아이스(ICED) (Mini Venti),93,9.65,,
밀크티/버블티_블랙버블 밀크티 아이스(ICED) (Tall),106,10.0,,
밀크티/버블티_블랙버블 밀크티 아이스(ICED) (Venti),86,9.17,,
밀크티/버블티_블랙슈가 버블티,67,1.32,1.72,11.56
밀크티/버블티_블랙펄 밀크티 아이스(ICED),72,0.85,,
밀크티/버블티_블루베리 버블티,123,1.73,,
밀크티/버블티_빠나나 밀크티 아이스(ICED),76,0.23,,
밀크티/버블티_빠나나 밀크티 아이스(ICED) 빅사이즈,78,0.25,,
밀크티/버블티_빠나나 밀크티 핫(HOT),100,0.38,,
밀크티/버블티_빠나나 밀크티 핫(HOT) 빅사이즈,100,0.39,,
밀크티/버블티_순수 밀크티 보틀,73,2.67,,
밀크티/버블티_순수 카페 밀크티 보틀,105,2.33,,
밀크티/버블티_슬림 타로 JMT,31,1.56,,
밀크티/버블티_아몬드 밀크티 아이스(ICED),49,1.42,,
밀크티/버블티_아몬드 밀크티 아이스(ICED),47,1.24,,
밀크티/버블티_아몬드 밀크티 핫(HOT),70,2.05,,
밀크티/버블티_아몬드 밀크티 핫(HOT),71,2.28,,
밀크티/버블티_아쌈 버블티,68,1.51,,
밀크티/버블티_아이스버블 밀크티 아이스(ICED) (L),74,1.48,,
밀크티/버블티_아이스버블 밀크티 아이스(ICED) (R),66,1.21,,
밀크티/버블티_얼그레이 밀크티 아이스(ICED),41,1.49,2.13,4.04
밀크티/버블티_얼그레이 밀크티 아이스(ICED),53,1.07,1.43,8.26
밀크티/버블티_얼그레이 밀크티 아이스(ICED),66,1.59,,11.14
밀크티/버블티_얼그레이 밀크티 아이스(ICED),61,0.16,,
밀크티/버블티_얼그레이 밀크티 아이스(ICED),45,1.41,,7.46
밀크티/버블티_얼그레이 밀크티 아이스(ICED) (J),41,0.15,,
밀크티/버블티_얼그레이 밀크티 아이스(ICED) (L),61,0.16,,
밀크티/버블티_얼그레이 밀크티 아이스(ICED) (L),44,0.21,,
밀크티/버블티_얼그레이 밀크티 아이스(ICED) (XL),70,0.17,,
밀크티/버블티_얼그레이 밀크티 아이스(ICED) 빅사이즈,70,0.17,,
밀크티/버블티_얼그레이 밀크티 핫(HOT),60,1.4,1.86,8.8
밀크티/버블티_얼그레이 밀크티 핫(HOT),92,2.37,,13.95
밀크티/버블티_얼그레이 밀크티 핫(HOT),65,2.58,3.23,6.45
밀크티/버블티_얼그레이 밀크티 핫(HOT),54,1.69,,8.73
밀크티/버블티_얼그레이 밀크티 핫(HOT),73,0.25,,
밀크티/버블티_얼그레이 밀크티 핫(HOT) (J),18,0.85,,
밀크티/버블티_얼그레이 밀크티 핫(HOT) (L),14,0.73,,
밀크티/버블티_얼그레이 밀크티 핫(HOT) (L),73,0.25,,
밀크티/버블티_얼그레이 밀크티 핫(HOT) (XL),79,0.24,,
밀크티/버블티_얼그레이 밀크티 핫(HOT) 빅사이즈,79,0.24,,
밀크티/버블티_얼그레이 버블티,62,1.19,1.4,11.12
밀크티/버블티_얼그레이 버블티 (L),47,1.3,,6.7
밀크티/버블티_얼그레이 버블티 (ML),34,1.13,0.0,6.76
밀크티/버블티_얼그레이버블티 아이스(ICED),59,0.87,,10.76
밀크티/버블티_우롱 밀크티 아이스(ICED),61,0.12,,
밀크티/버블티_우롱 밀크티 아이스(ICED) (J),41,0.15,,
밀크티/버블티_우롱 밀크티 아이스(ICED) (L),61,0.12,,
밀크티/버블티_우롱 밀크티 아이스(ICED) (L),49,1.4,,8.3
밀크티/버블티_우롱 밀크티 아이스(ICED) (L),44,0.21,,
밀크티/버블티_우롱 밀크티 아이스(ICED) (ML),49,1.41,,8.45
밀크티/버블티_우롱 밀크티 아이스(ICED) (XL),70,0.14,,
밀크티/버블티_우롱 밀크티 아이스(ICED) 빅사이즈,70,0.14,,
밀크티/버블티_우롱 밀크티 핫(HOT),58,1.69,,9.86
밀크티/버블티_우롱 밀크티 핫(HOT),73,0.19,,
밀크티/버블티_우롱 밀크티 핫(HOT) (J),18,0.85,,
밀크티/버블티_우롱 밀크티 핫(HOT) (L),14,0.73,,
밀크티/버블티_우롱 밀크티 핫(HOT) (L),73,0.19,,
밀크티/버블티_우롱 밀크티 핫(HOT) (XL),78,0.18,,
밀크티/버블티_우롱 밀크티 핫(HOT) 빅사이즈,78,0.18,,
밀크티/버블티_우롱 버블티 (L),51,1.3,,7.5
밀크티/버블티_우롱 버블티 (ML),52,1.13,,7.74
밀크티/버블티_자색고구마 버블티 (L),46,1.0,,6.5
밀크티/버블티_자색고구마 버블티(ML),45,0.99,,5.77
밀크티/버블티_자스민 그린 밀크티 아이스(ICED),65,0.13,,
밀크티/버블티_자스민 그린 밀크티 아이스(ICED) (J),39,0.31,,
밀크티/버블티_자스민 그린 밀크티 아이스(ICED) (L),65,0.13,,
밀크티/버블티_자스민 그린 밀크티 아이스(ICED) (L),39,0.21,,
밀크티/버블티_자스민 그린 밀크티 아이스(ICED) (XL),70,0.16,,
밀크티/버블티_자스민 그린 밀크티 아이스(ICED) 빅사이즈,70,0.16,,
밀크티/버블티_자스민 그린 밀크티 핫(HOT),97,0.25,,
밀크티/버블티_자스민 그린 밀크티 핫(HOT) (J),26,1.27,,
밀크티/버블티_자스민 그린 밀크티 핫(HOT) (L),26,1.21,,
밀크티/버블티_자스민 그린 밀크티 핫(HOT) (L),97,0.25,,
밀크티/버블티_자스민 그린 밀크티 핫(HOT) (XL),96,0.25,,
밀크티/버블티_자스민 그린 밀크티 핫(HOT) 빅사이즈,96,0.25,,
밀크티/버블티_자스민 밀크티 아이스(ICED) (J),41,1.08,,
밀크티/버블티_자스민 밀크티 아이스(ICED) (L),44,0.21,,
밀크티/버블티_자스민 밀크티 핫(HOT) (J),18,0.85,,
밀크티/버블티_자스민 밀크티 핫(HOT) (L),15,0.73,,
밀크티/버블티_자스민우롱 밀크티 아이스(ICED),37,1.22,,4.78
밀크티/버블티_자스민우롱 밀크티 핫(HOT),62,2.19,,7.21
밀크티/버블티_제주 그린 밀크티 아이스(ICED) (J),39,1.54,,
밀크티/버블티_제주 그린 밀크티 아이스(ICED) (L),39,1.48,,
밀크티/버블티_제주 그린 밀크티 핫(HOT) (J),71,2.96,,
밀크티/버블티_제주 그린 밀크티 핫(HOT) (L),71,2.9,,
밀크티/버블티_제주 그린 밀크티+펄 아이스(ICED) (J),56,1.54,,
밀크티/버블티_제주 그린 밀크티+펄 아이스(ICED) (L),56,1.69,,
밀크티/버블티_제주 그린 밀크티+펄 핫(HOT) (J),94,2.96,,
밀크티/버블티_제주 그린 밀크티+펄 핫(HOT) (L),91,2.9,,
밀크티/버블티_제주 말차 밀크티 아이스(ICED),73,0.28,,
밀크티/버블티_제주 말차 밀크티 아이스(ICED) (L),73,0.28,,
밀크티/버블티_제주 말차 밀크티 아이스(ICED) (XL),81,0.34,,
밀크티/버블티_제주 말차 밀크티 아이스(ICED) 빅사이즈,81,0.34,,
밀크티/버블티_제주 말차 밀크티 핫(HOT),105,0.52,,
밀크티/버블티_제주 말차 밀크티 핫(HOT) (L),105,0.52,,
밀크티/버블티_제주 말차 밀크티 핫(HOT) (XL),81,0.44,,
밀크티/버블티_제주 말차 밀크티 핫(HOT) 빅사이즈,81,0.44,,
밀크티/버블티_진저 밀크티,64,1.56,,
밀크티/버블티_진저 밀크티 아이스(ICED),56,1.2,,
밀크티/버블티_청송 사과 밀크티 아이스(ICED) (L),51,1.3,,8.8
밀크티/버블티_청송 사과 밀크티 아이스(ICED) (ML),52,1.27,,9.01
밀크티/버블티_청송 사과 밀크티 핫(HOT),58,1.55,,9.57
밀크티/버블티_청순밀크티 보틀,51,1.33,,
밀크티/버블티_초당옥수수 밀크티+펄,65,1.48,,
밀크티/버블티_초코 밀크티 아이스(ICED),73,0.44,,
밀크티/버블티_초코 밀크티 아이스(ICED) (L),73,0.44,,
밀크티/버블티_초코 밀크티 아이스(ICED) (XL),83,0.53,,
밀크티/버블티_초코 밀크티 아이스(ICED) 빅사이즈,83,0.53,,
밀크티/버블티_초코 밀크티 핫(HOT),111,0.8,,
밀크티/버블티_초코 밀크티 핫(HOT) (L),111,0.8,,
밀크티/버블티_초코 밀크티 핫(HOT) (XL),104,0.82,,
밀크티/버블티_초코 밀크티 핫(HOT) 빅사이즈,104,0.83,,
밀크티/버블티_초코 버블티,68,1.5,1.59,11.99
밀크티/버블티_초콜렛 밀크티 아이스(ICED) (J),37,0.77,,
밀크티/버블티_초콜렛 밀크티 아이스(ICED) (L),41,0.85,,
밀크티/버블티_초콜렛 밀크티 핫(HOT) (J),41,0.85,,
밀크티/버블티_초콜렛 밀크티 핫(HOT) (L),35,0.73,,
밀크티/버블티_초콜릿 밀크티 아이스(ICED),50,1.45,,
밀크티/버블티_초콜릿 밀크티 핫(HOT),58,1.56,,
밀크티/버블티_치즈 폼 밀크티 아이스(ICED),64,1.02,,
밀크티/버블티_커반 밀크티 아이스(ICED),104,2.5,,
밀크티/버블티_커피베이 달고나 버블티,75,0.82,,
밀크티/버블티_코코넛 버블티,85,1.51,,
밀크티/버블티_코코넛 버블티,49,0.24,,
밀크티/버블티_클래식 밀크티 아이스(ICED),36,0.75,,5.96
밀크티/버블티_클래식 밀크티 핫(HOT),69,1.93,,9.35
밀크티/버블티_타로 밀크티 아이스(ICED),66,1.24,,
밀크티/버블티_타로 밀크티 아이스(ICED) (J),48,0.15,,
밀크티/버블티_타로 밀크티 아이스(ICED) (L),66,1.24,,
밀크티/버블티_타로 밀크티 아이스(ICED) (L),56,0.21,,
밀크티/버블티_타로 밀크티 아이스(ICED) (XL),82,1.43,,
밀크티/버블티_타로 밀크티 아이스(ICED) 빅사이즈,82,1.43,,
밀크티/버블티_타로 밀크티 핫(HOT) (J),56,0.21,,
밀크티/버블티_타로 밀크티 핫(HOT) (L),103,2.41,,
밀크티/버블티_타로 밀크티 핫(HOT) (L),51,0.24,,
밀크티/버블티_타로 밀크티 핫(HOT) (XL),113,2.4,,
밀크티/버블티_타로 밀크티+펄 아이스(ICED) (J),79,0.31,,
밀크티/버블티_타로 밀크티+펄 아이스(ICED) (L),80,0.21,,
밀크티/버블티_타로 밀크티+펄 핫(HOT) (J),118,0.42,,
밀크티/버블티_타로 밀크티+펄 핫(HOT) (L),115,0.48,,
밀크티/버블티_타로 버블티,98,0.33,,
밀크티/버블티_타로 버블티,69,0.7,,
밀크티/버블티_타로 버블티,91,1.89,,
밀크티/버블티_타로 버블티,71,1.32,1.95,12.08
밀크티/버블티_타로 버블티,75,1.34,,
밀크티/버블티_타로 버블티 (더벤티),102,0.31,,
밀크티/버블티_타로밀크티 핫(HOT),103,2.41,,
밀크티/버블티_타로밀크티 핫(HOT) 빅사이즈,113,2.4,,
밀크티/버블티_타로버블 밀크티,106,2.82,,
밀크티/버블티_타로버블 밀크티 아이스(ICED) (Grande),99,1.88,,
밀크티/버블티_타로버블 밀크티 아이스(ICED) (Mini Venti),96,1.75,,
밀크티/버블티_타로버블 밀크티 아이스(ICED) (Tall),107,1.95,,
밀크티/버블티_타로버블 밀크티 아이스(ICED) (Venti),87,1.53,,
밀크티/버블티_피스타치오 밀크티 아이스(ICED),84,0.63,,
밀크티/버블티_피스타치오 밀크티 아이스(ICED) (J),53,1.54,,
밀크티/버블티_피스타치오 밀크티 아이스(ICED) (L),48,1.48,,
밀크티/버블티_피스타치오 밀크티 아이스(ICED) 빅사이즈,83,0.61,,
밀크티/버블티_피스타치오 밀크티 핫(HOT),123,1.39,,
밀크티/버블티_피스타치오 밀크티 핫(HOT) (J),69,2.11,,
밀크티/버블티_피스타치오 밀크티 핫(HOT) (L),61,1.93,,
밀크티/버블티_피스타치오 밀크티 핫(HOT) 빅사이즈,117,1.43,,
밀크티/버블티_피스타치오 밀크티+펄 아이스(ICED) (J),67,1.69,,
밀크티/버블티_피스타치오 밀크티+펄 아이스(ICED)) (L),67,1.69,,
밀크티/버블티_피스타치오 밀크티+펄 핫(HOT) (J),107,2.75,,
밀크티/버블티_피스타치오 밀크티+펄 핫(HOT) (L),104,2.9,,
밀크티/버블티_피스타치오 버블티 (L),54,1.2,,7.8
밀크티/버블티_피스타치오 버블티 (ML),54,1.13,,7.46
밀크티/버블티_피치 아삭 밀크티,55,0.58,,
밀크티/버블티_피치 아삭 밀크티 빅사이즈,56,0.58,,
밀크티/버블티_하동 호지 밀크티 아이스(ICED) (J),52,1.69,,
밀크티/버블티_하동 호지 밀크티 아이스(ICED) (L),52,1.69,,
밀크티/버블티_하동 호지 밀크티 핫(HOT) (J),80,3.17,,
밀크티/버블티_하동 호지 밀크티 핫(HOT) (L),80,3.14,,
밀크티/버블티_허니 밀크티 아이스(ICED) (L),33,1.31,,
밀크티/버블티_허니 밀크티 아이스(ICED) (M),32,1.25,,
밀크티/버블티_허니 밀크티 핫(HOT) (L),29,1.11,,
밀크티/버블티_허니 밀크티 핫(HOT) (M),34,1.35,,
밀크티/버블티_허니 얼 그레이 밀크티 아이스(ICED) (Grande),47,0.85,,
밀크티/버블티_허니 얼 그레이 밀크티 핫(HOT) (Grande),84,2.54,,
밀크티/버블티_허니자몽 버블티,128,2.03,,
밀크티/버블티_홍차 버블티,64,1.04,,
밀크티/버블티_흑당 말차 버블티,81,1.88,,
밀크티/버블티_흑당 밀크티 아이스(ICED),59,1.45,1.94,8.77
밀크티/버블티_흑당 밀크티 아이스(ICED),77,1.29,,
밀크티/버블티_흑당 밀크티 아이스(ICED) (L),77,1.29,,
밀크티/버블티_흑당 밀크티 아이스(ICED) (M),51,1.3,,
밀크티/버블티_흑당 밀크티 아이스(ICED) (XL),85,1.38,,
밀크티/버블티_흑당 밀크티 아이스(ICED) 빅사이즈,85,1.38,,
밀크티/버블티_흑당 밀크티 핫(HOT),120,2.37,,
밀크티/버블티_흑당 밀크티 핫(HOT) (L),120,2.37,,
밀크티/버블티_흑당 밀크티 핫(HOT) (XL),119,2.38,,
밀크티/버블티_흑당 밀크티 핫(HOT) 빅사이즈,119,2.38,,
밀크티/버블티_흑당 버블티,66,1.1,,
밀크티/버블티_흑당 버블티,83,1.28,1.7,15.74
밀크티/버블티_흑당 버블티,89,1.41,,
밀크티/버블티_흑당 버블티 (L),45,1.2,,6.0
밀크티/버블티_흑당 버블티 (ML),44,1.13,,5.49
밀크티/버블티_흑당 버블티 아이스(ICED),69,1.2,1.58,12.49
밀크티/버블티_흑당 쇼콜라 버블티,63,0.83,,
밀크티/버블티_흑당 시나몬 버블티,74,1.25,,
밀크티/버블티_흑당 카페 버블티,60,0.98,,
밀크티/버블티_흑당 펄 밀크티 아이스(ICED) (L),62,1.4,,
밀크티/버블티_흑당 펄 밀크티 아이스(ICED) (R),63,1.25,,
밀크티/버블티_흑당 펄 밀크티 핫(HOT) (L),86,2.03,,
밀크티/버블티_흑당 펄 밀크티 핫(HOT) (R),86,2.15,,
밀크티/버블티_흑당 홍차 버블티,72,0.98,,
밀크티/버블티_흑설탕 버블티,78,1.17,,
밀크티/버블티_흑설탕 버블티 (더벤티),86,1.36,,
밀크티_블랙,49,1.0,2.64,5.3
밀크티_초콜릿,76,1.23,3.68,9.61
밀크티_타로,102,0.37,5.83,11.95
밀크티_흑당,94,2.38,2.55,15.37
밀크티_흑당밀크 아이스(ICED),63,1.27,1.69,8.21
밀푀유나베_간편조리세트_매콤 밀푀유나베,55,4.13,3.11,2.52
밀푀유나베_간편조리세트_밀푀유나베,36,3.45,1.64,1.8
밀푀유나베_간편조리세트_밀푀유나베,41,3.66,1.17,3.83
밀푀유나베_간편조리세트_밀푀유나베,47,3.53,1.02,5.94
바게트_NEW 마늘바게뜨,308,8.3,,
바게트_NEW 모닝바게뜨,258,8.95,1.21,51.58
바게트_NEW마늘바게뜨,308,8.3,6.79,51.7
바게트_갈릭 바게트볼,327,7.78,,
바게트_갈릭 치즈 부기브레드,369,9.41,,
바게트_갈릭바게뜨,375,7.5,17.5,45.0
바게트_겉바속촉꿀버터바게트,368,6.14,,
바게트_꿀버터 바게트,363,5.83,,
바게트_남해마늘로만든갈릭퐁당브레드(대),399,6.6,,
바게트_남해마늘로만든갈릭퐁당브레드(소),401,6.62,,
바게트_달콤바삭 연유 바게뜨,374,6.59,,
바게트_달콤바삭연유바게뜨,374,6.59,17.03,48.35
바게트_달콤한 연유바게뜨,373,6.67,,
바게트_대파 바게트볼,424,7.78,,
바게트_마늘 바게트,425,8.0,,
바게트_마늘 바게트,377,7.9,,
바게트_마늘모닝바게뜨,324,8.57,8.57,51.9
바게트_마늘바게뜨,330,7.0,,
바게트_마늘빵 (5개입),350,7.14,,
바게트_마롱깜파뉴,243,6.82,,
바게트_명란바게뜨,350,7.5,17.5,41.25
바게트_모닝바게뜨,258,8.95,,
바게트_무화과크림 바게트,405,5.8,22.5,44.9
바게트_미엘프로마쥬,278,7.76,,
바게트_바게트볼,390,7.0,,45.0
바게트_반미마늘스틱,405,4.55,,
바게트_반미바게뜨,246,5.13,,
바게트_순수바게트,264,8.1,,
바게트_스위트깜빠뉴,264,7.2,8.4,39.8
바게트_쌀모닝 바게트 (2개입),327,8.91,,
바게트_쌀모닝 바게트(2개입),327,8.91,,
바게트_자꾸 생각나는 갈릭바게뜨,444,6.67,,
바게트_정통바게뜨,255,9.0,1.2,51.0
바게트_치즈바게뜨,305,11.0,,
바게트_콘에그바게뜨,265,8.14,15.7,22.67
바게트_크랜베리 로프,249,7.14,,
바게트_크랜베리윌넛,414,4.76,,
바게트_크림치즈모닝바게뜨,292,9.85,,
바게트_크림치즈모닝바게뜨 (H),292,9.85,6.82,46.21
바게트_토마토 치즈 부기브레드,247,10.0,,
바게트_통검정보리브레드,217,6.0,,
바게트_통밀깜파뉴,241,7.0,,
바게트_파리의 갈릭바게뜨,429,7.5,,
바게트_파리의 바게뜨,265,9.0,,
바게트_프랑스바게트,274,10.8,,
바게트_프렌치마늘바게뜨,323,6.83,11.8,45.96
바게트_프렌치바게뜨,252,8.87,,
바게트_피자 바게트,297,7.5,,
바게트_피자바게트,213,10.0,,
바게트_피자바게트,297,8.13,,
바게트_허니바게트볼,366,7.03,,
바게트_허니버터 바게트볼,66,1.25,,
바게트_호두바게트,318,10.72,,
바게트_호두연유바게트,384,7.41,,
바지락 된장국,16,1.6,0.35,1.78
바지락 미역국,13,1.9,0.28,1.22
바지락 미역국,13,1.9,0.28,1.22
바지락 미역국,13,1.9,0.28,1.22
바지락 미역국_떡,8,0.9,0.15,1.14
바지락 수제비_감자,43,1.7,0.49,7.52
바지락 수제비_감자,31,1.3,0.45,5.08
바지락국,17,2.2,0.51,0.74
바지락국,17,2.2,0.52,0.74
바지락국,17,2.2,0.52,0.74
바지락찜,83,8.0,1.71,9.15
바지락찜,83,8.0,1.71,9.15
밤밥,152,3.4,0.23,32.65
밤밥,152,3.4,0.23,32.65
방풍나물_고추장,37,1.5,0.79,7.19
방풍나물_고추장,37,1.5,0.79,7.19
방풍나물_된장,31,1.6,0.94,4.9
방풍나물_소금,23,1.1,0.79,3.68
방풍나물무침,76,4.39,1.73,10.74
배추 겉절이,41,2.0,0.97,7.35
배추 겉절이,30,1.5,1.24,4.04
배추 겉절이,30,1.5,0.79,5.29
배추 겉절이,24,1.3,0.38,4.68
배추 된장국,13,0.9,0.29,1.8
배추 된장국,11,0.8,0.23,1.52
배추 된장국,17,1.7,0.37,2.05
배추 된장국,17,1.3,0.48,2.28
배추 된장국_바지락,25,3.0,0.51,2.14
배추 된장국_소고기,40,2.9,2.32,1.88
배추 된장국_소고기,30,2.0,1.63,1.92
배추 된장국_소고기,29,2.0,1.49,1.92
배추 된장국_소고기,30,2.9,1.1,2.18
배추겉절이,23,1.26,0.39,4.52
배추겉절이,43,2.18,0.92,6.51
배추겉절이,40,1.95,0.95,7.13
배추국,9,1.3,0.1,0.89
배추국,9,1.3,0.1,0.89
배추국,9,1.3,0.1,0.89
배추국_들깨,20,1.0,1.25,1.77
배추국_들깨,21,1.1,1.26,1.85
배추국_들깨,21,1.1,1.26,1.85
배추국_소고기,16,1.84,0.41,1.14
배추김치,38,1.98,0.43,6.49
배추김치_가을재배,37,1.85,0.54,6.1
배추김치_봄재배,39,2.22,0.67,5.95
배추김치_여름재배,38,1.84,0.49,6.56
배추나물,53,2.4,1.7,7.95
배추나물,38,2.2,1.55,4.76
배추나물,38,2.2,1.55,4.76
배추나물,53,2.4,1.7,7.95
배추나물,61,2.01,2.19,8.45
배추나물_간장,31,1.8,1.17,4.07
배추나물_간장_소금,18,1.01,0.73,2.45
배추나물_된장,31,1.67,1.28,3.68
배추나물_된장,32,1.72,1.25,4.25
배추숙주나물,22,1.5,0.62,3.58
배추전,160,3.44,5.78,23.68
배추전,109,3.2,6.01,10.29
배추전,109,3.2,6.01,10.29
배추전,111,3.3,6.13,10.38
백김치,16,0.95,0.07,3.0
백설기,230,3.71,1.45,50.4
백설기,224,3.78,0.9,50.28
백설기_검정콩,229,5.75,1.46,48.31
밴댕이무침,150,7.45,8.25,11.5
뱅쇼_경산모과 레드뱅쇼 아이스(ICED),30,0.11,,
뱅쇼_경산모과 레드뱅쇼 핫(HOT),35,0.11,,
뱅쇼_레드 시나몬 뱅쇼 아이스(ICED),68,0.28,,
뱅쇼_레드 시나몬 뱅쇼 핫(HOT),68,0.28,,
뱅쇼_루비뱅쇼 아이스(ICED),56,0.16,,
뱅쇼_뱅쇼,42,0.26,,
뱅쇼_뱅쇼 아이스(ICED),30,0.06,,
뱅쇼_뱅쇼 티 (ICED),39,0.05,,
뱅쇼_뱅쇼 티 핫(HOT),39,0.05,,
뱅쇼_뱅쇼 핫(HOT),47,0.06,,
뱅쇼_시트러스 티 뱅쇼 아이스(ICED) (Grande),30,0.0,,
뱅쇼_시트러스 티 뱅쇼 아이스(ICED) (Mini Venti),28,0.0,,
뱅쇼_시트러스 티 뱅쇼 핫(HOT) (Grande),30,0.0,,
뱅쇼_시트러스 티 뱅쇼 핫(HOT) (Mini Venti),28,0.0,,
뱅쇼_얼그레이 레몬 뱅쇼 아이스(ICED) (Grande),30,0.0,,
뱅쇼_얼그레이 레몬 뱅쇼 아이스(ICED) (Mini Venti),28,0.0,,
뱅쇼_얼그레이 레몬 뱅쇼 핫(HOT) (Grande),30,0.0,,
뱅쇼_얼그레이 레몬 뱅쇼 핫(HOT) (Mini Venti),28,0.0,,
뱅쇼_원터 화이트 뱅쇼 아이스(ICED) (EX),51,0.15,,
뱅쇼_원터 화이트 뱅쇼 아이스(ICED) (R),54,0.24,,
뱅쇼_원터 화이트 뱅쇼 핫(HOT) (EX),53,0.15,,
뱅쇼_원터 화이트 뱅쇼 핫(HOT) (R),58,0.26,,
뱅쇼_제로 뱅쇼 제로슈거 (Grande),2,0.0,,
뱅쇼_홀리데이 레드뱅쇼 아이스(ICED) (EX),46,0.15,,
뱅쇼_홀리데이 레드뱅쇼 아이스(ICED) (R),49,0.24,,
뱅쇼_홀리데이 레드뱅쇼 핫(HOT) (EX),48,0.15,,
뱅쇼_홀리데이 레드뱅쇼 핫(HOT) (R),52,0.26,,
뱅쇼_화이트 뱅쇼,23,0.0,,
뱅쇼_화이트뱅쇼 아이스(ICED),61,0.24,,
뱅쇼_화이트뱅쇼 핫(HOT),69,0.27,,
뱅쇼_히비스커스 뱅쇼 아이스(ICED),28,0.0,,
뱅쇼_히비스커스 뱅쇼 아이스(ICED) (R),28,0.0,,
뱅쇼_히비스커스 뱅쇼 핫(HOT),58,0.0,,
뱅쇼_히비스커스 뱅쇼 핫(HOT) (R),58,0.0,,
뱅어포구이,374,34.37,15.17,25.07
뱅어포구이,277,31.2,8.87,18.12
뱅어포무침,371,43.7,16.11,10.32
백합죽,65,2.36,0.8,12.1
뱅어포무침,411,48.3,17.88,11.5
뱅어포튀김,732,41.2,45.09,34.04
버거_1955 버거,217,10.98,11.36,18.18
버거_BBQ 치킨 버거,245,11.42,,
버거_BLT 오믈렛 킹모닝,270,9.05,,
버거_BLT오믈렛킹모닝,260,7.87,,
버거_JG 버거,315,18.64,,
버거_JG 버거 (L),319,18.55,,
버거_NBB 시그니처 버거,249,9.86,15.49,17.37
버거_NBB 어메이징 감바스,235,8.56,,
버거_NBB 어메이징 감바스 새우,244,10.31,,
버거_NBB 어메이징 버거,257,11.35,17.73,13.12
버거_NBB 오리지널 버거,232,8.99,13.76,18.52
버거_SG불고기 버거,244,11.21,,
버거_SG불고기 버거 (L),273,9.44,,
버거_SG크림치즈 버거,263,14.36,,
버거_SG크림치즈 버거 (L),310,14.28,,
버거_간장마늘싸이 버거,248,11.34,,
버거_갈릭 치킹 버거,260,10.79,,
버거_갈릭바베큐치킨 버거,232,11.15,12.68,18.47
버거_갈릭불고기와퍼 버거,232,10.7,,
버거_갈릭앤갈릭 버거,278,9.14,16.0,24.0
버거_갈릭치킹버거,260,10.79,,
버거_갓양념징거,230,13.4,,
버거_골든맥앤치즈비프 버거,250,12.29,13.77,19.49
버거_골든맥앤치즈치킨 버거,217,10.03,9.1,23.53
버거_그릴드더블비프 버거,251,15.2,15.78,12.16
버거_그릴드불고기 버거,260,9.76,14.02,23.78
버거_그릴드비프 버거,242,12.02,14.03,16.74
버거_기네스머쉬룸와퍼 버거,237,11.46,,
버거_기네스와퍼 버거,266,12.29,,
버거_기네스콰트로치 와퍼 버거,270,12.77,,
버거_내슈빌핫치킨 버거,251,11.24,,
버거_뉴욕 버거,234,11.45,,
버거_다이어트싱글 버거,110,6.5,,
버거_더블 데리버거,262,11.18,,
버거_더블 리아미라클2 버거,212,9.8,,
버거_더블 미라클버거,212,10.0,,
버거_더블 치킨 버거,233,11.71,,
버거_더블 치킨버거,233,11.79,,
버거_더블 클래식 치즈 버거 버터번,343,11.74,,
버거_더블 클래식치즈버거,343,11.9,,
버거_더블 한우불고기 버거,228,13.64,,
버거_더블X2 버거,320,10.96,,
버거_더블불고기 버거,268,10.97,16.03,20.25
버거_더블비프불고기 버거,283,13.98,,
버거_더블빅맥 버거,275,14.73,,
버거_더블스테이크 버거,205,11.57,,
버거_더블오리지널치즈 버거,260,14.58,,
버거_더블와퍼 버거,234,12.5,,
버거_더블치즈 버거,297,15.22,,
버거_더블치즈 버거,287,16.17,14.97,23.35
버거_더블치즈 버거 (L),270,13.17,,
버거_더블치즈 버거 (R),252,15.3,,
버거_더블치즈 베이컨 시그니처 버거,242,10.96,14.47,16.67
버거_더블치즈타워,255,11.64,,
버거_더블쿼터파운더치즈 버거,280,18.18,16.36,15.64
버거_데리마요 버거,218,9.22,,
버거_디럭스불고기 버거,260,10.17,13.98,23.31
버거_딥치즈 버거,215,14.95,10.07,16.01
버거_딥치즈버거,210,12.83,,
버거_딥치즈싸이 버거,266,12.2,15.49,19.92
버거_딥치즈싸이버거,266,12.0,,
버거_뚱카츠 버거,250,10.0,,
버거_롱치킨 버거,272,11.9,,
버거_리아 사각새우 더블,267,8.39,,
버거_리아 새우,275,8.2,,
버거_리아 새우 베이컨,255,8.01,,
버거_리아미라클 버거,270,9.0,,
버거_리아미라클2 버거,194,8.29,,
버거_리얼 딥치즈 버거,243,12.97,,
버거_마라싸이 버거,289,12.5,15.8,24.55
버거_맥스파이시상하이 버거,204,9.76,8.94,21.54
버거_맥치킨 버거,254,10.19,13.59,23.3
버거_맥치킨모짜렐라 버거,254,10.58,12.29,25.94
버거_맥크리스피디럭스 버거,223,8.55,11.15,22.68
버거_맥크리스피클래식 버거,290,11.33,14.78,29.06
버거_머쉬룸 버거,259,10.6,,
버거_머쉬룸 버거 (L),266,10.7,,
버거_메가바이트 버거,304,8.8,20.37,21.76
버거_모짜렐라인더 버거 베이컨,324,13.57,,
버거_몬스터와퍼 버거,253,12.47,,
버거_미라클버거,194,8.47,,
버거_미트마니아 버거,246,12.13,15.74,13.77
버거_바비큐 버거,220,9.31,,
버거_바비큐치킨 버거,278,11.31,,
버거_바비큐킹치킨 버거,278,11.31,,
버거_베이컨더블치즈 버거,244,13.97,,
버거_베이컨에그번,245,8.61,,
버거_베이컨치즈 버거,249,15.47,,
버거_베이컨치즈 버거 (L),257,12.81,,
버거_베이컨치즈 버거 (R),220,10.91,,
버거_베이컨치즈와퍼 버거,248,11.75,,
버거_베이컨토마토디럭스 버거,231,11.74,11.34,21.86
버거_베이컨햄 에그번,404,16.24,,
버거_불고기 4DX 버거,225,11.56,,
버거_불고기 버거,246,8.54,11.04,28.05
버거_불고기 버거,228,11.17,,
버거_불고기 버거,253,10.64,,
버거_불고기 버거,265,12.14,,
버거_불고기 버거,245,8.38,11.98,26.35
버거_불고기 베이컨 버거,237,10.0,,
버거_불고기 익스트림 오징어 버거,256,11.42,,
버거_불고기더블치즈 버거,236,14.02,,
버거_불고기롱치킨 버거,260,10.34,,
버거_불고기몬스터 버거,258,13.06,,
버거_불고기와퍼 버거,229,9.63,,
버거_불고기와퍼주니어 버거,242,10.37,,
버거_불불불불싸이버거,242,12.14,,
버거_불싸이 버거,236,12.17,10.17,23.91
버거_불싸이버거,236,12.2,,
버거_블랙라벨더블다운맥스 버거,266,15.0,,
버거_블랙라벨폴인치즈 버거,242,11.33,,
버거_블랙바비큐와퍼 버거,266,12.29,,
버거_블랙바비큐콰트로치즈와퍼 버거,270,12.77,,
버거_비스크 치즈 새우,232,8.2,,
버거_비프&슈림프 버거,235,9.84,,
버거_비프불고기 버거,231,12.28,,
버거_비프스테이크 버거,274,13.33,16.44,18.15
버거_빅맥 버거,261,12.11,13.9,22.42
버거_빅불 버거,282,13.33,,
버거_빈스미트 핫도그,232,10.26,,
버거_사각새우 더블 버거,267,8.17,,
버거_산체스 버거,182,8.15,,
버거_살사리코 버거,235,11.11,,
버거_새우 버거,275,8.38,,
버거_새우베이컨 버거,255,8.06,,
버거_새우불고기 버거,238,7.54,11.23,26.59
버거_새우익스트림 레몬크림 버거,227,7.23,,
버거_쉬림프 버거,242,6.96,,
버거_쉬림프버거,254,6.33,,
버거_쉬림프싸이플렉스 버거,285,9.63,16.38,24.92
버거_쉬림프싸이플렉스버거,285,9.48,,
버거_쉬림프페퍼로니모짜 버거 (R),251,9.3,,
버거_슈림프 버거,254,8.09,,
버거_슈림프 버거,215,5.91,,
버거_슈림프버거,290,7.87,,
버거_슈비 버거,201,7.43,8.55,23.79
버거_슈슈 버거,183,5.36,6.25,26.79
버거_스리라차치킨 버거,239,11.47,11.01,23.85
버거_스리라차치킹버거,236,11.32,,
버거_스모키살사 버거,209,8.84,11.63,17.21
버거_스위트 핫도그,205,12.5,,
버거_스콜쳐 버거 플러스,271,8.9,16.1,22.26
버거_스태커2와퍼 버거,255,13.68,,
버거_스태커3와퍼 버거,261,15.44,,
버거_스태커4와퍼 버거,263,16.15,,
버거_스파이시치킨 스낵랩,271,10.71,15.18,23.21
버거_시그니처더블 버거,245,12.25,,
버거_시그니처싱글 버거,198,9.72,,
버거_싸이 버거,258,12.17,14.83,19.13
버거_싸이버거,258,12.03,,
버거_싸이플렉스 버거,244,10.84,13.74,19.21
버거_싸이플렉스버거,244,10.78,,
버거_아라비아따치즈 버거,256,13.27,13.07,21.36
버거_아라비아따치즈버거,256,13.29,,
버거_아메리칸치즈 버거,243,12.97,,
버거_양념치킨싸이 버거,253,11.15,,
버거_언빌리버블 버거,228,13.31,11.95,17.16
버거_언빌리버블버거,215,12.22,,
버거_업그레이비타워,216,10.91,,
버거_에그불고기 버거,236,9.48,,
버거_에그불고기 버거,221,9.46,11.71,19.82
버거_에그샐러드번,251,7.69,,
버거_에그포테이토 버거,267,6.06,,
버거_에그포테이토버거,267,6.06,,
버거_에드워드리 싸이버거,225,13.36,,
버거_오리지널 새우,244,7.39,,
버거_오리지널더블 버거,260,13.06,,
버거_오리지널미트볼 버거,269,11.22,15.84,20.13
버거_오리지널스 페퍼잭 더블,305,15.76,,
버거_오리지널스 페퍼잭 싱글,321,15.12,,
버거_오리지널싱글 버거,221,9.83,,
버거_오믈렛킹모닝,276,8.33,,
버거_오징어 얼라이브버거 매운맛,251,9.09,,
버거_오징어 얼라이브버거 블랙페퍼맛,260,9.12,,
버거_오찡 버거,213,7.29,,
버거_오찡버거,212,7.29,,
버거_와규에디션 Ⅱ,269,10.81,,
버거_와우스모크디럭스버거,217,12.63,,
버거_와퍼 버거,223,10.43,,
버거_와퍼주니어 버거,253,10.76,,
버거_웰빙머쉬룸버거,216,4.59,,
버거_인크레더블 버거,240,12.18,12.6,19.23
버거_인크레더블버거,240,12.33,,
버거_직화버섯소불고기 버거,239,7.77,,
버거_직화소불고기버거,257,7.87,,
버거_징거 BLT 버거,210,13.51,10.81,15.06
버거_징거 더블다운맥스 버거,216,16.62,12.64,8.97
버거_징거BLT버거,246,13.08,,
버거_징거더블다운통다리,273,13.84,,
버거_징거버거,246,14.67,,
버거_징거타워버거,238,11.88,,
버거_창녕갈릭비프 버거,250,10.0,13.33,22.96
버거_창녕갈릭치킨 버거,232,8.39,11.74,24.16
버거_청양 바삭 통새우버거,233,8.21,,
버거_청양마요미트볼 버거,265,11.96,14.55,21.59
버거_청양칠리 새우 베이컨,222,8.17,,
버거_치아바타머쉬룸 버거,178,4.55,,
버거_치즈 NO.5 버거,278,11.48,,
버거_치즈 버거,277,13.91,11.3,30.43
버거_치즈 버거,288,12.69,,
버거_치즈 버거,248,10.81,,
버거_치즈 버거 (L),261,10.83,,
버거_치즈 버거 (R),242,9.98,,
버거_치즈 버거라지 (L),269,10.57,,
버거_치즈베이컨 버거,201,13.75,,
버거_치즈와퍼 버거,236,10.89,,
버거_치즈와퍼주니어 버거,258,11.18,,
버거_치즈징거통다리,274,11.11,,
버거_치즈홀릭 버거 체다,226,14.69,,
버거_치킨 버거,302,10.11,,
버거_치킨 버거,252,10.64,,
버거_치킨몬스터 버거,251,8.68,,
버거_치킨버거,252,10.81,,
버거_치킨버거,297,10.06,,
버거_치킨스테이크 버거,199,8.0,,
버거_치킨킹,300,10.71,,
버거_치킨킹BLT,275,9.29,,
버거_치킨킹BLT 버거,275,9.36,,
버거_치킨킹버거,300,10.8,,
버거_치폴레 핫 치킨,234,9.23,,
버거_치플레핫치킨 버거,234,9.23,12.31,21.03
버거_칠리 치킹 버거,246,10.99,,
버거_칠리새우 버거,245,7.0,11.9,27.5
버거_칠리징거통다리,258,10.08,,
버거_칠리치킹버거,246,10.99,,
버거_커넬 데리야끼,246,10.06,,
버거_커넬 오리지널,287,9.83,,
버거_케이준비프 스낵랩,302,10.78,18.63,22.55
버거_코울슬로 치킨,243,12.39,,
버거_코울슬로치킨 버거,255,11.01,13.76,22.02
버거_콰트로 맥앤치즈 버거,282,10.76,17.04,20.63
버거_콰트로치즈와퍼 버거,249,12.94,,
버거_콰트로치즈와퍼주니어 버거,258,12.14,,
버거_쿼터파운더치즈 버거,271,15.66,14.14,21.21
버거_크리스퍼 마늘치킨,259,9.81,,
버거_크리스피치킨버거,296,13.58,,
버거_클래식징거통다리,271,11.11,,
버거_클래식치즈 버거,338,13.99,,
버거_클래식치즈 버거 버터번,337,10.96,,
버거_클래식치즈버거,337,10.77,,
버거_클래식치킨버거,310,11.54,,
버거_킹치킨 버거,299,11.24,,
버거_타워 버거,220,11.89,10.07,18.18
버거_탄두리싸이 버거,250,12.21,14.2,18.32
버거_텍사스바베큐버거,243,12.8,,
버거_텍사스바비큐치킨 버거,211,11.58,,
버거_통새우 버거,175,5.0,,
버거_통새우 버거,228,6.33,,
버거_통새우 버거,252,6.74,11.57,30.34
버거_통새우버거,252,6.94,,
버거_통새우버거,228,6.34,,
버거_통새우슈림프 버거,243,8.47,,
버거_통새우슈림프버거,269,8.42,,
버거_통새우와퍼,231,11.0,,
버거_통새우와퍼 버거,226,10.37,,
버거_통새우와퍼주니어,246,10.12,,
버거_통새우와퍼주니어 버거,235,12.96,,
버거_투머치 베이컨 버거,235,13.03,14.18,13.41
버거_트리플딥치즈비프 버거,251,13.55,15.14,15.54
버거_트리플딥치즈싸이 버거,242,11.4,12.94,19.85
버거_트리플딥치즈싸이버거,242,11.58,,
버거_트리플치즈 버거,283,16.44,15.98,19.63
버거_티렉스버거,217,12.31,,
버거_티렉스버거 T-REX 버거,217,12.21,,
버거_페퍼로니 버거,209,9.09,,
버거_페퍼로니 버거,254,11.4,,
버거_페퍼로니치킨 버거,255,11.64,,
버거_페퍼로니피자 치킨 버거,240,12.15,13.77,16.6
버거_폴더 버거 비프,251,13.79,,
버거_프랭크 버거,260,11.44,,
버거_프랭크 버거 (L),259,11.45,,
버거_프랭크 버거 (R),236,10.01,,
버거_필레오피쉬 버거,250,10.22,,
버거_하와이안BBQ 버거,188,8.61,,
버거_한우불고기 버거,217,9.13,,
버거_한우트러플머쉬룸 버거,215,9.23,,
버거_할라피뇨와퍼 버거,210,9.73,,
버거_할라피뇨와퍼주니어 버거,239,10.12,,
버거_할라피뇨통살 버거,236,10.11,13.45,18.73
버거_함박스테이크 버거,191,6.0,,
버거_핫슈피뇨 버거,227,10.2,,
버거_핫치즈징거 버거,192,12.55,,
버거_핫크리스피 버거,265,11.58,,
버거_핫크리스피치킨버거,265,11.56,,
버거_핫통삼겹베이컨 버거,239,12.67,,
버거_해쉬브라운&치킨 버거,284,6.42,,
버거_햄버거,263,12.87,8.91,32.67
버거_햄치즈휠렛 버거,210,14.64,,
버거_화이트갈릭 버거,235,15.1,11.91,16.78
버거_화이트갈릭버거,228,14.45,,
버거_화이트갈릭싸이 버거,289,14.07,17.38,19.01
버거_화이트갈릭싸이버거,289,14.06,,
버거_휠렛 버거,203,13.54,9.72,15.63
버거_휠렛버거,220,13.01,,
버섯 덮밥,101,2.6,1.63,18.47
버섯 덮밥,101,2.6,1.63,18.47
버섯 매운탕,45,2.4,1.36,6.93
버섯 매운탕,45,2.4,1.36,6.93
버섯 샤브샤브,27,2.0,1.36,2.46
버섯 잡채,149,4.8,12.22,6.28
버섯구이,52,5.16,1.38,4.78
버섯구이_새송이버섯,84,4.29,2.21,11.66
버섯구이표고버섯,100,4.34,1.06,18.14
버섯국,42,3.3,2.43,2.71
버섯무침_느타리버섯,59,2.74,3.77,3.44
버섯볶음_느타리버섯,94,2.8,6.2,6.78
버섯볶음_새송이버섯,121,2.95,8.03,9.29
버섯볶음_양송이버섯,91,3.0,5.53,7.33
버섯볶음_표고버섯,95,3.0,4.47,10.53
버섯전,160,7.02,9.91,10.8
버섯전,164,5.4,7.05,20.54
버섯전,202,6.7,8.64,25.31
버섯전,141,4.6,8.08,12.64
버섯전,202,6.7,8.64,25.31
버섯전_표고버섯,181,10.13,9.98,12.74
버섯전골,36,2.6,1.81,3.22
버섯전골,28,2.1,1.39,2.89
버섯전골,36,2.6,1.81,3.22
버섯전골,78,5.14,4.24,4.78
버섯전골_간편조리세트_남도식 들깨 버섯전골,40,2.14,1.5,4.54
버섯전골_소고기,59,4.11,3.02,4.69
버섯조림,33,2.04,0.74,6.83
버섯조림,60,4.38,2.0,6.23
버섯찌개,42,3.68,1.3,3.85
버섯찌개,60,4.0,2.09,8.54
버섯찌개,32,2.2,1.3,4.46
버섯찌개,60,4.0,2.09,8.54
버섯찌개,32,2.2,1.32,4.27
버터빵_고메소금빵,374,9.43,,
버터빵_버터 소금빵,365,8.0,,
버터빵_버터롤,320,8.0,11.0,48.0
버터빵_뺑오플레르,339,8.2,,
버터빵_소금버터롤,387,8.07,,
버터빵_소금빵,432,15.38,,
버터빵_앙버터소금버터롤,406,7.14,,
버터빵_에그마요소금버터롤,309,9.76,,
버터빵_우유크림소금버터롤,368,5.46,,
버터빵_트러플소금버터롤,383,7.81,,
버터크림빵,383,8.18,18.41,46.23
번_NEW)아다지오커피번,405,6.0,,
번_골든버터번,314,5.71,,
번_딸기번,424,8.42,15.79,62.11
번_로띠번,369,9.47,12.63,53.68
번_마담얼그레이크림번,395,9.0,,
번_모카번,400,6.67,,
번_모카번,391,6.25,,
번_모카빵,355,8.0,,
번_모카빵 (소),335,6.42,,
번_모카빵(소),331,7.41,,
번_미니모카빵,336,7.27,,
번_바닐라번,360,8.42,12.0,53.68
번_쁘띠모카빵,351,8.33,,
번_아몬드모카빵,352,9.0,,
번_악마의 초코번,304,5.66,,40.57
번_악마의 크림번,304,5.71,,40.95
번_오리지널 핫 번,400,6.67,,
번_오리지널커피번,440,7.0,,
번_옥수수콘크림번,316,5.75,16.09,37.93
번_초코번,396,8.42,16.0,53.68
번_치즈번,392,6.67,,
번_카페 모카빵(소),329,7.41,,
번_카페모카빵,331,7.41,7.41,59.72
번_카페모카빵 (대),362,8.08,,
번_카페모카빵 (소),362,8.46,,
번_카페모카빵 (소),329,7.41,7.41,60.19
번_카페모카빵(대),381,8.68,,
번_카페모카빵(소),379,9.09,,
번_커피번,387,7.25,,
번_커피콩빵,423,8.57,,
번_커피콩빵,374,5.84,,
번_커피콩빵,423,8.57,,
번_쿠키&크림 번버거,295,4.18,,
번_크림가득모카번,413,4.97,,
번_크림치즈번,359,8.57,16.0,55.24
번_티라미수 번버거,282,4.61,,
번_플레이번 모카,337,9.2,8.05,54.02
번_플레이번 바닐라,343,9.2,9.2,54.02
번_피스타치오블랙번,380,6.84,,
번_핫 치즈번,392,6.67,,
번_호두카야번,401,8.57,15.24,55.24
번데기탕,23,2.2,1.48,0.42
베이글,306,10.0,5.83,53.48
베이글_갈릭크림치즈 베이글,320,7.35,11.76,45.59
베이글_갈릭크림치즈 베이글(파베이크),329,7.14,12.86,44.29
베이글_기본좋은세서미베이글,277,8.4,,
베이글_기본좋은쌀베이글,271,7.63,,
베이글_기본좋은올리브베이글,271,7.63,,
베이글_깜빠뉴 베이글,328,10.91,8.18,52.73
베이글_뉴욕 치즈 타르트,310,6.0,,
베이글_대파베이컨 크림치즈 베이글,278,9.38,,
베이글_데일리베이글,282,10.91,,
베이글_데일리블루베리 베이글,288,8.57,,
베이글_데일리블루베리베이글,288,8.57,,
베이글_데일리월넛 베이글,370,9.52,,
베이글_데일리월넛베이글,370,9.52,,
베이글_리얼 블루베리 베이글,261,10.0,,
베이글_리얼 치즈 베이글,273,10.91,,
베이글_멀티그레인 베이글,303,9.02,9.02,45.9
베이글_멀티그레인 베이글,287,10.0,,
베이글_멀티그레인 베이글&허니월넛크림치즈,296,8.38,8.38,46.11
베이글_메이플 크림치즈 베이글,301,10.59,,
베이글_메이플피칸 베이글,276,7.76,7.76,44.83
베이글_모카번 베이글,278,7.83,,
베이글_무화과 베이글,267,8.33,,
베이글_무화과 크림치즈 베이글,285,6.7,8.4,45.7
베이글_바질 베이글,339,10.0,,59.0
베이글_바질 베이글,268,10.0,2.73,50.91
베이글_바질 베이글&크림치즈,294,7.8,,
베이글_바질&토마토 크림치즈 베이글,292,9.29,,
베이글_바질토마토크림치즈베이글,286,7.57,,
베이글_버터 베이글,353,10.0,,58.0
베이글_베이글 먹물치즈,249,9.52,1.43,49.52
베이글_베이글 크랜베리·호두,286,13.33,5.71,47.62
베이글_베이글 플레인,200,20.95,7.62,
베이글_베이컨 파 크림치즈 베이글,294,7.22,,
베이글_베이컨갈릭크림치즈,325,11.0,15.9,34.4
베이글_베이컨에그베이글,248,9.17,,
베이글_블랙올리브 베이글&어니언부추크림치즈,279,7.54,12.06,34.17
베이글_블랙올리브 베이글&어니언부추크림치즈(파베이크),292,7.29,11.98,37.5
베이글_블랙올리브 베이글(파베이크),288,7.5,5.83,50.0
베이글_블랙올리브치즈 베이글,274,7.94,6.35,44.44
베이글_블랙올리브치즈 베이글(두번 쫄깃),274,7.94,,
베이글_블루베리 베이글,291,9.09,2.73,58.18
베이글_블루베리 베이글,255,9.09,,
베이글_블루베리 베이글,325,10.0,,
베이글_블루베리 베이글,280,7.0,,
베이글_블루베리 베이글,305,10.58,,
베이글_블루베리 베이글,325,10.91,,
베이글_블루베리 베이글,308,10.0,,
베이글_블루베리 베이글,270,10.0,,
베이글_블루베리 베이글,271,9.17,,
베이글_블루베리 베이글,305,10.58,,
베이글_블루베리 베이글,306,11.0,,
베이글_블루베리 베이글,318,10.0,7.27,52.73
베이글_블루베리 베이글&크림치즈,269,8.7,,
베이글_블루베리 베이글&허니월넛크림치즈,273,6.83,3.73,49.07
베이글_블루베리 베이글허니월넛크림치즈,284,7.37,,
베이글_블루베리 크림치즈,282,4.8,,
베이글_블루베리베이글,270,7.03,,
베이글_블루베리베이글&크림치즈,306,11.0,,
베이글_뺑오레젱,375,5.88,,
베이글_세가지치즈베이글,230,8.87,,
베이글_소금버터 베이글,300,10.0,,
베이글_소시지 인 치즈 베이글,283,12.96,,
베이글_소시지 인 치즈 베이글,283,12.96,,
베이글_스트로베리 크림치즈,280,4.8,,
베이글_시금치바질 베이글&플레인크림치즈,273,7.5,9.5,38.5
베이글_시금치바질 베이글&플레인크림치즈(파베이크),284,7.54,10.55,38.69
베이글_시금치바질&토마토크림치즈,271,7.32,9.76,38.54
베이글_씨앗 베이글,289,8.94,6.5,47.97
베이글_씨앗 베이글&솔티드카라멜크림치즈,305,8.0,12.5,40.0
베이글_아메리칸 치즈 베이글,278,9.43,,
베이글_어니언 베이글,324,10.91,,
베이글_어니언 베이글,280,7.0,,
베이글_어니언 베이글,290,9.7,,
베이글_어니언 베이글,280,7.76,6.03,48.28
베이글_어니언 베이글,290,10.0,,
베이글_어니언 베이글,293,10.0,,
베이글_어니언 베이글,280,11.0,3.0,52.0
베이글_어니언 베이글,304,10.0,,
베이글_어니언 베이글,277,10.0,,
베이글_어니언 베이글,290,9.7,,
베이글_어니언 베이글,293,10.0,,
베이글_어니언 베이글,291,10.0,1.82,58.18
베이글_어니언 베이글,258,9.09,,
베이글_어니언 베이글&고추장아찌크림치즈,258,7.0,9.5,35.5
베이글_어니언베이글&크림치즈,293,10.0,,
베이글_어니언치즈크림,299,2.9,25.4,
베이글_에그 햄 치즈 베이글,227,11.43,,33.33
베이글_올리브 베이글&크림치즈,287,7.09,,
베이글_월넛 크림치즈 베이글,322,10.0,,
베이글_쪽파 베이컨 크림치즈 베이글,297,9.2,13.4,35.0
베이글_쫀득베이글 블루베리,271,7.94,,
베이글_쫀득베이글 어니언,278,8.82,,
베이글_쫀득베이글 플레인,274,0.35,,
베이글_쫀득쫀득소시지 베이글,284,12.61,16.22,20.72
베이글_치즈 베이글,324,10.0,,
베이글_치즈 베이글,279,10.83,,
베이글_치즈 베이글,291,10.0,,
베이글_카야 크림치즈,290,5.6,,
베이글_컬러 베이글,241,5.73,,
베이글_콘치즈피자 베이글,226,8.33,9.03,28.47
베이글_크랜베리 월넛 베이글,268,9.09,,
베이글_크림치즈 베이글,268,7.37,,
베이글_크림치즈 베이글,319,9.0,,
베이글_크림치즈 프레즐,279,8.0,,
베이글_통곡물베이글,288,12.0,,
베이글_트러플치즈 베이글,273,10.0,3.18,50.0
베이글_플레인 리코타 치즈 베이글,242,8.33,,
베이글_플레인 베이글,251,10.0,,
베이글_플레인 베이글,316,10.91,,
베이글_플레인 베이글,277,10.0,,
베이글_플레인 베이글,280,10.58,,
베이글_플레인 베이글,316,10.91,,
베이글_플레인 베이글,260,12.0,1.1,51.0
베이글_플레인 베이글,298,10.0,,
베이글_플레인 베이글,280,10.58,,
베이글_플레인 베이글,273,10.0,1.64,54.55
베이글_플레인 베이글,257,10.0,,
베이글_플레인 베이글,277,9.09,1.82,55.45
베이글_플레인 베이글,300,10.0,,
베이글_플레인 베이글,262,9.17,,
베이글_플레인 베이글,267,7.76,3.53,50.0
베이글_플레인 베이글,298,10.0,,
베이글_플레인 베이글,281,10.91,,
베이글_플레인 베이글&솔티드카라멜크림치즈,300,7.18,13.33,36.92
베이글_플레인 베이글&솔티드카라멜크림치즈(파베이크),327,7.54,15.08,39.7
베이글_플레인 베이글&크림치즈,265,9.42,,
베이글_플레인 베이글&크림치즈,296,7.3,,
베이글_플레인 베이글&허니월넛크림치즈(파베이크),290,7.93,5.49,51.22
베이글_플레인 베이글(두번 쫄깃),267,7.76,,
베이글_플레인 베이글(파베이크),300,8.33,5.0,54.17
베이글_플레인 베이글피자,239,7.78,,
베이글_플레인 베이글허니월넛크림치즈,305,7.37,,
베이글_플레인 크림치즈,285,6.0,,
베이글_플레인베이글,264,9.09,,
베이글_호두베이글,277,10.91,,
베이컨떡말이구이,239,6.3,10.55,29.9
베이컨떡말이구이,240,6.3,10.61,29.95
베이컨떡말이구이,239,6.3,10.55,29.9
베이컨떡말이구이,240,6.3,10.61,29.95
베이컨채소볶음,142,6.3,8.81,10.06
베이컨채소볶음,142,6.3,8.81,10.06
병어구이,244,21.4,16.23,0.45
병어조림,72,7.8,2.78,3.43
병어조림,112,12.46,4.78,4.87
병어찌개,54,5.3,2.06,3.4
보리밥,161,2.9,0.24,36.77
보리밥,117,2.6,0.44,25.22
보리밥,120,2.2,0.16,26.31
보리밥,118,2.26,0.17,25.69
보리밥,118,2.2,0.18,25.78
보신탕,42,3.0,2.68,2.12
보쌈김치,30,2.19,0.72,3.73
보쌈김치,47,2.5,1.4,6.64
보쌈김치,47,2.5,1.4,6.64
복 매운탕,31,5.1,0.39,2.25
복숭아홍차_복숭아 얼그레이 아이스(ICED),31,0.0,,
복숭아홍차_복숭아 얼그레이 핫(HOT),31,0.0,,
복숭아홍차_피치얼그레이 아이스(ICED),2,0.0,,
복숭아홍차_피치얼그레이 핫(HOT),2,0.0,,
복숭아홍차_피치얼그레이티 아이스(ICED),46,0.0,,
복숭아홍차_피치얼그레이티 핫(HOT),42,0.0,,
복어튀김,277,29.5,10.38,13.55
복어튀김,320,13.84,19.27,22.88
복죽,107,2.7,2.73,16.84
복지리,30,5.6,0.31,1.49
복찜,36,3.55,0.92,4.11
볶음 우동,80,3.3,2.86,9.69
볶음 우동,57,2.1,2.65,5.99
볶음 우동,59,2.0,2.58,6.42
볶음 우동,80,3.3,2.86,9.69
볶음면_간편조리세트_소고기 야끼소바,190,6.55,12.1,13.81
볶음밥,183,5.56,2.76,33.97
볶음밥,193,6.92,8.38,22.5
볶음밥_간편조리세트_돼지불백깍둑볶음누룽밥,186,10.82,7.84,17.92
볶음밥_갈비천왕 치즈 치밥,208,10.97,,22.04
볶음밥_계란,225,6.62,11.28,24.23
볶음밥_계란,164,5.8,3.48,26.2
볶음밥_계란,164,5.7,3.11,27.0
볶음밥_계란,164,5.8,3.48,26.2
볶음밥_계란,164,5.8,3.48,26.2
볶음밥_김치,167,4.18,6.44,23.21
볶음밥_김치,167,5.32,9.18,15.74
볶음밥_김치_돼지고기,110,3.4,2.05,18.62
볶음밥_김치_돼지고기,193,5.2,2.95,34.92
볶음밥_김치_돼지고기,193,5.2,2.89,35.17
볶음밥_김치_돼지고기,121,3.2,1.7,22.36
볶음밥_낙지볶음밥,182,3.3,,
볶음밥_달걀듬뿍 볶음밥,170,5.38,,
볶음밥_닭갈비 볶음밥,180,5.0,,
볶음밥_돼지고기,113,3.8,2.44,17.88
볶음밥_맛살,134,3.5,2.07,24.28
볶음밥_배추김치_돼지고기,113,4.05,1.83,19.46
볶음밥_배추김치_돼지고기,116,3.68,1.98,20.24
볶음밥_배추김치_소고기,118,3.45,2.05,20.55
볶음밥_배추김치_참치,105,5.11,2.58,14.6
볶음밥_볼케이노 치즈 치밥,198,12.81,,20.66
볶음밥_불고기볶음밥,175,3.8,,
볶음밥_삼선,172,6.56,6.62,21.44
볶음밥_새우,85,3.0,1.45,14.55
볶음밥_새우,172,6.31,6.14,22.85
볶음밥_새우,105,4.86,2.25,15.44
볶음밥_새우,175,4.5,4.9,28.2
볶음밥_새우,85,3.0,1.45,14.55
볶음밥_새우,91,3.1,1.31,15.92
볶음밥_새우볶음밥,161,2.6,,
볶음밥_소고기,119,3.1,3.72,17.54
볶음밥_소고기,114,2.5,2.97,18.38
볶음밥_소고기,121,3.2,3.85,17.39
볶음밥_소고기,176,7.59,6.48,21.76
볶음밥_의성마늘 볶음밥,199,3.41,,
볶음밥_참치,120,6.58,2.72,16.4
볶음밥_참치,180,4.62,3.27,32.9
볶음밥_참치_김치,150,7.2,2.61,22.82
볶음밥_참치_김치,142,6.2,2.16,23.26
볶음밥_참치_김치,155,6.4,3.8,22.64
볶음밥_채소,182,4.72,5.39,28.74
볶음밥_채소,115,2.9,1.69,21.37
볶음밥_채소,115,2.9,1.69,21.37
볶음밥_채소,115,2.9,1.69,21.37
볶음밥_채소,115,2.9,1.69,21.37
볶음밥_표고버섯,184,3.36,4.81,31.79
볶음밥_해물,104,5.2,2.3,14.77
볶음밥_해물,106,5.32,2.19,15.38
볶음밥_해물,105,5.1,2.44,14.78
볶음밥_해물,106,5.3,2.19,15.37
볶음밥_해물,176,6.28,6.75,22.61
볶음밥_햄,204,5.1,3.04,37.61
볶음밥_햄,126,3.0,1.74,23.6
볶음밥_햄,218,4.8,4.19,38.65
볼락 매운탕,30,3.5,0.52,2.87
부대찌개,67,3.07,3.1,6.62
부대찌개,57,4.83,1.89,5.33
부대찌개,68,4.83,2.79,6.12
부대찌개,55,3.2,2.23,5.52
부대찌개,63,3.6,2.16,7.21
부대찌개,123,5.86,6.49,10.27
부대찌개_간편조리세트_오뎅식당 부대찌개,145,6.27,10.31,6.77
부대찌개_간편조리세트_의정부식부대찌개,106,3.36,5.55,10.7
부대찌개_간편조리세트_햄듬뿍부대찌개,94,4.87,4.46,8.62
부추 겉절이,23,1.3,0.76,3.65
부추 겉절이,24,1.3,1.11,3.38
부추 채소무침,22,1.1,0.67,4.01
부추 초무침,23,1.1,0.78,3.66
부추 초무침,23,1.1,0.78,3.66
부추 초무침,23,1.1,0.78,3.66
부추김치,71,3.03,2.83,8.42
부추김치,47,2.68,1.16,6.36
부추김치,36,2.8,0.91,5.47
부추김치,36,2.8,0.91,5.47
부추김치,58,3.1,2.59,6.82
부추나물,18,1.2,0.88,1.99
부추나물,18,1.2,0.88,1.99
부추나물,18,1.2,0.88,1.99
부추무침,92,3.5,5.92,6.25
부추무침,59,2.9,2.22,8.31
부추무침,42,2.4,1.13,6.9
부추무침,59,2.9,2.22,8.31
부추무침_부추,24,1.02,0.74,3.95
부추무침_부추_채소,30,1.16,1.13,4.43
부추무침_부추_채소,24,1.02,0.83,3.73
부추무침_부추만,70,3.25,1.21,11.58
부추무침_양파,24,1.0,0.74,3.95
부추무침_양파,44,1.83,1.07,6.81
부추무침_양파,19,1.1,0.48,3.09
부추무침_양파,19,1.1,0.48,3.14
부추무침_채소,30,1.2,1.13,4.43
부추무침_채소,24,1.3,1.11,3.38
부추잡채,75,4.9,4.36,3.89
부추잡채,108,7.9,7.15,2.68
부추잡채,75,4.9,4.36,3.89
부추전,260,5.39,10.48,34.35
부추전,240,6.8,7.7,34.14
부추전,167,4.63,4.17,27.86
부추전,142,3.48,4.23,21.35
부추전_해물,215,9.42,7.58,25.53
부추전_해물,166,7.5,6.24,18.6
북어강정,478,20.9,24.43,42.51
북어강정,320,13.9,16.4,28.5
북어강정,478,20.9,24.43,42.51
북어강정,320,13.9,16.4,28.5
북어강정_고추장양념,379,19.22,22.07,25.82
북어구이,287,46.5,5.91,10.53
북어구이,287,46.5,5.91,10.53
북어국,28,3.89,0.98,0.84
북어국_달걀,32,4.9,0.91,0.89
북어국_달걀,32,4.9,0.91,0.89
북어국_달걀,32,4.9,0.91,0.89
북어국_달걀,32,4.9,0.91,0.89
북어국_무,30,4.5,0.82,0.97
북어국_무,30,4.5,0.82,0.97
북어국_무,30,4.5,0.82,0.97
북어국_무,18,2.23,0.48,1.07
북어국_무_두부,25,3.4,0.74,1.01
북어국_무_두부,17,2.2,0.48,0.82
북어국_무_두부,20,2.6,0.73,0.65
북어국_콩나물,18,2.42,0.52,1.09
북어국_콩나물,30,4.6,0.87,0.99
북어국_콩나물,15,1.85,0.47,0.99
북어국_콩나물,14,2.02,0.37,0.96
북어양념구이,137,20.3,2.93,6.62
북어조림,182,20.83,3.33,17.14
북어찜,157,18.73,3.8,12.0
북어찜,80,10.0,1.67,7.21
북어채 고추장 무침,296,36.6,10.34,14.1
북어채무침,149,23.17,2.65,7.22
북어채무침,188,28.4,2.91,12.05
"북어튀김_아, 귀한 먹태",344,58.62,,
분짜,136,5.91,3.66,19.75
불고기전골_간편조리세트_서울식 소불고기전골,104,5.96,4.34,10.38
불고기전골_간편조리세트_서울식 육수불고기,96,6.73,2.06,12.54
불고기전골_간편조리세트_서울식불고기전골,41,3.74,0.7,4.91
불고기전골_간편조리세트_서울식불고기전골,114,6.5,5.37,9.83
불낙전골,37,3.5,2.02,1.3
불낙전골,69,7.0,2.67,4.58
불낙전골,61,4.6,2.48,4.86
불낙전골,37,3.5,2.02,1.3
불낙전골_간편조리세트_이게불낙이야,63,6.6,1.75,5.32
불낙전골_해물,49,4.3,2.12,3.48
붕어 매운탕,23,3.1,0.7,1.08
붕어찜,76,4.94,3.35,6.51
브로콜리 두부무침,35,2.0,0.72,6.17
브로콜리 두부무침,35,2.0,0.72,6.17
브로콜리 두부무침,35,2.0,0.72,6.17
브로콜리 두부무침,35,2.0,0.72,6.17
브로콜리 버섯볶음,24,1.3,1.15,2.99
브로콜리 버섯볶음,24,1.3,1.15,2.99
브로콜리 버섯볶음,24,1.3,1.15,2.99
브로콜리 버섯볶음,24,1.4,1.13,2.96
브로콜리 채소무침,34,1.7,0.35,7.21
브로콜리무침,32,1.6,0.25,7.01
브로콜리무침,32,1.6,0.25,7.01
브로콜리무침,32,1.6,0.25,7.01
브로콜리볶음,51,4.42,1.28,5.53
비름나물,27,1.9,0.99,3.82
비름나물,28,1.9,0.99,4.09
비름나물,28,1.9,0.99,4.1
비름나물_간장,24,1.7,1.08,2.78
비름나물_간장,24,1.7,1.08,2.78
비름나물_간장,24,1.7,1.08,2.78
비름나물_고추장,64,4.0,2.7,8.27
비름나물_된장,28,2.2,1.05,3.56
비름나물_된장,28,2.2,1.05,3.56
비름나물_된장,28,2.2,1.05,3.56
비름나물_소금,47,2.7,2.68,4.36
비름나물_소금,47,2.7,2.68,4.36
비름나물무침,73,3.46,4.05,5.7
비빔 잡곡밥,138,3.6,2.12,25.66
비빔국수,113,3.2,1.86,20.94
비빔국수,113,3.4,2.1,20.0
비빔국수,83,3.1,1.63,13.38
비빔국수,188,6.4,3.9,30.64
비빔국수,188,6.5,3.99,30.33
비빔냉면,96,4.2,1.22,16.81
비빔냉면,90,3.8,1.66,14.53
비빔막국수,104,3.06,0.86,21.47
비빔면_간편조리세트_매콤제육비빔면,153,5.7,5.48,20.17
비빔밥,142,4.47,3.81,22.5
비빔밥,142,6.86,4.32,18.84
비빔밥,112,3.7,2.74,17.69
비빔밥,204,6.0,5.52,32.13
비빔밥,133,4.5,4.64,17.68
비빔밥,171,5.0,4.52,27.21
비빔밥_간편조리세트_꼬막비빔밥,103,7.33,3.29,11.01
비빔밥_돌솥,147,5.39,2.95,24.68
비빔밥_돼지고기_양념장,90,3.3,1.25,16.24
비빔밥_멍게,137,4.15,3.28,22.68
비빔밥_묵_양념장,96,3.09,2.07,16.34
비빔밥_소고기_양념장,87,2.75,1.34,15.69
비빔밥_소고기_양념장,79,2.51,1.22,14.43
비빔밥_약초,128,2.98,3.98,20.05
비빔밥_열무,144,3.5,3.07,24.3
비빔밥_열무,142,3.4,2.88,24.52
비빔밥_열무_양념장,114,3.35,1.28,22.08
비빔밥_열무_양념장,114,3.33,1.29,22.09
비빔밥_열무_양념장,114,3.16,1.57,21.69
비빔밥_육회,147,6.39,3.36,22.92
비빔밥_참치,122,5.4,3.89,15.64
비빔밥_참치,120,5.5,3.63,15.61
비빔밥_참치_양념장,83,3.31,0.66,15.66
비빔밥_참치_양념장,100,4.82,1.8,16.11
비빔밥_참치_양념장,81,3.14,0.93,14.84
비스킷/쿠키/크래커_5가지 스낵 & 3way 파우치,309,3.36,,
비스킷/쿠키/크래커_갈레트브르통 (L),591,5.9,40.5,50.6
비스킷/쿠키/크래커_그릭요거트그래놀라바,429,5.71,12.86,71.43
비스킷/쿠키/크래커_꿀오란다,500,13.33,26.67,53.33
비스킷/쿠키/크래커_넛츠콕콕미니쿠키,500,7.14,,
비스킷/쿠키/크래커_넛츠콕콕쿠키,506,7.14,,
비스킷/쿠키/크래커_다크 초콜릿 카우보이 쿠키,547,5.88,,
비스킷/쿠키/크래커_다크초콜릿마카다미아 쿠키,450,3.33,23.33,56.67
비스킷/쿠키/크래커_더블 치즈 베이글 칩,492,10.0,,
비스킷/쿠키/크래커_더블초코 스모어 촉촉쿠키,440,7.0,,
비스킷/쿠키/크래커_더블초코칩 쿠키,441,4.29,18.57,64.29
비스킷/쿠키/크래커_더블퍼지 쿠키,433,6.67,20.0,60.0
비스킷/쿠키/크래커_돼지바 쿠키,384,5.83,21.67,37.5
비스킷/쿠키/크래커_라이스 칩 블루베리잼,400,8.57,,
비스킷/쿠키/크래커_록키로드쿠키,474,5.26,,
비스킷/쿠키/크래커_마카다미아,553,5.26,,
비스킷/쿠키/크래커_마카다미아 쿠키,454,7.14,21.43,58.57
비스킷/쿠키/크래커_마카다미아 쿠키,487,5.26,,
비스킷/쿠키/크래커_마카다미아 쿠키,513,7.9,,
비스킷/쿠키/크래커_마카다미아넛 쿠키,529,5.71,,
비스킷/쿠키/크래커_마카다미아넛쿠키,487,5.26,,
비스킷/쿠키/크래커_마카롱꼬끄,400,8.0,,
비스킷/쿠키/크래커_말차 스모어 쿠키,517,8.85,23.01,68.15
비스킷/쿠키/크래커_말차스모어 쿠키,439,7.52,,
비스킷/쿠키/크래커_발로나스모어 쿠키,487,6.8,,
비스킷/쿠키/크래커_베리화이트초코 쿠키,450,5.71,,
비스킷/쿠키/크래커_베어베터 쿠키,495,6.18,22.73,65.45
비스킷/쿠키/크래커_베이글칩 갈릭버터,418,11.67,,
비스킷/쿠키/크래커_베이글칩 허니버터,443,11.67,,
비스킷/쿠키/크래커_브라우니 쿠키,448,4.0,,
비스킷/쿠키/크래커_브라우니 쿠키,481,5.41,,
비스킷/쿠키/크래커_비스코프 스모어 르뱅 쿠키,475,6.32,,
비스킷/쿠키/크래커_쇼콜라 사브레,482,7.06,,
비스킷/쿠키/크래커_쇼콜라 쿠키,535,8.0,,
비스킷/쿠키/크래커_쑥단팥스모어 쿠키,440,6.37,,
비스킷/쿠키/크래커_아메리칸 쿠키,460,5.71,20.0,64.29
비스킷/쿠키/크래커_아몬드 로쉐,512,16.2,25.7,54.0
비스킷/쿠키/크래커_아몬드 비스코티,550,14.29,,
비스킷/쿠키/크래커_아몬드튀일,529,12.82,,
비스킷/쿠키/크래커_알콘칩스,375,4.41,,47.51
비스킷/쿠키/크래커_약과 쿠키,452,4.62,12.31,78.46
비스킷/쿠키/크래커_약과 크림치즈 쿠키,418,4.62,,
비스킷/쿠키/크래커_오레오 스모어 르뱅 쿠키,462,8.4,,
비스킷/쿠키/크래커_오레오스모어 쿠키,440,6.0,,57.0
비스킷/쿠키/크래커_오트밀레이즌 쿠키,513,5.26,,
비스킷/쿠키/크래커_오트밀레이즌쿠키,447,5.26,,
비스킷/쿠키/크래커_오트밀크랜베리 쿠키,420,5.71,,67.14
비스킷/쿠키/크래커_월넛 메이플 사브레,500,4.71,,
비스킷/쿠키/크래커_월넛 초코 쿠키,546,7.38,,
비스킷/쿠키/크래커_월넛초코칩 쿠키,507,7.14,,
비스킷/쿠키/크래커_이탈리안 비스코티,483,10.0,,
비스킷/쿠키/크래커_잉글리쉬토피 쿠키,450,3.33,20.0,60.0
비스킷/쿠키/크래커_진한 초코 쿠키,450,8.0,,
비스킷/쿠키/크래커_청크 초콜릿 쿠키 틴 세트,133,1.25,,
비스킷/쿠키/크래커_초코 스모어 쿠키,512,8.85,22.13,69.03
비스킷/쿠키/크래커_초코렛 청크 쿠키,480,6.67,,
비스킷/쿠키/크래커_초코렛 청크 쿠키,529,5.71,,
비스킷/쿠키/크래커_초코마카다미아 쿠키,500,7.14,,
비스킷/쿠키/크래커_초코스모어 쿠키,435,7.52,,
비스킷/쿠키/크래커_초코칩 르뱅 쿠키,485,6.0,,
비스킷/쿠키/크래커_초코칩 비스코티,543,7.14,,
비스킷/쿠키/크래커_초코칩 쿠키,432,5.0,,
비스킷/쿠키/크래커_초코칩 쿠키,548,5.92,,73.48
비스킷/쿠키/크래커_초코콕콕미니쿠키,476,7.14,,
비스킷/쿠키/크래커_초코콕콕쿠키,476,5.95,,
비스킷/쿠키/크래커_초콜렛청크 쿠키,514,5.71,,
비스킷/쿠키/크래커_초콜렛칩 쿠키,455,5.26,,
비스킷/쿠키/크래커_초콜렛칩청크쿠키,474,5.26,,
비스킷/쿠키/크래커_초콜릿 월넛 돔 쿠키,490,5.56,,
비스킷/쿠키/크래커_초콜릿 청크,526,5.26,,
비스킷/쿠키/크래커_초콜릿칩 쿠키,456,4.29,22.86,55.72
비스킷/쿠키/크래커_촉촉 크림치즈 쿠키,444,6.0,,
비스킷/쿠키/크래커_칩카사바,522,1.48,,
비스킷/쿠키/크래커_코코넛 로쉐,516,6.7,26.4,62.9
비스킷/쿠키/크래커_코코넛 사브레,506,4.71,,
비스킷/쿠키/크래커_코코아망 (L),563,9.5,37.7,46.3
비스킷/쿠키/크래커_쿠키의 정석 오트밀레이즌,447,5.26,18.42,65.79
비스킷/쿠키/크래커_쿠키의 정석 초콜릿청크,526,5.26,26.32,65.79
비스킷/쿠키/크래커_쿠키의 정석 퍼지브라우니,487,5.26,23.68,63.16
비스킷/쿠키/크래커_쿠키의 정석 피넛버터,526,10.53,28.95,57.89
비스킷/쿠키/크래커_크랜베리 초코칩 촉촉쿠키,452,7.78,,
비스킷/쿠키/크래커_크랜베리 화이트 초코 쿠키,466,5.0,,
비스킷/쿠키/크래커_크랜베리아몬드 쿠키,518,6.4,,72.81
비스킷/쿠키/크래커_크랜베리월넛 쿠키,433,6.67,20.0,60.0
비스킷/쿠키/크래커_크로켄트 (L),556,10.2,36.2,47.3
비스킷/쿠키/크래커_크리미초코 감자 쿠키,500,6.94,,
비스킷/쿠키/크래커_크리미치즈 그레인 쿠키,557,9.0,,
비스킷/쿠키/크래커_크림치즈비스켓&딸기잼,434,6.52,,
비스킷/쿠키/크래커_클래식 르뱅쿠키,510,6.47,10.12,
비스킷/쿠키/크래커_통약과 쿠키,416,0.0,,49.57
비스킷/쿠키/크래커_트리플 초코 쿠키,486,6.25,,
비스킷/쿠키/크래커_퍼지브라우니,487,5.26,,
비스킷/쿠키/크래커_퍼지월넛 쿠키,450,6.67,26.67,53.33
비스킷/쿠키/크래커_포테이토앤칩스 점보팩,401,3.46,,
비스킷/쿠키/크래커_피넛 버터,553,5.26,,
비스킷/쿠키/크래커_피넛버터 쿠키,479,9.47,,
비스킷/쿠키/크래커_피스타치오 티그레,503,7.81,30.63,
비스킷/쿠키/크래커_허쉬 초코 멜로 쿠키,522,8.89,,66.67
비스킷/쿠키/크래커_허쉬 초콜릿 칩 싱글 쿠키,372,4.0,,68.0
비스킷/쿠키/크래커_허쉬 화이트 칩 위드 아몬드 쿠키,494,8.0,,66.0
비스킷/쿠키/크래커_현미누룽지칩,403,8.0,2.33,87.33
비스킷/쿠키/크래커_화이트 초콜릿 카우보이 쿠키,529,5.88,,
비스킷/쿠키/크래커_화이트초코 마카다미아 쿠키,475,6.67,,
비스킷/쿠키/크래커_화이트초코 말차 촉촉쿠키,478,6.67,,
비스킷/쿠키/크래커_황치즈 티그레,522,8.75,35.0,42.81
비스킷/쿠키/크래커_흑임자호두 쿠키,545,7.63,,67.81
비프까스,208,8.1,13.68,12.25
빙떡(메밀전병),168,6.18,6.29,21.62
빙수_22오리지널 팥빙수,136,2.68,,
빙수_K - 빙수,166,2.61,,
빙수_그린티 초코 쿨빙수,138,1.72,,
빙수_까르보나라 젤빙,158,2.64,,
빙수_녹차 빙수,109,2.61,,
빙수_녹차 팥빙수,55,1.03,,
빙수_녹차 한 컵 빙수,201,3.4,,
빙수_눈꽃 팥빙수 (1인),142,2.88,,
빙수_눈꽃 팥빙수 (2인),140,3.18,,
빙수_단팥찰떡 (1인),160,3.87,1.39,
빙수_달고나 마시빙,69,0.57,,
빙수_달고나 컵빙수,100,1.3,1.92,19.5
빙수_더블초코 (1인),164,3.1,3.7,
빙수_돼지바 눈꽃빙수,171,2.4,,
빙수_돼지바 얼음빙수,262,3.28,,
빙수_돼지바 프라노베,174,1.76,,
빙수_딸기 눈꽃빙수,112,1.84,,
빙수_딸기 도넛 눈꽃빙수,102,1.75,,
빙수_딸기 도넛 얼음빙수,120,2.08,,
빙수_딸기 도넛 컵빙수,163,1.93,,
빙수_딸기 마시빙,41,0.88,,
빙수_딸기 빙수,90,1.26,,
빙수_딸기 빙수 (1인),78,1.47,,
빙수_딸기 아이스드림 빙수,47,0.63,,
빙수_딸기 요거트 빙수,140,5.01,2.52,24.29
빙수_딸기 요거트 컵빙수,159,3.03,2.4,31.4
빙수_딸기 젤빙,108,1.58,,
빙수_딸기 치즈 쿨빙수,100,1.86,,
빙수_딸기 컵빙수,98,1.24,1.62,19.69
빙수_딸기 한 컵 빙수,227,5.09,,
빙수_딸기&망고 요거트 빙수,116,1.59,,
빙수_딸기&치즈 스노우 빙수,141,1.88,,
빙수_딸기베리치즈,115,1.71,1.99,
빙수_딸기베리치즈 (1인),116,1.63,1.65,
빙수_딸기시리얼빙수,147,1.44,,
빙수_딸기시리얼컵빙수,131,1.41,,
빙수_딸기치즈 눈꽃빙수,157,2.24,,
빙수_딸기치즈 눈꽃빙수,159,2.04,,
빙수_딸기치즈 눈꽃빙수 우유얼음,118,1.6,,
빙수_딸기피치 요거놀라 1인빙수,135,1.79,,
빙수_딸콤파르페,103,1.17,,
빙수_레드빈 눈꽃 빙수,154,1.25,,
빙수_말차티라미수 빙수,137,2.72,,
빙수_망고 눈꽃빙수,99,0.5,,
빙수_망고 눈꽃빙수,94,1.32,,
빙수_망고 마시빙,44,0.83,,
빙수_망고 빙수,83,1.27,,
빙수_망고 빙수,113,2.8,,
빙수_망고 빙수,59,0.63,,
빙수_망고 빙수 (1인),80,1.11,,
빙수_망고 아이스드림 빙수,54,0.63,,
빙수_망고 젤빙,106,1.73,,
빙수_망고 크림 젤빙,148,0.79,,
빙수_망고 탱탱 빙수,55,1.03,,
빙수_망고 파인 쿨빙수,68,0.92,,
빙수_망고 한 컵 빙수,229,4.97,,
빙수_망고&치즈 스노우 빙수,134,1.58,,
빙수_망고코코넛,117,1.91,2.8,
빙수_망고코코넛 (1인),128,1.88,2.38,
빙수_망고탱탱 빙수,55,1.02,,
빙수_망고파인 컵빙수,72,0.62,,
빙수_망고패션 요거놀라 1인빙수,136,1.79,,
빙수_밀크 눈꽃빙수,122,2.5,,
빙수_밀크 눈꽃빙수 우유얼음,141,2.82,,
빙수_밀크 팥빙수,160,4.92,,
빙수_밀크팥 젤빙,160,2.76,,
빙수_바나나누텔라 빙수,149,2.92,,
빙수_베리 컵빙수,73,0.98,,
빙수_베리&베리 요거트 빙수,125,1.77,,
빙수_베리크런치 빙수,154,2.34,,
빙수_복고 빙수,55,1.03,,
빙수_복숭아 연유 대패빙수,91,1.09,,
빙수_블루베리 마시빙,43,0.75,,
빙수_블루베리 빙수,117,2.93,,
빙수_블루베리 한 컵 빙수,227,4.52,,
빙수_블루베리치즈 빙수,99,3.1,,
빙수_블루베리케이크 빙수,128,1.78,,
빙수_새콤달콤 패션망고,84,0.45,,
빙수_소르베 망고 빙수,100,1.05,,17.16
빙수_실크 망고 빙수,88,0.6,,
빙수_실크 팥빙수,121,2.29,,
빙수_애플망고,73,0.19,,
빙수_애플망고 도넛 눈꽃빙수,114,1.68,,
빙수_애플망고 도넛 얼음빙수,146,2.04,,
빙수_애플망고 도넛 컵빙수,177,1.68,,
빙수_애플망고 치즈 대패빙수,102,0.58,,
빙수_애플망고 치즈 케이크 빙수 (1인),116,1.83,,
빙수_애플망고 치즈 케이크 빙수 (2인),115,1.77,,
빙수_애플망고케이크 빙수,126,1.38,,
빙수_옛날 컵빙수,203,8.76,5.21,30.39
빙수_옛날 컵빙수,117,1.73,1.78,23.41
빙수_옛날팥빙수,101,2.67,,
빙수_오곡 팥 눈꽃빙수,126,2.84,,
빙수_오곡 팥 얼음빙수,181,3.79,,
빙수_오곡 팥 컵빙수,139,2.7,,
빙수_오레오초코 빙수,141,3.32,,
빙수_오리지날 팥빙수,91,17.55,,
빙수_오리지널 눈꽃 빙수,138,4.69,,24.2
빙수_오리지널 대패빙수,112,2.53,,
빙수_오리지널 팥빙수,156,3.95,,24.01
빙수_오미자두빙수,54,0.22,,
빙수_요거트 빙수,95,16.78,,
빙수_인절미 눈꽃빙수,167,4.7,,
빙수_인절미 빙수,149,4.9,,
빙수_인절미_우유얼음,141,5.97,4.35,19.6
빙수_제주 한라봉 빙수,145,6.76,2.5,23.85
빙수_제주녹차,129,3.21,,
빙수_제주녹차 (1인),151,3.93,,
빙수_젤라또 팥,134,2.93,,
빙수_청포도 젤라또,86,0.3,,
빙수_초당옥빙수,122,1.83,,
빙수_초코 마시빙,74,1.17,,
빙수_초코 밀크 컵 빙수,254,4.77,,
빙수_초코 씨리얼 빙수,159,6.44,3.89,24.61
빙수_초코악마 빙수,110,1.59,,
빙수_초코악마 빙수 (1인),137,2.7,,
빙수_치즈 요거트 빙수,187,10.4,,
빙수_치즈 컵빙수,109,1.03,3.53,18.19
빙수_치즈베리 젤빙,126,2.66,,
빙수_커피 밀크 컵 빙수,219,4.32,,
빙수_커피 빙수,107,1.73,,
빙수_커피 빙수 (1인),135,3.13,,
빙수_커피 빙수 디카페인,126,2.69,,
빙수_커피 빙수 디카페인 (1인),142,3.35,,
빙수_컵빙수,93,0.63,,
빙수_코코넛커피 (1인),128,1.81,2.82,
빙수_콩고물 스노우 빙수,139,4.83,,
빙수_콩고물 팥빙수,85,1.88,,
빙수_콩고물팥 밀크 컵 빙수,214,5.59,,
빙수_쿠앤크 눈꽃 우유얼음,175,2.44,,
빙수_쿠앤크 눈꽃빙수,156,2.01,,
빙수_쿠키&크림 빙수,123,1.93,,
빙수_쿠키앤크림 빙수,140,2.57,,
빙수_쿠키앤크림 빙수 (1인),169,2.68,,
빙수_클래식 컵빙수,133,1.84,,
빙수_클래식 쿨빙수,103,2.24,,
빙수_키위 아이스드림 빙수,50,0.63,,
빙수_트러플 초코 스노우 빙수,163,2.78,,
빙수_트리플 초코 스노우 빙수,163,2.78,,
빙수_티라미수 빙수,112,1.56,,
빙수_티라미수케이크 빙수,179,2.73,,
빙수_밀크티 젤라또,106,1.61,,
빙수_팥 마시빙,123,1.5,,
빙수_팥 빙수,150,3.97,,
빙수_팥 빙수 (1인),162,4.37,,
빙수_팥_우유얼음,146,3.24,0.79,31.49
빙수_팥빙수,269,4.44,5.33,50.22
빙수_팥인절미 1인빙수,171,3.3,,
빙수_팥인절미 눈꽃빙수,151,3.34,,
빙수_피치&망고 요거트 빙수,133,1.92,,
빙수_홍시 아이스드림 빙수,48,0.63,,
빙수_흑임자 컵빙수,107,1.48,,
빙수_흑임자 팥빙수,93,1.56,,
빙수_흑임자 한 컵 빙수,228,4.46,,
뼈다귀해장국,21,2.7,0.63,0.96
뼈다귀해장국,21,2.7,0.63,0.96
뼈다귀해장국,21,2.7,0.63,0.96
사골국,35,1.8,1.67,2.94
사골국,55,5.56,2.42,2.81
사골국,35,1.8,1.67,2.94
사골국,35,1.8,1.67,2.94
사과차_사과차 아이스(ICED) (L),40,0.01,,
사과차_사과차 아이스(ICED) (M),39,0.02,,
사과차_사과차 핫(HOT) (L),48,0.01,,
사과차_사과차 핫(HOT) (M),52,0.02,,
사과차_석류 애플라임,59,0.0,0.0,14.78
사과차_석류애플라임 아이스(ICED),48,0.0,,
사과차_애플 그린티 아이스(ICED),59,0.17,,
사과차_애플 그린티 핫(HOT),60,0.2,,
사과차_애플 시나몬티 아이스(ICED) (L),25,0.22,,
사과차_애플 시나몬티 핫(HOT) (L),26,0.44,,
사과차_애플 히비스커스티,45,0.03,,
사과차_애플민트티 아이스(ICED) (R),36,0.0,,
사과차_애플민트티 핫(HOT) (R),31,0.21,,
사태찜_소고기,110,12.1,5.17,3.67
산자,366,2.31,3.09,82.17
산적_돼지고기,200,29.06,8.56,1.55
삶은 땅콩 조림,190,6.8,9.74,21.15
삶은 땅콩 조림,580,20.7,29.74,64.99
삶은 땅콩 조림,190,6.8,9.74,21.15
삼각김밥,183,5.2,3.83,30.8
삼각김밥,185,4.8,4.4,30.58
삼각김밥_고추장불고기,165,3.66,1.58,34.11
삼각김밥_숯불갈비,161,4.0,1.67,32.55
삼각김밥_참치마요네즈,199,5.93,8.21,25.45
삼각김밥_참치마요네즈,172,3.94,3.2,31.95
삼겹살구이,467,22.56,41.69,0.35
삼겹살구이_고추장,403,14.21,32.83,12.63
삼겹살볶음_낙지,235,11.3,16.18,10.03
삼겹살볶음_묵은지김치,151,5.76,10.49,8.4
삼겹살볶음_세발낙지,225,10.0,16.23,10.13
삼겹살볶음_세발낙지,241,9.9,18.59,8.87
삼계탕,101,10.68,4.8,3.84
삼계탕,46,5.2,0.34,5.17
삼계탕,80,7.32,3.85,3.54
삼계탕,77,6.7,3.17,5.0
삼계탕,88,7.42,3.75,5.64
삼색 오이냉국,17,0.6,0.21,3.52
삼색냉채,68,5.6,1.9,7.21
삼색냉채,76,6.4,2.29,7.48
삼색냉채,68,5.6,1.9,7.21
삼치 양념구이,189,22.8,4.14,15.38
삼치 양념구이,189,22.8,4.14,15.38
삼치 카레구이,213,27.1,9.05,3.71
삼치 카레구이,213,27.1,9.05,3.71
삼치구이,132,18.7,5.8,0.02
삼치구이,178,21.42,9.57,1.45
삼치구이,81,9.2,3.81,1.78
삼치구이,77,8.96,3.31,2.15
삼치구이,64,9.55,2.38,0.47
삼치조림,185,19.0,7.12,8.91
삼치조림,125,15.88,5.63,2.61
삼치조림,63,7.7,1.49,4.45
삼치조림,185,19.0,7.12,8.91
삼치조림,63,7.7,1.49,4.45
삼치찌개,50,6.2,1.28,3.35
삼치튀김,136,13.8,6.86,3.43
삼치튀김,136,13.7,6.82,3.69
상추 겉절이,21,0.9,0.69,3.38
상추 겉절이,21,0.9,0.69,3.38
상추 겉절이,29,1.2,1.2,3.98
상추 겉절이,24,1.1,0.76,3.89
상추겉절이,24,1.06,0.76,3.92
상추겉절이,21,0.89,0.69,3.39
상추겉절이,64,2.48,3.26,6.18
상추겉절이,29,1.16,1.2,4.02
새송이버섯 구이,58,1.6,4.81,4.17
새송이버섯 구이,61,2.3,4.54,6.05
새송이버섯 구이,58,1.6,4.81,4.17
새송이버섯볶음_새송이버섯_채소,32,1.44,1.95,4.13
새송이버섯볶음_새송이버섯_채소,25,1.4,1.5,3.51
새송이버섯전,63,3.16,3.73,5.89
새싹 샐러드,117,1.4,10.6,5.01
새싹 샐러드,117,1.4,10.6,5.01
새싹 샐러드,117,1.4,10.6,5.01
새우 탕수,248,18.2,9.94,19.95
새우 탕수,149,11.0,5.84,12.77
새우 탕수,149,11.0,5.84,12.77
새우 탕수,248,18.2,9.94,19.95
새우구이,34,7.4,0.33,0.04
새우구이,145,23.41,4.44,2.82
새우무침,321,37.0,11.77,15.47
새우무침,321,37.0,11.77,15.47
새우볶음,83,9.91,2.21,5.96
새우전,188,9.99,11.33,11.57
새우전,264,23.2,12.08,12.86
새우전,264,23.1,11.86,13.51
새우젓_양념,69,7.1,1.8,6.0
새우젓국,23,2.0,0.72,2.31
새우젓국,27,1.9,1.26,2.12
새우젓국,23,2.0,0.72,2.21
새우조림,62,7.6,1.91,3.21
새우조림,72,8.8,2.26,3.62
새우탕,40,6.2,0.56,2.51
새우탕,40,6.2,0.56,2.51
새우탕,40,6.2,0.56,2.51
새우탕,40,6.2,0.56,2.51
새우탕,33,5.17,0.44,2.0
새우탕_간편조리세트_전복민물새우탕,56,2.85,0.45,10.07
새우튀김,145,7.1,5.52,16.54
새우튀김,145,7.1,5.58,16.52
새우튀김,145,7.1,5.58,16.52
새우튀김,145,7.1,5.52,16.54
새우튀김_새우링,265,8.0,,
새우튀김_새우링,239,7.0,,
새우튀김_새우링(2조각),244,8.42,,
새우튀김_새우링(4조각),244,8.42,,
새우튀김_새우링(8조각),244,8.42,,
새우튀김_새우스틱 (2개),271,8.3,,
새우튀김_타르타르 새우튀김 (5개),295,6.1,,
새우튀김롤,202,4.82,6.06,32.09
샌드위치_ 파니니 바비큐 치킨,202,7.73,,
샌드위치_B.E.L.T. 샌드위치,222,7.95,9.85,25.38
샌드위치_B.E.L.T. 샌드위치,191,8.09,,
샌드위치_B.E.L.T샌드위치,182,8.05,,
샌드위치_B.L.T 샌드위치,225,8.3,7.88,30.29
샌드위치_B.L.T.E 샌드위치,187,7.67,,
샌드위치_BELT 샌드위치,176,5.93,,
샌드위치_BELT 클럽 샌드위치,232,9.47,,
샌드위치_BLT 샌드위치,190,7.62,,
샌드위치_BLT 샌드위치,243,8.0,,
샌드위치_NEW 파니니 불고기 에그,241,10.45,,
샌드위치_NEW아삭햄치즈패스트리,210,5.94,,
샌드위치_TLJ오리지널BELT샌드위치,201,6.64,,
샌드위치_V.E.L.T샌드위치,179,6.94,,
샌드위치_게살듬뿍모닝 샌드위치,140,3.59,9.67,9.26
샌드위치_고르곤졸라 불고기 파니니,228,9.0,1.5,
샌드위치_고소한햄에그샌드위치,209,9.16,,
샌드위치_그릭치킨 샌드위치,184,12.22,5.0,22.22
샌드위치_그릴치킨 당근라페 샌드위치,167,10.29,,
샌드위치_그릴치킨&당근라페샌드위치,169,10.29,,
샌드위치_기본좋은베이글샌드위치,188,7.52,,
샌드위치_꽃살크래미 반미 샌드위치,181,5.58,,25.28
샌드위치_단호박 에그 샌드위치,186,6.32,,
샌드위치_단호박 크림치즈 샌드위치,164,4.38,,
샌드위치_단호박크림치즈 샌드위치,181,4.38,7.66,23.36
샌드위치_닭가슴살,240,12.18,11.92,20.96
샌드위치_닭가슴살 프레시 샌드위치,178,8.86,,
샌드위치_닭고기,250,16.28,11.19,20.89
샌드위치_대만식 샌드위치 에그듬뿍샌드,296,7.5,,
샌드위치_대만식 샌드위치 초코크림샌드,329,5.71,,
샌드위치_대만식 샌드위치 햄치즈,234,11.69,,
샌드위치_더블햄모짜렐라 샌드위치,192,7.14,,
샌드위치_돌코롬 쫍지롱 와플 샌드,383,7.14,,
샌드위치_딸기 에그 번 샌드위치,286,6.37,,
샌드위치_떡갈비 치즈 곡물 샌드위치,153,1.93,7.25,
샌드위치_레드타코치킨샌드위치,179,7.23,,
샌드위치_룻티아 오 샌드 피넛,394,6.25,,
샌드위치_리코타 딸기 샌디,225,3.38,,
샌드위치_리터샌드,381,10.0,,37.5
샌드위치_매콤치킨랩 샌드위치,182,8.0,,
샌드위치_먹물치킨 치아바타,213,15.56,,
샌드위치_멕시칸 파니니,264,13.76,,
샌드위치_멜팅치즈 샌드위치,329,13.33,,
샌드위치_멜팅치즈&비프 샌드위치,171,11.42,,
샌드위치_모듬,193,9.5,13.44,8.44
샌드위치_모르타델라 포카챠 샌드위치,237,4.17,,
샌드위치_무화과 햄 바게트 샌드위치,293,7.86,,
샌드위치_미트 번 샌드위치,254,5.89,,
샌드위치_바베큐 치킨 깜빠뉴 샌드위치,273,14.0,,
샌드위치_바베큐치킨 바게트샌드,269,12.86,,31.43
샌드위치_바베큐치킨 파니니,159,14.75,,
샌드위치_바삭몬테크리스토,287,8.88,,
샌드위치_바질 토마토&치킨 샌드위치,205,10.77,,
샌드위치_바질치킨통밀샌드위치,189,8.42,,
샌드위치_반반마요 에그 감자 샌드위치,240,9.12,,
샌드위치_반숙란샌드위치,226,10.14,,
샌드위치_버터버터 마늘 크로크무슈,294,12.67,11.33,34.67
샌드위치_버터버터 에그베이컨 샌드위치,281,7.83,20.0,17.39
샌드위치_버터품은 설탕치즈 크로와상 샌드위치,293,8.75,20.0,32.5
샌드위치_베리머치감자 샌드위치,238,3.33,,
샌드위치_베리머치에그 샌드위치,324,8.57,,
샌드위치_베이컨체다 베이글,283,10.12,,
샌드위치_부드러운 에그마요 샌드위치,254,7.92,,
샌드위치_불고기 파니니,261,8.15,,
샌드위치_불고기가득샌드위치,205,7.27,,
샌드위치_불고기더블치즈 샌드위치,251,12.02,,
샌드위치_불고기반미샌드위치,216,5.62,,
샌드위치_불고기치즈 바게트,279,10.91,,
샌드위치_불고기포카치아,241,9.71,,
샌드위치_브렉퍼스트 잉글리쉬 머핀,260,12.0,,
샌드위치_브리젤라,253,5.26,,
샌드위치_블루베리 리터샌드,353,5.71,,38.57
샌드위치_비프&에그 샌드위치,213,10.45,,
샌드위치_사라다빵,206,4.8,,
샌드위치_살라미에멘탈 샌드위치,208,7.7,8.5,25.1
샌드위치_샐러드빵,185,6.92,,
샌드위치_생선,257,10.29,12.45,26.69
샌드위치_소고기,244,15.17,10.3,22.21
샌드위치_소불고기 깜빠뉴 샌드위치,230,10.0,,
샌드위치_소시지,276,10.3,15.57,23.74
샌드위치_소프트 잠봉뵈르 샌드위치,277,9.14,,
샌드위치_쉬림프아삭패스트리,269,8.06,,
샌드위치_쉬림프에그마요샌드위치,204,7.94,,
샌드위치_스크램블에그 샌드위치,279,10.59,,
샌드위치_스파이시치킨샐러드랩,193,6.44,,
샌드위치_스피니치불고기 샌드위치,287,14.9,,
샌드위치_식물성대체육옴미니트샐러드랩,198,6.94,,
샌드위치_씨앗곡물튜나샌드,286,13.77,,
샌드위치_에그 마요 샌드위치,219,10.0,,
샌드위치_에그 반미 샌드위치,316,8.55,,
샌드위치_에그 번 샌드위치,289,6.95,,
샌드위치_에그 베이컨 과카몰리 샌드위치,218,10.0,,
샌드위치_에그 사라다빵,298,9.17,,26.67
샌드위치_에그&올리브 베이글 샌드위치,181,6.25,,
샌드위치_에그듬뿍모닝 샌드위치,189,5.46,7.8,12.52
샌드위치_에그마요 반미 샌드위치,237,7.95,,20.86
샌드위치_에그마요 샌드위치,257,8.39,,
샌드위치_에그마요 소금빵,259,9.15,,
샌드위치_에그멜팅 불고기 파니니,240,9.52,,
샌드위치_에그쉬림프 샌드위치,205,7.59,,
샌드위치_에그쏙 텐더샌드위치,188,6.46,,
샌드위치_에그쏙텐더 샌드위치,183,6.77,,
샌드위치_에그튜나 샌드위치,254,8.96,,
샌드위치_에그튜나샌드위치,231,9.33,,
샌드위치_여봉 잠봉뵈르 먹어 크로와상 샌드위치,367,13.0,24.0,22.0
샌드위치_오리지널 불고기 반미 샌드위치,182,9.6,,21.52
샌드위치_올리브 베이컨 치아바타 샌드위치,283,12.63,,
샌드위치_올리브 베이컨 파니니,283,12.63,,
샌드위치_올리브치킨 파니니,265,16.02,,
샌드위치_이탈리안 클래식 파니니,220,10.29,,
샌드위치_잉글리쉬 머핀,199,9.29,,
샌드위치_잉글리쉬 머핀 샌드위치,282,10.0,5.0,
샌드위치_잉글리쉬 머핀 샌드위치,218,11.67,8.33,24.17
샌드위치_잉글리쉬머핀 샌드위치,100,4.95,,
샌드위치_잠봉 멀티그레인 파니니,248,8.0,,
샌드위치_잠봉뵈르 샌드위치,418,8.84,,
샌드위치_잠봉뵈르 샌드위치,290,15.48,,
샌드위치_잠봉뵈르소금버터롤,376,16.53,,
샌드위치_제주 흑돼지 아보카도 샌드위치,216,7.78,,
샌드위치_제주당근에그마요 샌드위치,261,10.0,,
샌드위치_차지키레드치킨샌드,192,13.25,,
샌드위치_참치,202,10.54,11.65,13.78
샌드위치_참치,222,9.32,14.04,14.6
샌드위치_참치클럽 샌드위치,196,8.0,,
샌드위치_채소,244,4.08,14.75,23.82
샌드위치_추억의야채사라다빵,161,4.0,,
샌드위치_치즈 에그 브리오슈,277,10.0,,
샌드위치_치즈 파니니,282,10.26,,
샌드위치_치즈어니언치킨샌드위치,249,8.16,,
샌드위치_치킨 베이컨 멀티그레인 샌드위치,284,9.77,,
샌드위치_치킨 샐러드 통밀 샌드위치,183,6.81,,
샌드위치_치킨 치폴레 포카챠 샌드위치,200,9.33,,
샌드위치_치킨 클럽,202,8.75,,
샌드위치_치킨&아보카도샌드위치,206,12.94,,
샌드위치_치킨브레스트 곡물 샌드위치,187,8.7,,
샌드위치_치킨페스토곡물샌드위치,231,13.74,,
샌드위치_칠리소시지바게트 샌드위치,233,10.92,,
샌드위치_카야치즈토스트,270,7.04,,
샌드위치_카야크림 리터샌드,289,6.25,,36.25
샌드위치_카야토스트,286,5.07,,
샌드위치_콘 치즈 샌드위치,237,5.38,,
샌드위치_콘참치샌드,201,5.0,,
샌드위치_콤비네이션 샌드위치,183,8.47,,
샌드위치_콰트로치즈 파니니,285,13.81,,37.35
샌드위치_쿠키 & 크림 샌디,260,3.6,,
샌드위치_크랜베리 치킨 샌드위치,238,7.5,,
샌드위치_크랜베리 치킨 치즈 샌드위치,220,8.76,,
샌드위치_크랜베리치킨 베이글 샌드위치,233,9.02,,
샌드위치_크랜베리치킨 샌드위치,197,7.79,9.02,20.9
샌드위치_크랜베리치킨베이글샌드위치,233,9.02,,
샌드위치_크랜베리치킨샌드위치,209,6.59,,
샌드위치_크랜베리치킨패스트리,279,7.84,,
샌드위치_크로크 무슈,422,20.0,,
샌드위치_크로크 무슈,269,11.18,,
샌드위치_크로크 무슈,257,11.18,,
샌드위치_크로크무슈,422,20.0,,
샌드위치_크로크무슈,361,20.87,,
샌드위치_크로크무슈,277,14.89,,
샌드위치_크로크무슈,257,42.94,,
샌드위치_크로크무슈,277,7.14,,
샌드위치_크로크무슈,270,11.88,,
샌드위치_크로크무슈,269,11.18,,
샌드위치_크로크무슈,294,13.75,6.25,
샌드위치_크로크무슈,163,7.14,,
샌드위치_크로크무슈,277,7.14,,
샌드위치_크로크무슈,260,11.43,12.14,25.72
샌드위치_크로크무슈,286,10.63,,
샌드위치_크로크무슈,338,11.04,,
샌드위치_크리미크랩샌드위치,204,4.49,,
샌드위치_클래식루벤 샌드위치,218,13.62,,
샌드위치_클래식잠봉뵈르,314,13.89,,
샌드위치_토마토모짜렐라 샌드위치,247,10.67,14.61,18.54
샌드위치_토마토아이올리 샌드위치,221,9.5,11.2,20.5
샌드위치_통밀크랜베리치킨샌드위치,248,8.26,,
샌드위치_통밀튜나 샌드위치,270,8.2,,
샌드위치_통밀튜나샌드위치,135,4.1,,
샌드위치_통밀후레쉬 샌드위치,211,7.89,,
샌드위치_통밀후레쉬 샌드위치 (H),211,7.89,,
샌드위치_통밀후레쉬샌드위치,196,6.96,,
샌드위치_트리플 치즈 포카치아,304,15.71,,
샌드위치_트리플머쉬룸치즈 파니니,164,7.52,,
샌드위치_티라미수 샌디,249,3.87,,
샌드위치_페스토 햄 모짜렐라 샌드위치,243,13.51,,
샌드위치_페스토 햄 파니니,243,13.51,,
샌드위치_페스토햄치즈 파니니,269,11.29,,
샌드위치_페퍼로니 머쉬룸 깜빠뉴,303,16.11,,
샌드위치_페퍼로니 샌드위치,265,13.33,,
샌드위치_페퍼로니 파니니,305,9.08,,34.33
샌드위치_페퍼로니 피자 샌드위치,287,13.33,,
샌드위치_페퍼로니포카치아,235,7.03,,
샌드위치_포테이토 사라다빵,266,5.0,,36.67
샌드위치_프로방스 바질 치킨 파니니,193,9.05,,
샌드위치_프룻티아 오 샌드 스트로베리,344,6.25,,
샌드위치_플랜트 햄&루꼴라 샌드위치,178,5.56,,
샌드위치_피크닉튜나 샌드위치,251,8.23,,
샌드위치_필리 스테이크 바게트 파니니,227,8.18,,
샌드위치_필리스테이크바게트 파니니,227,8.18,,
샌드위치_할라피뇨 시저 치킨 파니니,231,11.11,,
샌드위치_할라피뇨 치킨 샌드위치,169,9.94,,
샌드위치_할라피뇨스테이크바게트 샌드위치,244,10.25,,
샌드위치_함박미니버거샌드위치,222,9.03,,
샌드위치_핫치킨 바게트샌드,294,12.86,,30.72
샌드위치_핫치킨 파니니,289,14.72,,37.48
샌드위치_햄 에그 번 샌드위치,285,7.84,,
샌드위치_햄 에그 크라상 샌드위치,218,7.86,,
샌드위치_햄 치즈 크라상 샌드위치,253,10.0,,
샌드위치_햄&루꼴라 올리브 샌드위치,197,10.53,,
샌드위치_햄&에그 로메인 샌드위치,203,9.85,,
샌드위치_햄&에그 반미 샌드위치,164,7.81,,21.93
샌드위치_햄&치즈 프레시 샌드위치,191,8.76,,
샌드위치_햄&치즈라우겐샌드위치,270,10.43,,
샌드위치_햄&포테이토샐러드샌드위치,206,6.36,,
샌드위치_햄_달걀,220,12.44,11.92,15.64
샌드위치_햄_치즈,284,8.57,15.75,26.95
샌드위치_햄_치즈_채소,214,8.66,10.38,21.55
샌드위치_햄앤치즈 샌드위치,269,7.5,,
샌드위치_햄앤치즈샌드,281,8.0,,
샌드위치_햄에그 치아바타,266,12.9,,
샌드위치_햄에그 파니니,304,12.9,,
샌드위치_햄치즈 리터샌드,323,6.67,,30.67
샌드위치_햄치즈 멀티그레인 파니니,232,7.9,,
샌드위치_햄치즈 샌드위치,378,12.08,,
샌드위치_햄치즈 샌드위치,255,11.52,,
샌드위치_햄치즈 샌드위치,185,5.51,5.91,27.56
샌드위치_햄치즈 잉글리쉬머핀,259,11.67,,
샌드위치_햄치즈 잉글리쉬머핀 샌드위치,259,11.67,,
샌드위치_햄치즈에그샌드위치,196,5.6,,
샌드위치_햄치즈잉글리시 머핀,314,12.12,,43.08
샌드위치_햄치즈잉글리시머핀 샌드위치,259,11.67,12.5,25.0
샌드위치_햄치즈토마토치아바타,165,7.0,,
샌드위치_햄치토 크로와상 샌드위치,137,3.48,8.26,12.61
샌드위치_훈제베이컨에그 반미 샌드위치,218,11.07,,22.14
샐러드_간편조리세트_콥샐러드&시저드레싱,129,8.75,8.4,4.55
샐러드_감자,126,1.31,7.99,12.25
샐러드_감자,163,2.76,10.17,15.64
샐러드_고구마,185,1.81,7.79,26.84
샐러드_과일리코타 샐러드,111,3.2,5.8,11.4
샐러드_과카몰리치킨 샐러드,94,4.15,,
샐러드_그릴드 치킨 샐러드,99,6.4,,
샐러드_그릴드치킨 샐러드,60,7.25,,
샐러드_그릴드치킨 시저 샐러드,104,7.49,,
샐러드_그릴치킨오렌지샐러드,71,5.29,,
샐러드_단호박,128,1.23,9.49,10.28
샐러드_단호박,162,1.48,8.97,18.77
샐러드_단호박+고구마샐러드 (160g),202,0.94,,
샐러드_단호박+고구마샐러드 (310g),202,1.0,,
샐러드_단호박리코타과일샐러드,176,2.65,,
샐러드_닭가슴살,135,7.17,9.49,5.36
샐러드_두부포케 샐러드,102,3.52,,
샐러드_루꼴라샐러드,181,2.47,,
샐러드_리코타그릴치킨샐러드,164,5.53,,
샐러드_리코타그릴치킨샐러드(R),99,4.28,,
샐러드_리코타그릴치킨샐러드(S),93,4.07,,
샐러드_마카로니,140,2.37,8.17,13.76
샐러드_맥앤치즈 핫도그 샐러드 박스,194,5.98,,
샐러드_머쉬룸불고기샐러드,85,4.59,,
샐러드_멕시칸치킨 샐러드,134,8.92,,
샐러드_모짜렐라루꼴라샐러드,210,6.93,,
샐러드_베이컨크랜베리치킨샐러드,204,6.8,,
샐러드_불고기분짜누들샐러드,126,4.29,,
샐러드_새싹,74,2.77,4.81,4.96
샐러드_샐러드,15,1.0,,
샐러드_쉬림프에그 샐러드,83,6.92,,
샐러드_쉬림프에그샐러드(S),126,6.01,,
샐러드_스파이시쉬림프 샐러드,109,7.35,,
샐러드_시저치킨 샐러드,126,15.0,6.4,2.2
샐러드_썸머타코치킨샐러드,91,4.0,,
샐러드_양배추,150,2.69,11.71,8.47
샐러드_양배추_코올슬로,153,0.95,9.91,14.89
샐러드_양상추,126,4.91,10.3,3.42
샐러드_오렌지 그릴치킨 샐러드,71,5.29,,
샐러드_옥수수,166,1.96,11.94,12.68
샐러드_옥수수,131,1.32,8.5,12.51
샐러드_참치,151,10.82,8.65,7.52
샐러드_채소,145,1.16,13.35,5.1
샐러드_치킨콥 샐러드,124,5.8,8.4,6.4
샐러드_치킨텐더 샐러드,133,7.76,,
샐러드_치킨텐더루꼴라샐러드,193,8.1,,
샐러드_코울슬로,112,0.9,,
샐러드_콘샐러드,150,2.5,,
샐러드_콥볼샐러드(R),101,6.54,,
샐러드_콥볼샐러드(S),106,6.06,,
샐러드_콥샐러드,108,6.94,,
샐러드_토마토치킨샐러드,152,5.22,,
샐러드_토마토칠리 핫도그 샐러드 박스,194,6.41,,
샐러드_트리플 치즈 샐러드,164,5.91,8.71,15.27
샐러드_포테이토&튜나 샐러드,174,4.41,,
샐러드_포테이토&튜나샐러드,152,4.41,,
샐러드_프레시리코타치즈 샐러드,167,5.42,,
생강차_대추 생강차 아이스(ICED),65,0.0,,
생강차_대추 생강차 핫(HOT),65,0.0,,
생강차_레몬 생강차 아이스(ICED),59,0.0,,
생강차_레몬 생강차 핫(HOT),59,0.0,,
생강차_생강차,41,0.14,,
생강차_생강차 아이스(ICED),57,0.0,,
생강차_생강차 아이스(ICED),54,0.03,,
생강차_생강차 핫(HOT),54,0.03,,
생강차_생강차 핫(HOT),61,0.0,,
생강차_유자 생강차,43,0.0,,
생강차_전통 수정과 아이스(ICED),41,0.14,,
생강차_전통 수정과 핫(HOT),41,0.15,,
생강차_진저티 아이스(ICED),48,0.0,,
생강차_진저티 핫(HOT),48,0.0,,
생강차_홍시 동동 수정과 아이스(ICED) (EX),49,0.15,,
생강차_홍시 동동 수정과 아이스(ICED) (R),54,0.24,,
생강차_홍시 동동 수정과 핫(HOT) (EX),51,0.15,,
생강차_홍시 동동 수정과 핫(HOT) (R),59,0.26,,
생선까스,198,15.3,9.57,10.89
생선까스,303,22.8,14.5,17.5
생선까스,198,15.3,9.57,10.89
생선까스,105,9.0,4.93,5.12
생선까스,327,12.17,20.55,23.28
생선까스_소스,232,7.58,18.96,7.25
생선전_가자미,154,17.17,7.38,4.61
생선전_동태,179,15.09,10.03,7.02
샤베트_메론코코샤베트,45,0.11,,11.09
샤베트_블루파인 샤베트,40,0.23,0.17,9.36
샤베트_와인 샤베트,74,0.21,0.43,17.66
샤브샤브_간편조리세트_소고기 샤브샤브,34,2.71,1.26,2.99
샤브샤브_간편조리세트_소고기스키야키,76,6.23,1.78,8.65
샤브샤브_간편조리세트_일호식 스키야키,51,3.36,2.6,3.64
샤브샤브_버섯,30,3.88,0.9,1.57
샤브샤브_소고기,44,4.85,1.63,2.45
샤브샤브_소고기,43,5.38,1.62,1.8
서대구이,161,25.1,5.77,0.71
섞박지,41,2.3,0.84,7.43
섞박지,35,1.9,1.24,5.04
섞어찌개(모듬찌개),47,3.7,1.32,5.58
섞어찌개(모듬찌개),39,1.7,2.09,3.73
선지해장국_내장,34,4.4,0.98,2.07
선짓국,27,3.6,0.49,2.15
선짓국,45,3.9,1.9,3.53
선짓국,40,3.4,1.53,3.5
선짓국_내장,45,5.4,1.63,1.97
설렁탕,37,2.1,1.24,4.08
설렁탕,41,2.65,1.24,4.43
설렁탕,24,4.26,0.58,0.36
세발나물무침,78,3.01,4.25,7.05
세발낙지볶음,88,11.6,0.9,8.35
세발낙지볶음,68,4.7,2.29,7.88
세발낙지볶음,68,4.7,2.29,7.88
세발낙지찜,74,5.5,4.31,3.8
소간 채소볶음,120,10.5,5.29,7.74
소갈비 구이,210,10.2,15.23,6.33
소갈비 구이,210,10.2,15.23,6.33
소갈비 구이,298,14.4,21.6,9.01
소갈비 구이,210,10.2,15.23,6.33
소갈비찜,238,12.8,16.8,7.91
소갈비찜,160,8.0,11.32,5.3
소갈비찜,235,12.2,16.86,6.72
소갈비찜,111,5.38,7.08,6.45
소갈비찜_해물,137,11.41,6.11,8.65
소고기 감자죽,88,3.1,2.0,13.65
소고기 감자죽,82,2.6,2.71,11.19
소고기 국밥,66,2.3,0.56,12.54
소고기 국밥_내장,104,3.7,1.28,18.63
소고기 국밥_내장,62,2.2,0.75,11.02
소고기 덮밥,120,3.3,3.07,18.92
소고기 덮밥,120,3.3,3.07,18.92
소고기 덮밥,109,5.7,2.78,14.39
소고기 두부국,34,2.8,2.18,0.62
소고기 떡찜,303,10.6,14.48,32.19
소고기 무국,23,1.6,1.49,0.53
소고기 무국,23,1.6,1.49,0.53
소고기 무국_콩나물,27,1.9,1.64,1.06
소고기 미역국,21,1.6,1.37,0.92
소고기 미역국,17,1.5,1.05,0.59
소고기 미역국,23,1.9,1.55,0.56
소고기 미역국_떡,24,1.7,1.39,1.15
소고기 미역국_바지락,11,1.1,0.57,0.9
소고기 샌드위치,195,7.1,9.6,20.03
소고기 샌드위치,203,6.9,10.61,19.7
소고기 샌드위치,203,6.9,10.61,19.7
소고기 샤브샤브,47,3.0,2.08,4.1
소고기 완자전,318,14.1,23.28,10.08
소고기 완자전,314,14.1,22.92,10.06
소고기 완자전,318,14.1,23.28,10.08
소고기 완자전,314,14.1,22.92,10.06
소고기 장조림,237,31.5,9.66,3.97
소고기 장조림,209,15.2,12.44,7.28
소고기 장조림,188,14.9,10.52,6.9
소고기 장조림,230,29.6,9.02,5.13
소고기 장조림_꽈리고추,132,14.7,4.25,8.22
소고기 장조림_메추리알,152,14.4,7.12,6.22
소고기 장조림_메추리알,152,14.4,7.12,6.22
소고기 장조림_메추리알,152,14.4,7.12,6.22
소고기 장조림_메추리알,152,14.4,7.12,6.22
소고기국_무_당면,34,1.8,1.67,2.92
소고기국_무_당면,34,1.8,1.67,2.92
소고기버섯죽,100,2.8,3.0,14.9
소고기버섯죽,72,2.34,0.93,13.63
소고기버섯죽,119,4.3,2.72,20.93
소고기버섯죽,99,2.7,2.89,15.03
소고기볶음,237,10.6,19.41,2.71
소고기볶음,159,7.0,13.07,3.16
소고기볶음,163,7.0,13.07,3.12
소고기볶음_간편조리세트_차돌박이숙주볶음,193,7.3,15.35,6.38
소고기볶음_고추장,157,5.7,11.51,7.04
소고기볶음_고추장,154,5.7,11.51,7.09
소고기볶음_고추장,143,5.9,9.75,7.23
소고기볶음_고추장,197,14.36,10.79,10.7
소고기볶음_버섯,72,6.2,3.53,3.97
소고기볶음_버섯,97,6.1,6.35,4.29
소고기볶음_버섯,97,6.1,6.35,4.29
소고기볶음_버섯,144,11.59,7.73,6.92
소고기볶음_채소,126,12.8,5.4,6.44
소고기볶음_채소,73,6.2,3.53,3.97
소고기산적,227,24.2,12.78,3.67
소고기샤브샤브,46,2.95,2.04,4.08
소고기스튜,187,10.1,11.65,9.23
소고기육개장,26,2.07,1.46,1.38
소고기육개장,25,1.91,1.41,1.49
소고기육개장,32,2.59,1.68,2.09
소고기전골,46,2.6,2.15,4.25
소고기전골,38,2.4,2.34,1.98
소고기전골,63,7.89,3.24,0.46
소고기전골_간편조리세트_어복쟁반,37,3.39,1.96,1.41
소고기전골_간편조리세트_파빌리온 얼큰 소고기 전골,73,4.4,4.94,2.69
소고기전골_간편조리세트_평양식 어복쟁반,76,7.02,2.94,5.35
소고기찜,121,5.5,8.56,5.17
소고기찜,117,5.5,8.55,4.95
소고기채소볶음,198,8.4,14.99,7.24
소고기채소볶음,198,8.4,14.99,7.24
소고기채소볶음,128,5.1,10.08,3.35
소고기채소볶음,128,5.1,10.08,3.35
소고기튀김,258,10.4,18.92,10.11
소곱창 구이,171,8.8,11.89,3.71
소곱창 볶음,178,9.0,13.58,4.99
소금빵_갈릭버터소금빵,402,6.06,,
소금빵_고메 소금빵,374,9.43,,
소금빵_고짠고짠소금버터링,325,8.33,11.67,46.67
소금빵_매콤할라 소금빵,346,8.98,,
소금빵_바질토마토 치킨 소금빵,292,14.94,,
소금빵_발효버터 먹물소금빵,373,7.27,,
소금빵_발효버터 명란소금빵,392,7.69,21.54,41.54
소금빵_발효버터 소금빵,373,7.27,,
소금빵_버터리 소금빵,376,8.0,17.33,48.0
소금빵_버터버터 소금빵,448,6.67,25.33,48.0
소금빵_뺑오플레르 (L),338,8.0,,
소금빵_소금빵,318,9.23,,
소금빵_앙버터 소금빵,376,7.63,17.88,47.63
소금빵_앙버터 소금빵,365,6.19,,
소금빵_앙버터 소금빵 (L),381,7.66,18.34,47.66
소금빵_에멘탈 햄치즈 소금빵,362,11.59,,
소금빵_오리지널 소금빵,371,7.9,,
소금빵_치즈할라피뇨소금빵,372,8.98,,
소금빵_크랜베리치킨 소금빵,323,10.12,,
소금빵_핫치킨 소금빵,243,10.12,,
소금빵_허니버터 소금빵,416,6.56,,
소내장구이,92,6.75,6.53,0.75
소등심 스테이크,223,10.6,18.22,3.3
소등심 스테이크,229,10.6,18.22,3.3
소등심 스테이크,223,10.6,18.22,3.3
소등심 스테이크,270,12.6,22.71,0.86
소등심구이,318,15.9,26.71,0.0
소등심구이,311,15.9,26.79,0.26
소등심구이,320,15.9,26.79,0.26
소등심구이,320,15.9,26.79,0.26
소라무침,122,18.7,1.58,7.46
소라무침,122,18.7,1.58,7.46
소라산적,150,22.4,3.14,8.06
소보로빵,392,8.27,15.13,55.63
소보로빵,396,9.02,13.25,60.22
소보로빵_NEW단팥소보로,386,10.0,,
소보로빵_PB달콤한크림정통소보루,364,7.27,17.27,46.36
소보로빵_PB정통소보루,388,8.75,15.0,55.0
소보로빵_단팥소보루,283,7.63,,
소보로빵_달콤고소한밤롤브레드,290,7.0,,
소보로빵_땅콩크림 소보로,456,7.84,,
소보로빵_땅콩크림소보로,456,8.82,,
소보로빵_맘모스 딸기,361,8.0,,
소보로빵_맘모스브레드,365,7.0,,
소보로빵_맘모스브레드 (H),368,7.06,,
소보로빵_맘모스브레드(half),368,7.06,,
소보로빵_맘모스빵,348,7.2,,
소보로빵_맘모스빵,354,6.77,13.65,51.07
소보로빵_밤롤브레드,300,7.0,,
소보로빵_밤소보루맘모스,288,7.14,8.93,48.21
소보로빵_밤소보루맘모스 (H),289,6.43,8.57,47.86
소보로빵_밤이듬뿍맘모스(대),342,5.08,,
소보로빵_밤이듬뿍맘모스(소),341,5.39,,
소보로빵_생크림 소보로,414,7.53,,
소보로빵_생크림 소보루,388,8.24,,
소보로빵_생크림소보로,414,8.6,,
소보로빵_생크림소보루,370,6.96,,
소보로빵_소보로빵,421,9.21,,
소보로빵_소보로빵,356,9.3,11.3,54.2
소보로빵_소보루 완두앙금빵,248,5.71,,
소보로빵_소보루빵,383,9.72,,
소보로빵_소보루빵,388,8.24,,
소보로빵_소보루생크림빵,355,6.36,19.09,40.0
소보로빵_스위트밀크브레드,305,8.0,,
소보로빵_쑥이듬뿍 맘모스,331,8.06,,
소보로빵_왕단팥소보루,296,7.69,,
소보로빵_진짜고구마 소보로,348,6.09,,
소보로빵_진짜고구마소보로,345,5.04,,
소보로빵_쫄깃한 찰떡맘모스,339,6.88,,
소보로빵_쫄깃한 찰떡맘모스 (1/4),338,6.25,,
소보로빵_쫄깃한 찰떡맘모스 (1/8),338,7.5,,
소보로빵_쫄깃한 찰떡맘모스 (H),338,6.88,,
소보로빵_찹쌀숨은 소보루,290,8.0,,
소보로빵_치치모스(대),348,7.5,,
소보로빵_치치모스(소),346,7.5,,
소보로빵_클래식딸기잼 맘모스,401,6.49,,
소보로빵_클래식딸기잼맘모스,403,6.49,,
소보로빵_튀김 소보로,394,7.06,,
소불고기,186,10.33,13.1,6.73
소불고기,289,13.4,22.87,4.8
소불고기,170,16.41,9.66,4.26
소불고기,144,7.8,9.61,6.12
소불고기,289,13.4,22.87,4.8
소불고기_버섯,86,8.68,3.76,4.38
소불고기_버섯,88,7.48,4.34,4.72
소불고기_버섯,97,6.07,5.35,6.58
소사태찜,137,12.6,4.65,10.44
소사태찜,96,9.3,3.31,6.42
소사태찜,137,12.6,4.65,10.44
소세지빵_NEW고소한후랑크소시지,327,12.25,,
소세지빵_NEW어니언소시지포카치아,336,11.82,,
소세지빵_NEW추억의소시지빵,342,10.0,,
소세지빵_감자샐러드 소세지빵,319,10.37,,
소세지빵_길어서 더 든든한 롱롱소시지빵,292,10.12,,
소세지빵_낙엽소시지브레드,287,8.09,,
소세지빵_돌돌말린모짜렐라치즈소시지,292,12.8,,
소세지빵_든든한통소시지빵,276,8.82,,
소세지빵_롱소시지 빼로야,341,14.81,,
소세지빵_매콤할라 소시지빵,353,10.72,,
소세지빵_뽀드득그릴소시지,248,7.83,,
소세지빵_소세지빵,260,9.87,,
소세지빵_소시지빵,204,6.25,7.5,28.75
소세지빵_소시지빵(낙엽빵),298,11.7,,
소세지빵_소시지소프트프랑스,315,9.88,19.14,25.31
소세지빵_소시지조리빵,285,10.0,,
소세지빵_스모크 소시지빵,346,12.4,,
소세지빵_스모크소시지빵 할라피뇨,335,12.0,,
소세지빵_오징어깨임,286,10.92,,
소세지빵_추억의소시지빵,262,5.38,,
소세지빵_탱글탱글 뽀드득 소시지,250,10.45,12.69,24.63
소세지빵_탱글탱글뽀드득소시지,265,10.45,,
소세지빵_허니마요 소세지,321,11.0,18.9,26.6
소세지빵_후라잉소시지포테이토,308,9.17,,
소스/드레싱_간편조리세트_오야꼬동 (밥제외),116,8.93,5.54,7.66
소스/드레싱_이디야초콜릿디핑소스,280,2.5,,
소시지 케첩볶음,234,11.6,14.74,13.02
소시지 케첩볶음,127,5.4,9.1,5.84
소시지 케첩볶음,252,11.5,17.08,12.93
소시지 케첩볶음,252,11.5,17.08,12.93
소시지_그릴소시지,220,15.0,,
소시지볶음,236,9.4,14.95,15.9
소시지볶음,280,11.94,19.38,14.41
소시지볶음,118,5.7,7.61,6.78
소시지볶음,136,6.5,8.32,9.04
소시지볶음,133,7.0,8.95,6.17
소시지볶음,132,6.8,8.25,7.75
소시지볶음_채소,134,6.8,8.34,7.71
소시지볶음_채소,134,7.01,8.95,6.15
소시지볶음_채소,138,6.54,8.32,9.03
소시지볶음_채소,119,5.74,7.61,6.78
소시지조림,234,11.9,15.02,12.89
소시지조림,196,11.4,11.1,12.66
소시지조림_어묵,223,10.8,12.86,16.02
소시지튀김,311,13.6,18.41,20.49
소시지튀김,280,12.3,16.61,18.39
소시지튀김,280,12.3,16.61,18.39
소시지튀김,309,13.8,18.67,19.73
소안심스테이크,197,16.6,12.51,2.64
소탕,58,5.1,3.57,1.27
송어 매운탕,54,6.6,1.35,4.03
송편_검정콩,200,6.9,0.8,41.2
송편_깨,224,4.92,2.74,44.96
송편_깨,219,4.65,3.23,42.83
송편_콩,194,5.24,0.75,41.66
송편_팥,200,5.4,0.4,43.6
수란_중탕,145,12.3,11.7,0.2
수박화채,42,1.2,0.87,7.79
수박화채,42,1.2,0.87,7.79
수박화채,42,1.2,0.87,7.79
수박화채,42,1.2,0.87,7.79
수수경단,218,8.2,1.4,43.1
수수밥,122,2.4,0.4,26.0
수수밥,161,3.16,0.92,35.02
수수밥,120,2.21,0.17,26.3
수수밥,118,2.17,0.16,25.82
수수밥,121,2.25,0.17,26.41
수수부꾸미,248,5.73,6.29,42.1
수수팥떡,204,6.7,0.59,43.03
수육_소고기,145,22.3,4.93,1.34
수육_소고기,166,28.43,4.94,2.04
수육_소고기_꼬리,84,6.0,6.27,0.0
수제비,58,2.31,0.52,11.08
수제비_간편조리세트_들깨버섯 수제비,83,2.88,1.34,14.83
수제비_간편조리세트_우삼겹 짬뽕 수제비,110,3.62,4.58,13.51
수제비_간편조리세트_해물 백짬뽕 수제비,79,3.63,2.4,10.76
수제비_감자,88,2.9,0.27,17.65
수제비_감자,88,2.9,0.27,17.65
수제비_김치,67,2.6,0.29,12.81
수제비_김치,67,2.6,0.29,12.81
숙주나물,23,1.7,1.11,2.45
숙주나물,35,2.22,1.58,2.96
숙주나물,10,0.9,0.53,0.82
숙주나물,26,1.7,1.45,2.46
숙주나물,10,0.9,0.53,0.82
숙주나물_미나리,18,1.0,0.99,1.66
숙주나물_미나리,18,1.1,0.85,1.97
숙주나물_미나리,17,1.1,0.9,1.78
숙주나물_미나리,18,1.1,0.84,1.97
숙주나물_숙주,21,1.23,1.3,1.77
숙주나물_숙주,15,1.05,0.74,1.53
숙주나물_숙주,17,1.13,0.96,1.58
숙주나물_숙주_게맛살,28,1.84,0.9,3.71
숙주나물_숙주_채소,19,1.12,0.97,1.89
숙주나물_숙주_채소,15,0.97,0.68,1.66
숙주미나리나물,18,1.04,0.99,1.69
숙주미나리나물,18,1.11,0.85,1.97
숙주미나리나물,17,1.07,0.9,1.79
순 현미밥,129,2.6,0.72,27.59
순대,187,2.75,3.64,35.73
순대,165,5.5,6.55,20.61
순대,181,6.52,8.55,19.45
순대,165,5.5,6.55,20.61
순대,252,9.6,8.91,32.11
순대국,85,2.35,1.75,14.95
순대국,68,5.44,4.13,2.16
순대국,25,2.0,1.28,1.56
순대국,55,2.9,1.82,6.98
순대국,51,2.7,2.83,3.72
순대국,25,2.0,1.28,1.56
순대볶음,150,2.9,3.19,27.39
순대볶음,89,2.89,4.17,10.69
순대볶음,146,5.18,5.33,19.18
순대볶음,100,3.31,4.43,12.34
순대볶음,101,3.16,4.53,12.3
순대볶음_간편조리세트_매콤 깻잎 순대볶음,166,2.89,7.12,22.51
순대볶음_간편조리세트_신림동 백순대볶음,210,4.56,11.98,21.08
순대볶음_간편조리세트_신림동 백순대볶음,150,2.9,4.99,23.43
순대볶음_곱창,115,5.45,4.74,13.19
순대볶음_떡,92,2.74,3.42,13.27
순대볶음_백순대,196,3.62,10.23,22.45
순대볶음_채소,89,1.8,2.71,14.81
순대볶음_채소,100,1.9,2.77,17.25
순대볶음_채소,89,1.8,2.71,14.81
순대볶음_채소,99,2.0,2.67,17.27
순대전골,76,5.61,3.18,6.28
순두부찌개_간편조리세트_강릉식 짬뽕 순두부,42,3.78,1.74,2.78
순두부찌개_간편조리세트_우삼겹 순두부찌개,43,3.54,2.09,2.44
순두부찌개_간편조리세트_우삼겹 순두부찌개,47,3.75,2.16,3.08
순두부찌개_간편조리세트_짬뽕순두부찌개,51,3.82,2.52,3.2
순두부찌개_간편조리세트_해물짬뽕순두부,53,3.31,2.81,3.53
순두부찌개_김치,35,2.98,1.59,2.17
순두부찌개_모듬,25,3.0,0.84,1.36
순두부찌개_배추김치_돼지고기,29,3.55,1.02,1.55
순두부찌개_해물,29,4.09,0.85,1.41
숭어 매운탕,51,6.8,0.87,4.11
스무디_20.6칼로리 슬림 플레인 요거트 스무디,21,1.96,,
스무디_가니 리틀 캐리비안 웨이,56,0.28,,
스무디_고구마 스무디,68,1.13,,
스무디_고구마 프로스트 (L),104,1.51,,
스무디_고구마 프로스트 (R),94,1.37,,
스무디_곡물 스무디,128,1.89,,
스무디_곡성 멜론 스무디,80,0.85,0.64,17.23
스무디_골드망고 스무디,35,0.14,0.05,8.61
스무디_골드키위 썬샤인 스무디 (L),74,0.17,,
스무디_골드키위 썬샤인 스무디 (R),74,0.21,,
스무디_골드키위 썬샤인 스무디 (S),74,0.28,,
스무디_골든펄 돌체 밀크티 스무디,89,0.42,,
스무디_구구쉑,74,1.53,,
스무디_구구쉑 플러스,90,1.67,,
스무디_구슬 민트초코 스무디,92,1.39,,
스무디_구슬 바닐라카페 스무디,73,1.11,,
스무디_구슬 소다 스무디,80,1.11,,
스무디_구슬 솜사탕 스무디,63,0.86,,
스무디_구슬 초코 바닐라 스무디,99,1.67,,
스무디_구슬 피스타치오 스무디,62,1.11,,
스무디_그래놀라요거트프로스트 블루베리 (L),137,2.43,,
스무디_그래놀라요거트프로스트 블루베리 (R),128,2.28,,
스무디_그릭요거트 스트로베리 블루베리 (R),69,1.48,,
스무디_그릭요거트 스트로베리 블루베리 스무디 (L),70,1.52,,
스무디_그릭요거트 스트로베리 블루베리 스무디 (R),69,1.48,,
스무디_그릭요거트 스트로베리 블루베리 스무디 (S),69,1.7,,
스무디_그릭요거트 파인애플 망고 스무디 (L),67,0.34,,
스무디_그릭요거트 파인애플 망고 스무디 (R),67,0.21,,
스무디_그릭요거트 파인애플 망고 스무디 (S),67,0.28,,
스무디_그릭요거트&딸기 밀크티 크러쉬,102,1.27,,
스무디_그릭요거트&망고 밀크티 크러쉬,94,1.9,,
스무디_그릭요거트&밀크티 크러쉬,73,1.69,,
스무디_그린민트 초코 탐앤치노,119,1.22,3.9,19.76
스무디_그린애플 요거트 스무디,84,1.15,,
스무디_그린애플 익스트림 스무디,93,0.0,,
스무디_그린티 그라니따 (R),78,1.84,,
스무디_그린티 밀크 쉐이크,74,1.25,,
스무디_그린티 블렌디모 아이스(ICED),97,1.93,,
스무디_그린티 스노우,97,1.41,,17.51
스무디_그린티 스무디,118,1.96,,
스무디_그린티 스무디 (L),75,1.36,,
스무디_그린티 스무디 (M),70,1.03,,
스무디_그린티 아이스샷,101,1.45,,
스무디_그린티 초코칩 탐앤치노,94,1.49,2.13,17.45
스무디_그린티 탐앤치노,87,0.98,2.2,15.85
스무디_그린티 프라노베,70,1.61,,
스무디_그린티 프라페,93,2.25,,
스무디_그린티 프라페,108,1.44,,
스무디_그린티 프라페 (Grande),86,1.25,,
스무디_그린티 프라페 (L),72,0.87,,
스무디_그린티 프라페 (Mini Venti),68,1.05,,
스무디_그린티 프라페 (R),56,0.75,,
스무디_그린티 프라페 (Tall),94,1.39,,
스무디_그린티 프라페 (Venti),67,0.97,,
스무디_그린티 할리치노,79,1.69,,
스무디_그린티프라페,88,1.15,3.15,16.31
스무디_글라디에이터 스트로베리 바나나 스무디 (L),68,6.43,,
스무디_글라디에이터 스트로베리 바나나 스무디 (R),68,6.55,,
스무디_글라디에이터 스트로베리 바나나 스무디 (S),69,6.5,,
스무디_글라디에이터 파인애플 망고 스무디 (L),82,5.75,,
스무디_글라디에이터 파인애플 망고 스무디 (R),82,5.71,,
스무디_글라디에이터 파인애플 망고 스무디 (S),82,5.93,,
스무디_깔라만시 프로스트 (L),91,1.17,,
스무디_깔라만시 프로스트 (R),79,1.06,,
스무디_꿀 애플망고 스무디 (L),79,0.19,,
스무디_꿀 애플망고 스무디 (R),79,0.19,,
스무디_꿀배 쿨러시,64,0.08,,
스무디_꿀복숭아 스무디 (R),71,0.13,0.0,
스무디_꿀복숭아 플랫치노,54,0.0,,
스무디_꿀수박 스무디 (R),57,0.54,0.01,
스무디_꿀호떡 in절미 프라페,91,1.46,,
스무디_납작 복숭아 그라니따,71,0.44,,
스무디_납작복숭아 블루밍 크러쉬,69,0.85,,
스무디_납작복숭아 타르트 크러쉬,109,0.85,,
스무디_낭만 달고나 카페프라페,125,1.25,,
스무디_낭만 달고나 프라페,125,1.25,,
스무디_넛츠 프라노베,88,1.39,,
스무디_녹차 루비치노,60,1.38,,
스무디_녹차 리터치노 아이스(ICED) (L),84,1.16,,14.9
스무디_녹차 리터치노 아이스(ICED) (ML),83,1.27,,14.93
스무디_녹차 바나치노,89,1.5,,16.33
스무디_녹차 빽스치노,77,1.41,,
스무디_녹차 빽스치노 소프트,106,1.83,,
스무디_녹차 프라페,99,0.86,2.64,17.9
스무디_녹차 프라페,71,1.55,1.74,12.3
스무디_꿀배 스무디,64,0.09,,
스무디_녹차 프로스트 (L),94,1.52,,
스무디_녹차 프로스트 (R),90,1.37,,
스무디_녹차 플랫치노,69,1.01,,
스무디_녹차바나치노,89,1.5,1.93,16.33
스무디_다크쇼콜라 프라노베,96,2.5,,
스무디_다크초코칩 할리치노,154,1.98,,
스무디_달고나 스무디 (XL),56,1.06,,
스무디_달고나 크런치 프라노베,79,1.0,,
스무디_달달녹차프라푸치노,87,1.38,,
스무디_더블 에스프레소 칩 프라푸치노 (Tall),75,1.13,,
스무디_더블 토피넛 위드샷 아이스(ICED),109,1.45,,
스무디_더블 토피넛 위드샷 핫(HOT),120,1.93,,
스무디_더블자바칩 프라페 (L),87,1.7,,11.5
스무디_더블자바칩 프라페 (ML),95,1.83,,12.25
스무디_더블초코 리터치노 아이스(ICED) (L),80,1.06,,13.0
스무디_더블초코 리터치노 아이스(ICED) (ML),68,0.99,,10.85
스무디_데일리오트바나나 프라페 (L),86,0.85,,
스무디_데일리오트바나나 프라페 (Max),77,0.85,,
스무디_데일리오트바나나 프라페 (R),75,0.72,,
스무디_돌체 크러쉬 위드 샷,105,0.63,,
스무디_디카페인 에스프레소 쉐이크,83,0.85,,
스무디_딥초콜릿 블렌디드,107,1.27,4.11,
스무디_딸기 그라니따,76,0.0,,
스무디_딸기 돼지쉑,87,1.25,,
스무디_딸기 딜라이트 요거트 블렌디드 (Tall),104,2.54,,
스무디_딸기 리얼요거트 프라페노 (L),68,1.11,,
스무디_딸기 리얼요거트 프라페노 (R),67,1.11,,
스무디_딸기 말차 쉐이크,99,3.31,,
스무디_딸기 망고 스무벨라,249,0.31,,
스무디_딸기 밀크 쉐이크,92,1.53,,
스무디_딸기 밀크 쉐이크,105,1.02,,
스무디_딸기 밀크 쉐이크,102,1.0,,
스무디_딸기 복숭아 스무디,35,0.0,0.0,8.88
스무디_딸기 빽스치노,68,1.13,,
스무디_딸기 빽스치노 소프트,97,1.41,,
스무디_딸기 뿅뿅 프라노베,219,1.79,,
스무디_딸기 쉐이크,110,1.45,,
스무디_딸기 쉐이크,100,0.85,,
스무디_딸기 쉐이크 (R),114,1.53,,
스무디_딸기 쉐이크 (더벤티),95,0.94,,
스무디_딸기 스노우,62,0.22,,15.22
스무디_딸기 스무디,65,0.66,1.47,12.2
스무디_딸기 스무디,74,0.96,,
스무디_딸기 스무디,43,0.24,,10.24
스무디_딸기 스무디,88,0.92,1.23,18.21
스무디_딸기 스무디,70,0.57,,
스무디_딸기 스무디 (L),52,0.83,,
스무디_딸기 스무디 (L),74,1.05,,
스무디_딸기 스무디 (M),73,0.86,,
스무디_딸기 스무디 (R),58,0.6,,
스무디_딸기 스무벨라,71,0.0,,
스무디_딸기 요거 프라노베,59,1.36,,
스무디_딸기 요거스 (L),64,0.9,0.0,12.4
스무디_딸기 요거스 (ML),71,0.99,0.0,14.08
스무디_딸기 요거스 아이스(ICED) (L),69,0.95,,13.53
스무디_딸기 요거스 아이스(ICED) (ML),71,0.99,,14.23
스무디_딸기 요거트 드롭치노,91,1.46,0.68,
스무디_딸기 요거트 드링크,63,1.54,,10.0
스무디_딸기 요거트 블렌디드,84,0.91,,
스무디_딸기 요거트 블렌디드 (L),82,0.93,,
스무디_딸기 요거트 블렌디드 (R),82,0.94,,
스무디_딸기 요거트 쉐이크,134,1.36,,
스무디_딸기 요거트 스무디,75,1.57,,
스무디_딸기 요거트 스무디,104,1.67,,
스무디_딸기 요거트 스무디,63,1.13,,
스무디_딸기 요거트 스무디,74,1.57,,
스무디_딸기 요거트 스무디,50,1.17,,
스무디_딸기 요거트 스무디,83,1.61,,
스무디_딸기 요거트 스무디,66,1.02,0.8,13.65
스무디_딸기 요거트 스무디,79,1.29,,
스무디_딸기 요거트 스무디,81,0.33,,
스무디_딸기 요거트 스무디,59,0.49,,13.9
스무디_딸기 요거트 스무디,106,1.97,,
스무디_딸기 요거트 스무디 (Grande),98,1.25,,
스무디_딸기 요거트 스무디 (Mini Venti),98,1.23,,
스무디_딸기 요거트 스무디 (Tall),107,1.39,,
스무디_딸기 요거트 스무디 (Venti),87,0.97,,
스무디_딸기 요거트 스무디 (더벤티),78,0.21,,
스무디_딸기 요거트 프로스트 (L),84,1.23,,
스무디_딸기 요거트 프로스트 (R),76,1.13,,
스무디_딸기 요거트 플랫치노,76,1.69,,
스무디_딸기 유자 소르베,77,0.08,,
스무디_딸기 유자 스무디,77,0.09,,
스무디_딸기 젤라또 프라페노 (R),94,0.83,,
스무디_딸기 쥬얼리 요구르트 크러쉬,81,0.42,,
스무디_딸기 초코칩 프라페,134,0.68,,
스무디_딸기 치즈 블렌디드,98,1.93,,
스무디_딸기 치즈케이크 할리치노,117,1.41,,
스무디_딸기 치즈케익 할리치노,89,1.41,,
스무디_딸기 코코 스무디,98,2.2,,19.31
스무디_딸기 쿠키 스무디,132,0.85,,
스무디_딸기 쿠키 스무디 (XL),103,1.21,,
스무디_딸기 쿠키 아이스크림 프라페,116,1.19,,
스무디_딸기 퐁크러쉬,91,1.84,1.98,16.41
스무디_딸기 프라페,162,1.48,,
스무디_딸기 프로스트 (L),89,1.42,,
스무디_딸기 프로스트 (R),74,1.25,,
스무디_딸기돼지쉑,102,2.03,,
스무디_딸기두근 프렌치바닐라 블렌디드,72,0.51,,
스무디_딸기바나나 빽스치노,70,1.13,,
스무디_딸기바나나 빽스치노 소프트,96,1.55,,
스무디_딸기바나나요거트,77,1.26,,
스무디_딸기복숭아 스무디,34,0.15,0.0,8.3
스무디_딸기사과 젤리 크러쉬,66,0.07,,
스무디_딸기스노우 프라페,87,1.02,,
스무디_딸기스무디,88,0.92,,18.22
스무디_딸기스무디,101,0.71,0.95,22.03
스무디_딸기요거 스무디,101,1.86,,
스무디_딸기요거트,76,1.14,,
스무디_딸기요거트 스무디,50,1.17,,
스무디_딸기요거트 스무디,72,1.28,,
스무디_딸기요거트 스무디,68,1.08,,
스무디_딸기요거트 스무디 (L),93,0.87,,
스무디_딸기요거트 스무디 (R),83,1.2,,
스무디_딸기요거트스무디,75,0.86,1.4,14.55
스무디_딸기요구르트 스무디,41,0.0,,
스무디_딸기치즈 프라페,116,1.52,5.49,15.22
스무디_딸기치즈 프로스트 (L),117,1.61,,
스무디_딸기치즈 프로스트 (R),98,1.43,,
스무디_딸기쿠키 쉐이크,104,1.21,,
스무디_딸기쿠키 요프치노,94,2.22,,
스무디_딸기쿠키 프라페,171,1.68,5.34,28.95
스무디_딸기쿠키 프라페,97,1.18,3.1,16.19
스무디_딸기크림 프라페,96,1.26,,
스무디_딸기크림쿠키 프라페,126,2.03,,
스무디_딸기크림프라푸치노,86,0.89,,
스무디_딸기퐁 크러쉬,91,1.84,,
스무디_딸기피치 요거스무디,111,1.86,,
스무디_딸기피치요거 스무디,111,1.86,,
스무디_딸기한라봉 스무디,66,0.0,,
스무디_라니 리틀 골드키위 썬샤인 스무디,68,0.28,,
스무디_라이스 쉐이크,110,1.06,,
스무디_라이트 슬림 망고 요거트 스무디 노슈거 (Venti),20,1.32,,
스무디_라임자몽 크러쉬,12,0.05,,
스무디_라임포도 크러쉬,32,0.15,,
스무디_레드멜론 팝핑 그라니따 (L),89,1.3,,
스무디_레드멜론 팝핑 그라니따 (R),90,1.54,,
스무디_레드멜론 팝핑 그라니따 (V),86,1.28,,
스무디_레드자몽 스무디,59,0.21,,
스무디_레드자몽 쿨러시,61,0.08,,
스무디_레몬 구아바 크러시,38,0.11,,
스무디_레몬 딸기 스무디,46,0.05,0.0,11.57
스무디_레몬 요거트 스무디,78,1.53,,14.32
스무디_레몬 요거트 스무디,105,2.25,,
스무디_레몬 요거트 스무디,81,3.33,,
스무디_레몬 요거트 스무디 (Grande),106,1.25,,
스무디_레몬 요거트 스무디 (Mini Venti),89,1.05,,
스무디_레몬 요거트 스무디 (Tall),106,1.39,,
스무디_레몬 요거트 스무디 (Venti),88,0.97,,
스무디_레몬 요구르트 스무디,74,0.42,,
스무디_레몬 팝핑 스무디,77,0.0,,
스무디_레몬요거트 스무디,78,1.53,1.58,14.31
스무디_레몬트위스트 스트로베리 스무디 (L),71,0.17,,
스무디_레몬트위스트 스트로베리 스무디 (R),71,0.21,,
스무디_레몬트위스트 스트로베리 스무디 (S),71,0.28,,
스무디_레트로커피 프라페 (L),64,1.2,,10.2
스무디_레트로커피 프라페 (ML),66,1.27,,10.42
스무디_로기 리틀 스트로베리 익스크림 스무디,54,0.28,,
스무디_로기 리틀 스트로베리 익스트림 스무디,54,0.28,,
스무디_로투스 비스코프 스노우,116,1.69,,18.16
스무디_리얼 과일스무디 딸기바나나,66,1.97,,
스무디_리얼 과일스무디 망고,66,1.97,,
스무디_리얼 딸기 쉐이크 (R),65,0.77,,
스무디_리얼 딸바 스무디 (Grande),61,1.04,,
스무디_리얼 딸바 스무디 (Mini Venti),55,0.88,,
스무디_리얼 딸바 스무디 (Tall),68,1.39,,
스무디_리얼 딸바 스무디 (Venti),47,0.83,,
스무디_리얼 망고 스무디,62,0.09,,
스무디_리얼 망고 스무디 (Grande),61,1.04,,
스무디_리얼 망고 스무디 (Mini Venti),55,1.05,,
스무디_리얼 망고 스무디 (Tall),68,1.39,,
스무디_리얼 망고 스무디 (Venti),47,0.83,,
스무디_리얼 배 스무디,67,0.09,,
스무디_리얼 복숭아 스무디,67,0.09,,
스무디_리얼 블루베리 쉐이크 (R),65,0.68,,
스무디_리얼 초코 밀크 쉐이크,66,1.38,,
스무디_리얼 초코 블렌디드,78,1.27,,12.11
스무디_리얼 초코 쉐이크,78,1.35,,
스무디_리얼 초코 프라페,89,1.67,,
스무디_리얼 초코쿠키 쉐이크,72,1.4,,
스무디_리얼 쿠앤크 쉐이크 (R),101,0.97,,
스무디_리얼초코 프라페,111,1.27,3.06,19.58
스무디_리얼초코 프라페,113,2.03,,
스무디_리얼초코자바칩프라페,97,1.31,4.21,12.42
스무디_린1 다크초코 스무디 (L),50,2.2,,
스무디_린1 다크초코 스무디 (R),50,2.11,,
스무디_린1 다크초코 스무디 (S),50,2.26,,
스무디_린1 스트로베리 스무디 (L),47,2.2,,
스무디_린1 스트로베리 스무디 (R),47,2.11,,
스무디_린1 스트로베리 스무디 (S),47,2.26,,
스무디_말차 밀크 프라페,103,1.95,,
스무디_말차 쿠키 아이스크림 프라페,125,1.59,,
스무디_말차 프라페,80,0.33,,
스무디_말차 프라페 (L),73,1.4,,11.8
스무디_말차 프라페 (ML),81,1.55,,12.53
스무디_말차 프라페 (더벤티),92,0.42,,
스무디_말차초코칩 프라페,150,0.85,,
스무디_망고 바나나 블렌디드 (Grande),57,0.85,,
스무디_망고 바나나 스무디,50,0.19,,
스무디_망고 바나나 프라페,50,0.19,,
스무디_망고 버블 프로스트 (L),135,1.04,,
스무디_망고 버블 프로스트 (R),94,0.65,,
스무디_망고 스노우,71,0.0,,17.4
스무디_망고 스무디,69,0.24,,16.83
스무디_망고 스무디,88,0.21,,
스무디_망고 스무디,54,0.19,0.03,13.7
스무디_망고 스무디,58,0.75,0.7,12.2
스무디_망고 스무디 (L),93,0.0,,
스무디_망고 스무디 (L),70,0.0,,
스무디_망고 스무디 (M),94,0.0,,
스무디_망고 스무디 (R),93,0.0,,
스무디_망고 스무벨라,64,0.0,,
스무디_망고 아이스 블렌디드,77,0.28,,
스무디_망고 요거스 아이스(ICED) (L),70,0.95,,13.95
스무디_망고 요거스 아이스(ICED) (ML),73,0.99,,14.65
스무디_망고 요거트 그라니따,73,0.68,,
스무디_망고 요거트 그라니따 (R),73,0.68,,
스무디_망고 요거트 쉐이크,134,1.36,,
스무디_망고 요거트 스무디,71,1.48,,
스무디_망고 요거트 스무디,73,0.49,,17.8
스무디_망고 요거트 스무디,97,1.67,,
스무디_망고 요거트 스무디,80,0.33,,
스무디_망고 요거트 스무디,79,1.06,,
스무디_망고 요거트 스무디,62,1.02,0.85,12.54
스무디_망고 요거트 스무디 (더벤티),78,0.31,,
스무디_망고 요거트 코코 스무디,110,1.65,,
스무디_망고 요거트 프로스트 (L),85,1.23,,
스무디_망고 요거트 프로스트 (R),77,1.13,,
스무디_망고 치즈 블렌디드,72,0.15,,
스무디_망고 패션 프루트 블렌디드 (Tall),34,0.28,,
스무디_망고 페스티벌 스무디 (L),54,0.51,,
스무디_망고 페스티벌 스무디 (R),53,0.42,,
스무디_망고 페스티벌 스무디 (S),54,0.57,,
스무디_망고 포도 스무벨라,41,0.0,,
스무디_망고 프라페 (L),106,0.21,,
스무디_망고 프라페 (Max),94,0.17,,
스무디_망고 프라페 (R),94,0.24,,
스무디_망고 프로스트 (L),92,1.42,,
스무디_망고 프로스트 (R),85,1.27,,
스무디_망고 플랫치노,62,0.0,,
스무디_망고바나나요거트,83,1.29,,
스무디_망고스무디,92,0.71,0.95,20.14
스무디_망고요거트,84,1.53,,
스무디_망고요거트 스무디,101,1.5,1.58,19.9
스무디_망고요거트 스무디,71,1.48,,
스무디_망고요거트 스무디,63,1.05,,
스무디_망고요거트스무디,79,0.88,1.4,14.65
스무디_망고젤리 밀크 쉐이크,85,1.25,,
스무디_망고젤리 바닐라 아이스크림,44,0.28,,
스무디_망고패션 크러쉬,60,0.17,,
스무디_망고패션 크러쉬 (더벤티),71,0.1,,
스무디_메로미 스무디,151,1.6,,
스무디_메론 밀크 쉐이크,66,1.38,,
스무디_메론 쉐이크,64,1.46,1.61,10.84
스무디_메론 요거트 스무디,81,3.33,,
스무디_메론 치즈 프라페,191,5.28,,
스무디_메론 팝핑 스무디,68,4.89,,
스무디_메리뉴욕,182,4.17,,
스무디_메리더블 초코쉘,205,2.93,,
스무디_메리딸기,107,1.39,,
스무디_메리딸기 초코 브라우니,151,1.67,,
스무디_메리딸기 초코쉘,154,1.89,,
스무디_메리딸기 치즈큐브,147,2.05,,
스무디_메리마카롱 딸기,147,2.25,,
스무디_메리마카롱 소다,115,1.39,,
스무디_메리마카롱 솜사탕,114,1.39,,
스무디_메리마카롱 초코,164,2.22,,
스무디_메리마카롱 피스타치오,111,3.28,,
스무디_메리망고,116,1.39,,
스무디_메리베리,164,2.22,,
스무디_메리초코,164,2.22,,
스무디_메리치즈,148,2.22,,
스무디_메리치즈 초코쉘,244,3.59,,
스무디_메리트리,155,3.33,,
스무디_메리피치,145,1.36,,
스무디_멜론 쉐이크 (L),66,1.06,,10.89
스무디_멜론 쉐이크 (ML),66,1.13,,11.41
스무디_모카 브라우니 그라니따 (R),106,1.16,,
스무디_모카 블렌디모 아이스(ICED),83,1.54,,
스무디_모카 프라노베,102,1.47,,
스무디_모카 프라페,80,1.13,,
스무디_모카 프라페,97,1.49,4.75,12.1
스무디_모카 프라페 (Grande),88,1.04,,
스무디_모카 프라페 (Mini Venti),85,0.88,,
스무디_모카 프라페 (R),66,1.08,,
스무디_모카 프라페 (Tall),79,0.83,,
스무디_모카 프라페 (Venti),78,0.83,,
스무디_모카 프라푸치노 (Tall),79,1.41,,
스무디_모카 프로스트 (L),127,1.38,,
스무디_모카 프로스트 (R),115,1.21,,
스무디_모카 플랫치노,53,0.55,,
스무디_모카자바칩프라페,94,1.05,3.87,12.5
스무디_모카칩커피 프라페 (L),125,2.11,,
스무디_모카칩커피 프라페 (Max),119,2.03,,
스무디_모카칩커피 프라페 (R),116,1.93,,
스무디_무안 군고구마 프라페 (L),54,1.0,0.0,10.8
스무디_무안 군고구마 프라페 (ML),56,0.99,0.0,11.12
스무디_미니펄 딸기 크러쉬,103,0.42,,
스무디_미니펄 망고 크러쉬,90,0.21,,
스무디_믹스베리 요거트 프로스트 (L),85,1.05,,
스무디_믹스베리 요거트 프로스트 (R),77,0.96,,
스무디_믹스베리 프로스트 (L),91,1.04,,
스무디_모카 프라페 (L),91,1.4,,
스무디_믹스베리 프로스트 (R),84,0.91,,
스무디_민트 블렌디드,76,1.08,,
스무디_민트 초코 프라페,112,1.57,,
스무디_민트 초코 프라페,114,1.57,,
스무디_민트 초코 프라페 (Grande),95,1.67,,
스무디_민트 초코 프라페 (Mini Venti),90,1.58,,
스무디_민트 초코 프라페 (Tall),106,1.95,,
스무디_민트 초코 프라페 (Venti),74,1.25,,
스무디_민트 초코칩 블렌디드,80,1.93,,
스무디_민트 초코칩 할리치노,124,1.98,,
스무디_민트 초콜릿 블렌디드 (L),61,1.27,,
스무디_민트 초콜릿 블렌디드 (R),61,1.25,,
스무디_민트 초콜릿 칩 블렌디드 (Tall),128,2.54,,
스무디_민트 초콜릿 칩 플랫치노,119,1.69,,
스무디_민트 프라페,91,0.97,4.74,11.0
스무디_민트 프라페,105,1.0,3.28,17.87
스무디_민트모카 블렌디모 아이스(ICED),70,1.43,,
스무디_민트초코 루비치노,71,1.19,,
스무디_민트초코 빽스치노,85,1.69,,
스무디_민트초코 빽스치노 소프트,114,2.11,,
스무디_민트초코 스노우,97,0.95,,17.65
스무디_민트초코 스무디 (L),77,1.45,,
스무디_민트초코 스무디 (M),85,1.37,,
스무디_민트초코 프라페,108,1.48,,
스무디_민트초코 프라페,105,2.54,,
스무디_민트초코 프라페 (L),80,1.0,,11.7
스무디_민트초코 프라페 (L),132,2.33,,
스무디_민트초코 프라페 (ML),89,1.13,,12.53
스무디_민트초코 프라페 (Max),120,2.2,,
스무디_민트초코 프라페 (R),116,2.17,,
스무디_민트초코오레오프라페,93,1.15,3.38,11.28
스무디_민트초코칩 블렌디모 아이스(ICED),104,1.65,,
스무디_민트초코칩 요프치노,97,1.11,,
스무디_민트초코칩 프라페,100,0.33,,
스무디_민트초코칩 프라페 (더벤티),95,0.31,,
스무디_민트초코프라푸치노,90,1.33,,
스무디_민트초콜릿칩 프라페 (L),99,1.36,,
스무디_민트초콜릿칩 프라페 (R),99,1.35,,
스무디_민트쿠키 프라페,128,1.69,,
스무디_민트쿠키스무디 (XL),69,1.21,,
스무디_밀크 쉐이크,81,0.83,,
스무디_밀크 쉐이크,85,0.98,,
스무디_밀크 쉐이크,75,1.69,,
스무디_밀크 쉐이크,82,0.96,,
스무디_밀크 쉐이크,112,0.85,,
스무디_밀크 쉐이크,83,1.82,3.37,11.26
스무디_밀크 쉐이크 (L),75,0.95,,9.94
스무디_밀크 쉐이크 (ML),77,0.99,,10.56
스무디_밀크 쉐이크 (R),101,1.5,,
스무디_밀크 쉐이크 (더벤티),80,1.04,,
스무디_밀크 쿠앤크 스무디,105,0.42,,
스무디_밀크 프라페 (L),65,1.0,,10.1
스무디_밀크 프라페 (ML),67,0.99,,10.42
스무디_밀크쉐이크,151,2.34,,
스무디_밀키 쉐이크,94,1.18,,
스무디_바나나 밀크 쉐이크,54,0.99,,
스무디_바나나 아일랜드 (S),46,1.13,,
스무디_바나나 아일랜드 스무디 (L),46,1.18,,
스무디_바나나 아일랜드 스무디 (R),46,1.06,,
스무디_바나나 아일랜드 스무디 (S),46,1.13,,
스무디_바나나 요거트 스무디,106,1.67,,
스무디_바나나 초코칩 프라페,108,1.52,,
스무디_바나나 초코칩 프라페,121,1.52,,
스무디_바나나 커피 쉐이크,54,0.99,,
스무디_바나나 팔핑 스무디,34,0.16,,
스무디_바나나 퐁 프라페,113,1.68,,
스무디_바나나 퐁크러쉬,100,1.83,1.2,20.56
스무디_바나나퐁 크러쉬,100,1.83,,
스무디_바나나프로틴쉐이크,81,5.0,,
스무디_바닐라 쉐이크,88,2.27,2.57,13.93
스무디_바닐라 아이스 블렌디드 (L),93,1.9,,
스무디_바닐라 아이스 블렌디드 (R),101,1.97,,
스무디_바닐라 크림 프라푸치노 (Tall),56,1.13,,
스무디_바닐라 탐앤치노,87,0.98,2.44,15.37
스무디_바닐라 퐁 프라페,103,1.18,,
스무디_바닐라 프라페 (R),79,0.73,,
스무디_바닐라밀크쉐이크 (R),114,5.8,,
스무디_바닐라빈 밀크 블렌디드 (L),113,1.59,,
스무디_바닐라빈 밀크 블렌디드 (R),113,1.59,,
스무디_바닐라빈 프라페 (L),74,1.1,,11.6
스무디_바닐라빈 프라페 (ML),82,1.13,,12.25
스무디_발로나 민트 초코 프라페,102,1.18,,
스무디_밤 카라멜 리터치노 아이스(ICED) (L),89,1.27,,13.64
스무디_밤 카라멜 리터치노 아이스(ICED) (ML),92,1.27,,14.08
스무디_배 슬러피 아이스(ICED) (L),78,0.0,,17.86
스무디_배 슬러피 아이스(ICED) (ML),64,0.0,,14.23
스무디_배꿀 스무디,81,1.33,,
스무디_버터스카치폼 에스프레소 블렌디드,93,0.49,,
스무디_베리 바나나 프로틴 쉐이크,67,2.74,0.39,
스무디_베리 캐롯 스무디 (L),44,1.02,,
스무디_베리 캐롯 스무디 (R),44,0.85,,
스무디_베리 캐롯 스무디 (S),44,0.85,,
스무디_베리베리 스무디 (L),61,0.34,,
스무디_베리베리 스무디 (R),61,0.21,,
스무디_베리베리 스무디 (S),61,0.28,,
스무디_베리베리 스무벨라,69,0.25,,
스무디_보라포 스무디,334,0.0,,
스무디_복숭아 그라니따 (R),70,0.46,,
스무디_복숭아 발그레 스무디,98,0.56,,
스무디_복숭아 스무디,49,0.08,,
스무디_복숭아 스무디 (L),64,0.1,,
스무디_복숭아 스무디 (R),63,0.1,,
스무디_복숭아 애플망고 스무디,59,0.72,,
스무디_복숭아 요거스 아이스(ICED) (L),69,0.95,,13.53
스무디_복숭아 요거스 아이스(ICED) (ML),71,0.99,,14.23
스무디_복숭아 요거스무디,105,1.86,,
스무디_복숭아 요거트 드링크,67,1.64,,10.56
스무디_복숭아 요거트 스무디,105,1.67,,
스무디_복숭아요거 스무디,105,1.86,,
스무디_봄 딸기 초코쉘 요거트 블렌디드,123,1.86,,
스무디_브라운 슈가 쥬얼리 치즈폼 스무디 아이스(ICED),97,0.42,,
스무디_브라운슈가 쥬얼리 치즈폼 스무디,129,0.42,,
스무디_브이브이 찰떡이브이,104,1.24,,
버거_캡새 버거,268,7.22,,
스무디_블루베리 리얼요거트 프라페노 (L),76,0.89,,
스무디_블루베리 리얼요거트 프라페노 (R),68,0.83,,
스무디_블루베리 버블 프로스트 (L),137,1.06,,
스무디_블루베리 버블 프로스트 (R),96,0.65,,
스무디_블루베리 스노우,65,1.03,,13.02
스무디_블루베리 스무디 (L),83,1.07,,
스무디_블루베리 스무디 (L),61,0.64,,
스무디_블루베리 스무디 (M),73,0.9,,
스무디_블루베리 스무디 (R),57,0.6,,
스무디_블루베리 요거 프라노베,59,1.36,,
스무디_블루베리 요거스 (L),63,0.9,0.0,12.2
스무디_블루베리 요거스 (ML),70,0.99,0.0,13.94
스무디_블루베리 요거스 아이스(ICED) (L),69,0.95,,13.74
스무디_블루베리 요거스 아이스(ICED) (ML),72,0.99,,14.37
스무디_블루베리 요거스무디,89,2.03,,
스무디_블루베리 요거트 그라니따,86,1.67,,
스무디_블루베리 요거트 그라니따 (R),86,1.67,,
스무디_블루베리 요거트 블렌디드 (L),86,1.59,,
스무디_블루베리 요거트 블렌디드 (R),86,1.59,,
스무디_블루베리 요거트 쉐이크,133,1.17,,
스무디_블루베리 요거트 스무디,77,1.61,,
스무디_블루베리 요거트 스무디,61,1.2,,
스무디_블루베리 요거트 스무디,100,1.97,,
스무디_블루베리 요거트 스무디,75,1.61,,
스무디_블루베리 요거트 스무디,36,0.48,,
스무디_블루베리 요거트 스무디,64,0.49,0.49,14.39
스무디_블루베리 요거트 스무디,68,1.41,,
스무디_블루베리 요거트 스무디,103,1.39,,
스무디_블루베리 요거트 스무디,83,0.33,,
스무디_블루베리 요거트 스무디,88,1.18,,
스무디_블루베리 요거트 스무디,96,1.71,,
스무디_블루베리 요거트 스무디 (Grande),90,1.25,,
스무디_블루베리 요거트 스무디 (Mini Venti),90,1.05,,
스무디_블루베리 요거트 스무디 (Tall),101,1.39,,
스무디_블루베리 요거트 스무디 (Venti),80,0.97,,
스무디_블루베리 요거트 스무디 (더벤티),80,0.31,,
스무디_블루베리 요거트 플랫치노,72,1.69,,
스무디_블루베리 치즈 프라페,141,1.95,,
스무디_블루베리 치즈프라페,141,1.94,,
스무디_블루베리스무디,89,0.71,0.95,19.05
스무디_블루베리요거 스무디,89,2.03,,
스무디_블루베리요거트,85,1.13,,
스무디_블루베리요거트 스무디,36,0.48,,
스무디_블루베리요거트 스무디 (L),137,1.03,,
스무디_블루베리요거트 스무디 (R),82,1.2,,
스무디_블루베리요거트스무디,76,0.86,1.4,14.86
스무디_비빙 스무디,95,2.33,,
스무디_빤짝핑 망고 밀크 쉐이크,55,0.8,2.37,7.58
스무디_뽕소다 스무디,288,0.0,,
스무디_사과 요거트 스무디,71,1.48,,
스무디_사과요거트 스무디,71,1.48,,
스무디_살구 요거스 (L),65,0.9,0.0,12.6
스무디_살구 요거스 (ML),73,0.99,0.0,14.36
스무디_삼라봉 요거트 스무디,77,0.17,,
스무디_삼삼 한라봉 스무디 (L),55,0.34,,
스무디_삼삼 한라봉 스무디 (R),55,0.21,,
스무디_삼삼 한라봉 스무디 (S),55,0.28,,
스무디_생딸기 그래놀라 요거트 스무디,77,1.93,,
스무디_샤인 머스캣 그라니따,76,0.44,,
스무디_샤인 머스캣 스무디,75,0.0,,
스무디_샤인망고 요거트 스무디,80,1.2,,
스무디_샤인머스캣 블렌디드,61,0.0,,
스무디_샤인머스캣 스무디,50,0.0,,
스무디_샤인머스캣 스무디 저당,46,0.0,,
스무디_샤인머스캣 요거트 스노우,80,1.16,,16.74
스무디_샤인머스켓 그라니따 (R),86,0.22,,
스무디_석류 콜라겐 요거트스무디,84,1.49,1.28,16.81
스무디_성주참외꿀 스무디,63,1.43,,
스무디_소다 쉐이크 (L),65,0.74,,11.73
스무디_소다 쉐이크 (ML),65,0.85,,12.39
스무디_소다 프라페 (L),59,0.7,0.0,11.9
스무디_소다 프라페 (ML),61,0.85,0.0,12.25
스무디_솔티드 카라멜 밀크 쉐이크,107,0.96,,
스무디_솔티카라멜 밀크 쉐이크,110,0.98,,
스무디_바닐라 프라페 (L),82,0.89,,
스무디_솜사탕 딸기 밀크 쉐이크,82,1.13,,
스무디_솜사탕 팝핑 스무디,107,0.1,,
스무디_수박 달달 스무디,79,0.32,,
스무디_수박 메론 스무디,63,1.73,,
스무디_수박 슬러피 아이스(ICED) (L),98,0.11,,23.78
스무디_수박 슬러피 아이스(ICED) (ML),88,0.14,,20.99
스무디_수박그라니따 (R),53,0.23,,
스무디_순수 치즈 프라페,127,2.22,,
스무디_슈크림허니퐁 크러쉬,96,1.98,,
스무디_스트로베리 그라니따 (R),69,0.67,,
스무디_스트로베리 요거트 그라니따,86,1.67,,
스무디_스트로베리 요거트 그라니따 (R),86,1.67,,
스무디_스트로베리 요거트 블렌디드 (L),61,1.06,,
스무디_스트로베리 요거트 블렌디드 (R),61,1.13,,
스무디_스트로베리 익스트림 스무디 (L),58,0.17,,
스무디_스트로베리 치즈프라페,142,2.22,,
스무디_스트로베리 치즈홀릭,96,1.3,3.05,15.79
스무디_스트로베리 크림 스무디,162,1.41,,
스무디_스트로베리 키스 스무디 (R),48,1.27,,
스무디_스트로베리 키스 스무디 (S),49,1.41,,
스무디_스트로베리초콜릿 프라페 (L),130,2.96,,
스무디_스트로베리초콜릿 프라페 (Max),122,2.71,,
스무디_스트로베리초콜릿 프라페 (R),116,2.66,,
스무디_스트로베리치즈홀릭,85,1.17,,
스무디_스트로베리피치 프라페 (L),68,1.06,,
스무디_스트로베리피치 프라페 (R),57,0.97,,
스무디_스트류베리 스무디,242,0.89,,
스무디_슬림 깔라만시 스무디,19,0.04,,
스무디_슬림 깔라만시 요거트 스무디,28,1.31,,
스무디_슬림 딸기 요거트 스무디,26,2.28,,
스무디_슬림 망고 스무디,29,0.13,,
스무디_슬림 망고 요거트 스무디,29,1.72,,
스무디_슬림 청포도 스무디,27,0.05,,
스무디_슬림 플레인요거트 스무디 (Venti),21,1.96,,
스무디_슬림앤슬림 다크초코 (L),45,1.02,,
스무디_슬림앤슬림 다크초코 스무디 (L),45,1.02,,
스무디_스트로베리 키스 스무디 (L),49,1.35,,
스무디_슬림앤슬림 다크초코 스무디 (R),44,1.06,,
스무디_슬림앤슬림 다크초코 스무디 (S),45,1.13,,
스무디_슬림앤슬림 스트로베리 스무디 (L),37,1.02,,
스무디_슬림앤슬림 스트로베리 스무디 (R),36,1.06,,
스무디_슬림앤슬림 스트로베리 스무디 (S),36,1.13,,
스무디_시나몬 진저 블렌디드,85,1.27,,11.97
스무디_시칠리아 레몬 그라니따,66,0.46,,
스무디_씨솔트 카라멜 블렌디드,93,0.85,,13.94
스무디_아이스 블루베리 요거트 블렌디드,75,1.39,0.57,
스무디_아이스크러시 멜론,49,0.07,,
스무디_아임파인,51,0.45,0.01,12.37
스무디_애플 키위 케일 스무디 (L),48,0.34,,
스무디_애플 키위 케일 스무디 (R),48,0.42,,
스무디_애플 키위 케일 스무디 (S),48,0.28,,
스무디_애플망고 샹그리아 소르베,59,0.11,,
스무디_애플망고 스무디,48,0.0,,
스무디_애플망고 스무디,73,0.28,,
스무디_애플망고 스무디,63,0.0,,
스무디_애플망고 스무디 저당,40,0.0,,
스무디_애플망고 요거 프라노베,92,1.05,,
스무디_애플망고 요거스 (L),64,0.9,0.0,12.4
스무디_애플망고 요거스 (ML),72,0.99,0.0,14.08
스무디_애플망고크러쉬,53,0.1,,
스무디_약과 카라멜 쉐이크,118,1.02,,
스무디_양지감로,72,0.11,,
스무디_어른커피 쉐이크,78,0.1,2.2,14.39
스무디_얼그레이 쉐이크,95,0.85,,
스무디_얼음수박,34,0.5,0.01,7.88
스무디_에스프레소 밀크 프라페,20,0.83,,
스무디_에스프레소 쉐이크,81,0.83,,
스무디_에스프레소 쉐이크 (더벤티),73,0.73,,
스무디_에스프레소 프라노베,55,1.47,,
스무디_에스프레소 프라페,86,1.69,,
스무디_에스프레소 프라푸치노 (Tall),41,0.56,,
스무디_에스프레소 프로스트 (L),103,0.94,,
스무디_에스프레소 프로스트 (R),88,0.7,,
스무디_엑스트라 자바칩 탐앤치노,121,1.49,3.62,20.64
스무디_엔젤푸드 스무디 (L),70,0.34,,
스무디_엔젤푸드 스무디 (R),70,0.42,,
스무디_엔젤푸드 스무디 (S),70,0.28,,
스무디_연유딸기쉑,110,2.03,,
스무디_연유망고쉑,110,2.03,,
스무디_오곡 밀크 프라페,97,2.78,,
스무디_오곡프로스트 (L),109,1.88,,
스무디_오곡프로스트 (R),101,1.8,,
스무디_오레오 루비치노,96,0.48,,
스무디_오레오 쉐이크 (R),121,1.65,,
스무디_오레오 스무디,123,2.04,,
스무디_오레오 초코 프라페,95,1.62,,
스무디_오레오 초코 프라페,126,1.83,,
스무디_오렌지 레볼루션 스무디 (L),60,0.51,,
스무디_오렌지 레볼루션 스무디 (R),60,0.63,,
스무디_오렌지 레볼루션 스무디 (S),60,0.57,,
스무디_오렌지 카밤 스무디 (L),60,0.68,,
스무디_오렌지 카밤 스무디 (R),60,0.63,,
스무디_오렌지 카밤 스무디 (S),60,0.57,,
스무디_오리지널 바닐라 쉐이크 (R),51,0.85,,
스무디_오리진 쉐이크,86,1.21,,
스무디_옥수로달당 스무디,108,2.34,,
스무디_옥수수 바나치노,109,0.95,,15.03
스무디_요거트 블렌디드,78,0.9,,
스무디_요거트 스노우,84,1.06,,18.01
스무디_요거트 스무디,87,2.25,,
스무디_요거트 스무디 (Grande),80,1.46,,
스무디_요거트 스무디 (L),71,1.23,,
스무디_요거트 스무디 (M),64,0.88,,
스무디_요거트 스무디 (Mini Venti),73,1.23,,
스무디_요거트 스무디 (Tall),88,1.67,,
스무디_요거트 스무디 (Venti),63,0.97,,
스무디_요거트 애플망고 (L),84,0.71,,
스무디_요거트 요프치노,80,1.11,,
스무디_요거트 프라페 (L),78,1.27,,
스무디_요거트 프라페 (Max),77,1.35,,
스무디_요거트 프라페 (R),70,1.21,,
스무디_우도땅콩 바나나 쉐이크,77,1.68,,
스무디_우리쌀 쉐이크,75,1.97,,
스무디_원조 빽스치노,81,1.27,,
스무디_원조 빽스치노 소프트,111,1.55,,
스무디_원조빽스치노,95,1.28,,
스무디_원조빽스치노 소프트,105,1.44,,
스무디_월넛 탐앤치노,134,3.17,3.66,22.44
스무디_유니콘 프라페,81,1.07,2.39,13.87
스무디_유자 요거스 아이스(ICED) (L),78,0.95,,15.86
스무디_유자 요거스 아이스(ICED) (ML),80,0.99,,16.2
스무디_유자 프로스트 (L),98,0.99,,
스무디_유자 프로스트 (R),79,0.94,,
스무디_유자배 크러쉬,74,0.17,,
스무디_유자배 크러쉬 (더벤티),88,0.1,,
스무디_유자스무디,78,1.17,0.8,16.48
스무디_유자스무디,45,0.0,0.0,11.27
스무디_자두 팝핑 그라니따 (R),89,0.43,,
스무디_자두크러쉬,44,0.14,,
스무디_자두피치 크러쉬,53,0.17,,
스무디_자두피치 크러쉬 (더벤티),62,0.1,,
스무디_자몽 스무디 (L),35,0.14,,
스무디_자몽 스무디 (R),33,0.13,,
스무디_자몽 요거트 블렌디드,91,0.91,,
스무디_자몽 포멜로 크러시,27,0.14,,
스무디_자몽 플랫치노,36,0.17,,
스무디_자바 리터치노 아이스(ICED) (L),85,1.37,,12.79
스무디_자바 리터치노 아이스(ICED) (ML),76,1.41,,11.27
스무디_자바 초코렛 칩 스노우,97,1.47,,19.63
스무디_자바 칩 프라푸치노 (Tall),96,1.69,,
스무디_자바칩 그라니따 (R),95,1.16,,
스무디_자바칩 루비치노,99,1.19,,
스무디_자바칩 밀크 블렌디드 (L),103,2.28,,
스무디_자바칩 밀크 블렌디드 (R),97,2.05,,
스무디_자바칩 바나치노,116,1.76,,17.57
스무디_자바칩 초코 그라니따,100,1.63,,
스무디_자바칩 탐앤치노,114,1.46,3.9,18.54
스무디_자바칩 프라노베,115,1.39,,
스무디_자바칩 프라페,119,1.71,,
스무디_자바칩 프라페,110,2.82,,
스무디_자바칩 프라페,105,1.25,,
스무디_자바칩 프라페,113,1.02,,
스무디_자바칩 프라페,96,0.67,,
스무디_자바칩 프라페 (Grande),106,1.88,,
스무디_자바칩 프라페 (L),97,1.44,,
스무디_자바칩 프라페 (Mini Venti),99,1.75,,
스무디_자바칩 프라페 (R),97,1.45,,
스무디_자바칩 프라페 (Tall),110,1.95,,
스무디_자바칩 프라페 (Venti),86,1.39,,
스무디_자바칩 프라페 (더벤티),91,0.63,,
스무디_자바칩 프로스트 (L),140,2.24,,
스무디_자바칩 프로스트 (R),128,1.94,,
스무디_자바칩모카 프로스트 (L),136,1.9,,
스무디_자바칩모카 프로스트 (R),126,1.72,,
스무디_자바칩바나치노,116,2.28,4.49,17.57
스무디_자바칩프라푸치노,83,2.22,,
스무디_장수 오미자 스무디,38,0.03,,
스무디_저칼로리 깔라만시 요거트 스무디 노슈거 (Venti),19,1.16,,
스무디_저칼로리 딸기 요거트 스무디 노슈거 (Venti),16,1.36,,
스무디_저칼로리 망고 스무디 제로슈거 (Venti),12,0.13,,
스무디_저칼로리 청사과 스무디 제로슈거 (Venti),10,1.57,,
스무디_저칼로리 청포도 스무디 제로슈거 (Venti),6,0.05,,
스무디_정말 맛있는 슈크림 프로틴 쉐이크 (Venti),99,7.8,,
스무디_정말 맛있는 자바칩 프로틴 쉐이크 (Venti),100,7.7,,
스무디_정말 맛있는 흑임자 프로틴 쉐이크 (Venti),98,8.0,,
스무디_제로칼로리 깔라만시 스무디 (Venti),3,0.07,,
스무디_제주 그린 스무디,112,0.63,,
스무디_제주 그린 한라봉 모히또 블렌디드 (Grande),34,0.0,,
스무디_제주 그린티 스무디,86,0.63,,
스무디_제주 까망 크림 프라푸치노 (Grande),127,1.9,,
스무디_제주 레몬 망고 스무디,31,0.12,,
스무디_제주 말차 블렌디드,80,1.21,,
스무디_제주 말차 프라페,83,1.48,,
스무디_제주 말차 할리치노,120,2.26,,
스무디_제주 쑥떡 크림 프라푸치노 (Grande),97,1.69,,
스무디_제주 유기농 말차로 만든 크림 프라푸치노 (Tall),65,1.41,,
스무디_제주 청귤 레몬 스무디,57,0.11,0.0,
스무디_제주 한라봉 감귤 스무디,78,0.14,,
스무디_제주 한라봉 스무디,60,1.93,,
스무디_제주 한라봉 스무디 (L),59,0.21,,
스무디_제주 한라봉 스무디 (R),53,0.19,,
스무디_제주녹차 프라페,88,1.35,,
스무디_제주녹차 프라페노 (L),84,1.33,,
스무디_제주녹차 프라페노 (R),90,1.39,,
스무디_제주말차 프라페 (L),110,2.54,,
스무디_제주말차 프라페 (Max),105,2.37,,
스무디_제주말차 프라페 (R),98,2.17,,
스무디_제주청귤레몬 스무디,57,0.11,0.0,13.93
스무디_젤라또 쉐이크,150,4.25,,
스무디_죠리퐁 프라페 밀크카라멜,106,1.52,,
스무디_죠리퐁 프라페 저당,56,1.02,,
스무디_죠리퐁 프라페 플레인,63,1.18,,
스무디_죠스베리 스무디,351,0.94,,
스무디_짱구가 좋아하는 푸딩멜론 쉐이크,70,1.13,,
스무디_청자몽 팝핑 그라니따 (R),69,0.0,,
스무디_청포도 리치 스무디,86,0.1,,
스무디_청포도 블렌디드,61,0.0,,
스무디_청포도 스무디,77,0.0,,
스무디_청포도 스무디,70,0.09,,
스무디_청포도 아이스 블렌디드,71,0.0,,
스무디_청포도 쿨러시,70,0.08,,
스무디_체리 바닐라 프라페,101,1.47,,
스무디_체리 익스트림 스무디 (L),48,0.17,,
스무디_체리 익스트림 스무디 (R),48,0.21,,
스무디_체리츄,91,1.9,,
스무디_초당옥수수 스무디,43,1.97,,
스무디_초당옥수수 팝핑 스무디,88,0.21,,
스무디_초코 눈송이 피스타치오 프라페,88,1.9,2.49,14.42
스무디_초코 돼지쉑,79,1.25,,
스무디_초코 루비치노,117,1.67,,
스무디_초코 밀크 쉐이크,117,1.27,,
스무디_초코 밀크 쉐이크,121,1.37,,
스무디_초코 바나나 스무디,63,1.27,,
스무디_초코 바나나 프라페,77,1.48,,
스무디_초코 바닐라 프라페,70,1.25,,
스무디_초코 블렌디드,87,1.39,,
스무디_초코 빽스치노,73,1.41,,
스무디_초코 빽스치노 소프트,98,1.69,,
스무디_초코 쉐이크,74,1.33,,
스무디_초코 쉐이크,86,1.8,,
스무디_초코 쉐이크,87,2.77,1.45,16.54
스무디_초코 쉐이크 (더벤티),93,1.56,,
스무디_초코 스무디,119,2.15,,
스무디_초코 쿠키 프라페,80,1.46,,
스무디_초코 쿠키스무디 (XL),107,1.36,,
스무디_초코 파르페 (L),128,1.97,,
스무디_초코 퐁 프라페,105,1.81,,
스무디_초코 프라노베,105,1.53,,
스무디_초코 프라페,122,2.5,,
스무디_초코 프라페,86,1.8,,
스무디_초코 프라페 (L),81,1.3,,12.4
스무디_초코 프라페 (ML),91,1.41,,13.38
스무디_초코 피스타치오 프라페,66,1.25,,
스무디_초코돼지쉑,91,2.03,,
스무디_초코멜로 스무디,101,1.06,,
스무디_초코밀크 쉐이크 (R),124,1.93,,
스무디_초코바나나 빽스치노,85,1.69,,
스무디_초코바나나 빽스치노 소프트,112,2.11,,
스무디_초코바나나 프라페,89,1.69,,
스무디_초코바른 제주 그린 스무디,113,0.63,,
스무디_초코바른 초코 스무디,136,1.06,,
스무디_초코바른 피스타치오 스무디,105,0.63,,
스무디_초코빽스치노,91,1.75,,
스무디_초코빽스치노 소프트,101,1.74,,
스무디_초코칩 스무디 (L),73,1.45,,
스무디_초코칩 스무디 (M),72,1.27,,
스무디_초코칩 스무디 (XL),67,1.36,,
스무디_초코칩 프라페노 (L),120,2.0,,
스무디_초코칩 프라페노 (R),119,1.94,,
스무디_초코쿠키 쉐이크,108,1.69,,
스무디_초코크림 프라페,98,1.75,,
스무디_초코프로틴쉐이크,79,5.0,,
스무디_초코허니 퐁크러쉬,101,2.01,2.06,18.49
스무디_초코허니퐁 크러쉬,86,1.84,,
스무디_초콜렛 쿠키&크림 스무디,116,1.48,,
스무디_초콜릿 밀크 쉐이크,128,2.5,,
스무디_초콜릿 블렌디드,80,1.69,,
스무디_초콜릿 블렌디모 아이스(ICED),104,2.19,,
스무디_초콜릿 아이스 블렌디드 (L),90,1.9,,
스무디_초콜릿 아이스 블렌디드 (R),90,1.97,,
스무디_초콜릿 칩 플랫치노,93,1.69,,
스무디_초콜릿 크림 칩 프라푸치노 (Tall),85,1.69,,
스무디_초콜릿쿠키 젤라또 프라페노 (R),96,2.22,,
스무디_치즈&스트로베리 블렌디드,71,0.25,,
스무디_치즈&애플망고 블렌디드,69,0.31,,
스무디_치즈&핑크리치 블렌디드,77,0.23,,
스무디_카라멜 루비치노,88,1.02,,
스무디_카라멜 블렌디모 아이스(ICED),86,1.4,,
스무디_카라멜 아이스 블렌디드 (L),106,1.48,,
스무디_카라멜 아이스 블렌디드 (R),106,1.41,,
스무디_카라멜 아이스샷,100,1.45,,
스무디_카라멜 프라노베,103,1.2,,
스무디_카라멜 프라페,82,1.13,,
스무디_카라멜 프라페 (Grande),90,0.83,,
스무디_카라멜 프라페 (L),88,0.89,,
스무디_카라멜 프라페 (Mini Venti),86,0.7,,
스무디_카라멜 프라페 (R),84,0.75,,
스무디_카라멜 프라페 (Tall),81,0.83,,
스무디_카라멜 프라페 (Venti),80,0.7,,
스무디_카라멜 프라푸치노 (Tall),85,1.13,,
스무디_카라멜 프로스트 (L),127,1.38,,
스무디_카라멜 프로스트 (R),114,0.87,,
스무디_카라멜 플랫치노,86,0.5,,
스무디_카라멜커피 프라페 (L),103,1.69,,
스무디_카라멜커피 프라페 (Max),98,1.69,,
스무디_카라멜커피 프라페 (R),95,1.69,,
스무디_카페 스무디 with 블랙티 공차치노 DRIP 아이스(ICED) (L),84,0.21,,
스무디_카페 스무디 with 블랙티 공차치노 ESP 아이스(ICED) (L),72,0.21,,
스무디_카페 코코다,71,0.65,,10.39
스무디_캐롯 케일 스무디 (L),41,3.72,,
스무디_캐롯 케일 스무디 (R),41,3.59,,
스무디_캐롯 케일 스무디 (S),41,3.67,,
스무디_캐리비안 웨이 스무디 (L),51,0.34,,
스무디_캐리비안 웨이 스무디 (R),51,0.42,,
스무디_캐리비안 웨이 스무디 (S),51,0.28,,
스무디_캔디소다 밀크쉐이크,99,0.92,4.55,13.51
스무디_커피 드로잉 말차 프라푸치노 (Tall),108,2.25,,
스무디_커피 밀크 쉐이크,50,0.97,,
스무디_커피 밀크쉐이크,96,0.98,4.55,12.52
스무디_커피 쉐이크,86,1.69,,
스무디_커피 쉐이크 (L),74,1.16,,10.04
스무디_커피 쉐이크 (ML),75,1.27,,10.56
스무디_커피 프라페,71,1.08,2.35,11.42
스무디_커피 프라페,97,1.02,,
스무디_커피 프라페 저당,91,1.02,,
스무디_커피 플랫치노,44,0.39,,
스무디_커피밀크쉐이크 (R),97,1.21,,
스무디_커피젤리 밀크 쉐이크,86,1.25,,
스무디_커피젤리 바닐라 아이스크림,49,0.28,,
스무디_코코넛 그린티,143,2.22,,
스무디_엔젤푸드 (L),70,0.34,,
스무디_코코넛 마블 애플망고 (L),54,0.29,,
스무디_코코넛 서프라이즈 (S),57,1.41,,
스무디_코코넛 서프라이즈 스무디 (L),57,1.52,,
스무디_코코넛 서프라이즈 스무디 (R),57,1.48,,
스무디_코코넛 서프라이즈 스무디 (S),57,1.41,,
스무디_코코넛 아이스샷,112,1.69,,
스무디_코코넛 카페 요프치노,70,2.22,,
스무디_코코넛 커피 그라니따 (R),91,1.4,,
스무디_코코넛 쿠앤크,151,2.22,,
스무디_코코넛 피나 콜라다 스무디 (L),65,1.35,,
스무디_코코넛 피나 콜라다 스무디 (R),65,1.27,,
스무디_코코넛 피나 콜라다 스무디 (S),66,1.41,,
스무디_코코넛커피 쉐이크,37,1.02,,
스무디_코코넛커피 스무디,126,1.59,6.04,16.41
스무디_코코넛커피 프라페,46,0.83,,
스무디_코코넛커피 프라페 (L),77,1.2,,7.8
스무디_코코넛커피 프라페 (ML),80,1.27,,8.03
스무디_코코넛커피 프라페 (더벤티),49,1.04,,
스무디_코코넛 더치,123,1.67,,
스무디_코코밀크 프라페,111,1.18,,
스무디_코코초코 프라페,91,1.5,,
스무디_코코초코 프라페 (더벤티),96,1.77,,
스무디_코코프레소,130,2.25,,
스무디_코코프레소 (Grande),119,1.67,,
스무디_코코프레소 (Mini Venti),107,1.58,,
스무디_코코프레소 (Tall),129,1.95,,
스무디_코코프레소 (Venti),108,1.53,,
스무디_콜드브루 모카 할리치노,91,1.7,,
스무디_콜드브루 커피 프라페,82,0.63,,
스무디_콜드브루 커피 프라페,83,0.63,,
스무디_콜드브루 할리치노,75,1.41,,
스무디_콜라겐 슬림 퀸즈베리 스무디 노슈거 (Venti),21,0.29,,
스무디_콜라겐 요거트스무디,85,1.91,1.28,16.17
스무디_쿠앤크 리터치노 아이스(ICED) (L),98,1.27,,14.8
스무디_쿠앤크 리터치노 아이스(ICED) (ML),94,1.27,,14.37
스무디_쿠앤크 바나치노,141,1.08,,15.37
스무디_쿠앤크 블렌디드,108,1.45,,
스무디_쿠앤크 스무디 (L),104,1.79,,
스무디_쿠앤크 스무디 (M),105,1.64,,
스무디_쿠앤크 요프치노,108,1.39,,
스무디_쿠앤크 프라페,179,3.66,,
스무디_쿠앤크 프라페 (Grande),174,3.13,,
스무디_쿠앤크 프라페 (L),87,1.7,,11.5
스무디_쿠앤크 프라페 (ML),95,1.83,,12.25
스무디_쿠앤크 프라페 (Mini Venti),148,2.81,,
스무디_쿠앤크 프라페 (Tall),178,3.33,,
스무디_쿠앤크 프라페 (Venti),143,2.5,,
스무디_쿠앤크바나치노,141,1.21,8.43,15.36
스무디_쿠앤크프라푸치노,90,2.03,,
스무디_쿠크팝 (L),146,2.33,,
스무디_쿠크팝 (R),136,1.87,,
스무디_쿠키 밀크 쉐이크,115,3.06,,
스무디_쿠키 밀크쉐이크,114,1.12,5.12,15.74
스무디_쿠키 프라페,123,1.76,4.2,19.51
스무디_쿠키 프라페,108,1.52,,
스무디_쿠키&크림 스노우,111,1.69,,20.72
스무디_쿠키&크림 프라페 (L),120,1.5,,
스무디_쿠키&크림 프라페 (R),125,1.5,,
스무디_쿠키앤크림 밀크 블렌디드 (L),128,1.9,,
스무디_쿠키앤크림 밀크 블렌디드 (R),128,1.9,,
스무디_쿠키앤크림 블렌디드,133,1.27,,
스무디_쿠키앤크림 탐앤치노,83,1.28,1.7,15.74
스무디_쿠키앤크림 프라노베,82,1.5,,
스무디_쿠키앤크림 프라페,109,0.5,,
스무디_쿠키앤크림 프라페 (더벤티),107,0.63,,
스무디_쿠키초코프라페,87,1.31,4.09,11.03
스무디_쿠키크런치 빽스치노,108,1.83,,
스무디_쿠키크런치 빽스치노 소프트,133,2.11,,
스무디_쿨캔디 팝핑스무디,110,0.07,,
스무디_키위 스무디,81,0.72,,
스무디_키위 스무벨라,70,0.0,,
스무디_키위 요거트 프로스트 (L),88,1.23,,
스무디_키위 요거트 프로스트 (R),79,1.13,,
스무디_타로 버블 프로스트 (L),139,1.12,,
스무디_타로 버블 프로스트 (R),97,0.7,,
스무디_타요 리틀 엔젤푸드 스무디,51,0.85,,
스무디_토피넛 프라노베,128,1.81,,
스무디_토피넛 플랫치노,128,1.45,,
스무디_토피넛초코칩 프라페,116,0.68,,
스무디_트로피칼팝핑 스무디,96,0.15,,
스무디_트위스트 피치 요거트 블렌디드 (Grande),82,0.63,,
스무디_파인레몬 링티 크러쉬,26,99.73,,
스무디_파인비타 그라니따 (R),74,0.0,,
스무디_파인애플 서프 (S),61,0.85,,
스무디_파인애플 서프 스무디 (L),61,1.02,,
스무디_파인애플 서프 스무디 (R),61,0.85,,
스무디_파인애플 서프 스무디 (S),61,0.85,,
스무디_파인애플망고 스무디,48,0.04,,
스무디_파인코코 크러쉬,20,0.19,,
스무디_팔공믹스 슬러시,91,0.27,,
스무디_팥 밀크 쉐이크,89,1.85,,
스무디_패션프루츠 스무디,53,0.0,,
스무디_퍼플 사워 블렌디드 (Tall),72,0.0,,
스무디_퍼플 젤리 스무디,71,0.1,,
스무디_포도베리 크러쉬 (더벤티),91,0.21,,
스무디_폭탄 프라페,110,1.07,5.53,14.0
스무디_퐁당치노 미숫가루,86,2.39,,
스무디_퐁당치노 바닐라,70,1.55,,
스무디_퐁당치노 원조커피,68,1.13,,
스무디_퐁크러쉬,113,1.96,,
스무디_프로틴 그릭요거트 아이스 블렌디드,161,7.04,,
스무디_프로틴 바닐라 아이스 블렌디드 (L),106,7.61,,
스무디_프로틴 바닐라 아이스 블렌디드 (R),106,7.61,,
스무디_프로틴 초콜릿 아이스 블렌디드 (L),96,7.61,,
스무디_프로틴 초콜릿 아이스 블렌디드 (R),96,7.61,,
스무디_프로틴 카라멜 아이스 블렌디드 (L),111,6.98,,
스무디_프로틴 카라멜 아이스 블렌디드 (R),112,7.04,,
스무디_플레인 그릭요거트 아이스 블렌디드,155,2.82,,
스무디_플레인 리얼요거트 프라페노 (L),92,1.56,,
스무디_플레인 리얼요거트 프라페노 (R),92,1.67,,
스무디_플레인 밀크 쉐이크,97,2.78,,
스무디_플레인 밀크쉐이크,95,0.99,4.94,11.57
볶음밥_목동햄볶음밥,171,3.09,,
스무디_플레인 요거 프라노베,83,2.22,,
스무디_플레인 요거스 (L),56,0.9,,10.5
스무디_플레인 요거스 (ML),62,0.99,0.0,11.83
스무디_플레인 요거스 아이스(ICED) (L),61,0.95,,11.63
스무디_플레인 요거스 아이스(ICED) (ML),62,0.99,,11.97
스무디_플레인 요거스무디,86,2.2,,
스무디_플레인 요거트 그라니따,100,1.78,,
스무디_플레인 요거트 그라니따 (R),100,1.78,,
스무디_플레인 요거트 드링크,56,1.68,,7.58
스무디_플레인 요거트 블렌디드,93,2.12,0.85,
스무디_플레인 요거트 블렌디드 (L),79,1.82,,
스무디_플레인 요거트 블렌디드 (R),79,1.83,,
스무디_플레인 요거트 쉐이크,116,2.06,,
스무디_플레인 요거트 스무디,86,1.71,1.22,17.07
스무디_플레인 요거트 스무디,62,1.54,,
스무디_플레인 요거트 스무디,70,0.99,,
스무디_플레인 요거트 스무디,61,1.54,,
스무디_플레인 요거트 스무디,71,1.48,,
스무디_포도베리 크러쉬,76,0.17,,
스무디_플레인 요거트 스무디,88,1.79,,
스무디_플레인 요거트 스무디,87,1.27,0.91,18.44
스무디_플레인 요거트 스무디,88,1.29,,
스무디_플레인 요거트 스무디,66,0.33,,
스무디_플레인 요거트 스무디 (더벤티),65,0.21,,
스무디_플레인 요거트 코코 스무디,101,2.3,,18.34
스무디_플레인 요거트 프로스트 (R),68,1.54,,
스무디_플레인 요거트 플랫치노,55,1.69,,
스무디_플레인 요거트 할리치노,82,1.98,,
스무디_플레인 퐁크러쉬,79,1.79,1.64,14.37
스무디_플레인요거트,82,1.49,,
스무디_플레인요거트 스무디,87,1.42,,
스무디_플레인요거트 스무디,92,2.14,1.92,16.49
스무디_플레인요거트 스무디,86,2.2,,
스무디_플레인요거트 스무디,71,1.48,,
스무디_플레인요거트 스무디 (L),87,2.24,,
스무디_플레인요거트 스무디 (R),77,1.73,,
스무디_플레인요거트스무디,75,1.02,1.65,13.99
스무디_플레인허니퐁 크러쉬,82,1.91,,
스무디_피넛 밀크 쉐이크,93,1.67,,
스무디_피넛 파워 플러스 다크초코 스무디 (L),92,1.69,,
스무디_피넛 파워 플러스 다크초코 스무디 (R),92,1.69,,
스무디_피넛 파워 플러스 다크초코 스무디 (S),92,1.7,,
스무디_피넛 파워 플러스 스트로베리 스무디 (L),95,2.2,,
스무디_피넛 파워 플러스 스트로베리 스무디 (R),95,2.11,,
스무디_피넛 파워 플러스 스트로베리 스무디 (S),95,2.26,,
스무디_피넛버터 밀크 쉐이크,107,1.42,,
스무디_피넛버터 밀크 쉐이크,145,2.96,,
스무디_피스타초코 블렌디드,101,0.64,,
스무디_피스타치오 빽스치노,75,1.13,,
스무디_피스타치오 빽스치노 소프트,104,1.41,,
스무디_피스타치오 스무디 (XL),49,0.76,,
스무디_피스타치오 아몬드 프라페,96,1.78,,
스무디_피스타치오 아몬드 프라페,94,1.78,,
스무디_피스타치오 코코 스무디,99,1.26,,17.96
스무디_피스타치오 프라페 (L),81,1.1,,13.1
스무디_피스타치오 프라페 (ML),88,1.13,,13.8
스무디_피치 딸기 블렌디드,55,0.0,,
스무디_피치 딸기 크러쉬,55,0.0,,
스무디_피치 슬라이스 플러스 스무디 (L),58,0.51,,
스무디_피치 슬라이스 플러스 스무디 (R),57,0.63,,
스무디_피치 슬라이스 플러스 스무디 (S),58,0.57,,
스무디_피치 아삭 셔벗,54,0.06,,
스무디_피치 요거트 요프치노,127,2.05,,
스무디_피치자두 스무디,278,0.0,,
스무디_피치플라워 링티 크러쉬,27,103.9,,
스무디_피카피카 망고피카츄,80,0.19,,
스무디_핑크리치 치즈 블렌디드,77,0.23,,
스무디_하동녹차 프라페,110,1.52,,
스무디_하이프로틴 아몬드 모카 스무디 (L),58,6.26,,
스무디_하이프로틴 아몬드 모카 스무디 (R),58,6.34,,
스무디_하이프로틴 아몬드 모카 스무디 (S),58,6.22,,
스무디_하이프로틴 아몬드 바나나 스무디 (L),45,3.72,,
스무디_하이프로틴 아몬드 바나나 스무디 (R),45,3.81,,
스무디_플레인퐁 크러쉬,79,1.79,,
스무디_하이프로틴 아몬드 바나나 스무디 (S),45,3.67,,
스무디_하츄핑 딸기 밀크 쉐이크,87,1.0,2.89,14.18
스무디_한라봉 스노우,79,0.2,,18.0
스무디_허니 월넛치노,147,3.83,3.83,24.47
스무디_허니자몽 요거트 스무디,103,1.39,,
스무디_헤이즐넛 초코칩 할리치노,128,2.54,,
스무디_현미 밀크 쉐이크,126,1.48,,
스무디_화이트 초콜릿 모카 프라푸치노 (Tall),69,1.13,,
스무디_화이트 타이거 프라푸치노 (Grande),87,1.06,,
스무디_화이트 프로스트 (L),130,1.51,,
스무디_화이트 프로스트 (R),131,1.2,,
스무디_흑당 쉐이크,107,1.07,,
스무디_흑당 스무디,107,1.27,,
스무디_흰둥이 바닐라 밀크 쉐이크,120,1.45,,
스무디_흰둥이도 반한 푸딩밀크 쉐이크,90,1.55,,
스무디_히비스커스펀치슬러쉬,39,0.02,,
스콘_건포도 스콘,436,5.56,,
스콘_고메버터 스콘,428,5.4,24.6,46.3
스콘_녹차 마카다미아 스콘,471,7.22,,
스콘_더블치즈 스콘,421,6.45,,
스콘_라즈베리 스콘,408,5.1,22.7,45.8
스콘_라즈베리잼&크림 스콘,366,5.0,,
스콘_레몬 스콘,423,4.81,,
스콘_리얼초코 스콘,446,6.5,25.3,48.0
스콘_무화과 스콘,381,5.0,,
스콘_무화과스콘,380,5.0,,
스콘_미니 클래식 스콘,475,7.29,,
스콘_밀크 스콘,422,6.35,,
스콘_바질 스콘,375,5.0,,
스콘_버터버터 소보로 스콘,380,7.37,11.58,62.1
스콘_블루베리 스콘,412,4.9,22.4,47.6
스콘_블루베리스콘,420,6.0,,
스콘_생크림버터스콘,416,7.37,,
스콘_소금 버터 스콘,389,6.56,,
스콘_스콘 건포도,486,5.56,,
스콘_스콘 시나몬호두,407,4.44,,
스콘_아몬드 달고나 스콘,466,9.0,,
스콘_아몬드 스콘,438,6.15,,
스콘_앙버터 스콘,411,7.22,,
스콘_애플시나몬 스콘,350,3.75,,
스콘_얼그레이 스콘,473,7.5,,
스콘_오리지널버터,410,6.0,,
스콘_제주봄빛말차 스콘,441,6.7,24.7,48.0
스콘_초코 스콘,571,12.22,,
스콘_초코칩 스콘,384,6.32,,
스콘_초코칩 콕콕 스콘,471,5.88,,
스콘_초코칩스콘,426,6.32,,
스콘_초코칩스콘,385,6.0,,
스콘_치즈 넛츠 스콘,480,11.11,,51.11
스콘_카라멜 스콘,454,5.56,,
스콘_크랜베리 미니 스콘,400,5.71,,
스콘_크랜베리 스콘,414,6.67,,
스콘_크랜베리 스콘,382,4.71,,
스콘_크랜베리 스콘,493,7.5,,
스콘_클래식 버터 스콘 & 딸기잼,425,5.36,,
스콘_클래식 스콘,446,3.81,,
스콘_플레인 미니 스콘,400,5.71,,
스콘_플레인 스콘,373,4.0,,
스콘_플레인 스콘,371,5.88,,
스콘_플레인 스콘,448,6.0,,
스콘_플레인 스콘,493,6.67,,
스콘_플레인 스콘,469,6.0,,
스콘_피넛 쑥 떡 스콘,415,5.93,,
스콘_호두카라멜스콘,410,7.0,,
스크램블드에그,206,11.6,16.16,1.63
스크램블드에그,216,11.81,17.59,2.56
스크램블드에그,149,9.99,10.98,1.61
스크램블드에그,164,12.7,11.33,0.8
스크램블드에그,88,6.24,5.46,2.77
스크램블드에그,164,12.7,11.33,0.8
스테이크_간편조리세트_그레이프 소스 스테이크,153,11.09,8.36,8.47
스테이크_간편조리세트_뉴욕스테이크&크림뇨끼,176,8.71,8.79,15.39
스테이크_간편조리세트_부채살 찹스테이크,176,11.08,12.04,5.94
스테이크_간편조리세트_블랙라벨 스테이크 부채살,155,13.1,8.86,5.73
스콘_트리플 미니 스콘,454,7.77,,
스테이크_간편조리세트_비프찹스테이크,147,7.76,9.66,7.22
스테이크_간편조리세트_시그니처 스테이크 부채살,140,11.42,7.12,7.52
스테이크_간편조리세트_시그니처찹스테이크,130,10.5,6.21,7.92
스테이크_간편조리세트_파빌리온 양갈비 스테이크,151,9.46,6.8,13.07
스테이크_간편조리세트_프라임스테이크 부채살,186,10.77,13.41,5.63
스테이크_닭다리살 스테이크 극한왕갈비맛 (1개),234,13.48,,
스테이크_닭다리살 스테이크 통다리바비큐맛 (1개),230,13.32,,
스테이크_소등심,194,30.22,8.07,0.14
스테이크_소안심,183,34.82,4.83,0.13
스파게티,164,5.0,7.05,20.0
스파게티,138,4.1,3.95,21.11
스파게티,163,5.4,4.08,26.23
스파게티,100,3.2,1.52,18.69
스파게티_간편조리세트_감바스알리오올리오,171,4.78,7.44,21.33
스파게티_간편조리세트_바질크림 빠네 파스타,215,5.4,9.37,27.31
스파게티_간편조리세트_베이컨까르보나라,159,4.02,7.78,18.29
스파게티_간편조리세트_볼로네제라구파스타,179,8.1,8.75,16.93
스파게티_간편조리세트_쉬림프 로제파스타,144,4.24,7.58,14.76
스파게티_간편조리세트_쉬림프 로제파스타,172,4.93,8.15,19.7
스파게티_간편조리세트_쉬림프 크림파스타,226,4.81,17.21,13.06
스파게티_간편조리세트_알리오올리오파스타,313,6.47,20.07,26.72
스파게티_간편조리세트_에그인헬파스타,128,5.28,5.12,15.16
스파게티_간편조리세트_오마이갓파스타,161,5.86,7.14,18.43
스파게티_간편조리세트_톡톡크림 빠네 파스타,233,6.05,17.24,13.4
스파게티_간편조리세트_트러플 크림 파스타,152,4.31,7.42,16.93
스파게티_간편조리세트_할라피뇨베이컨파스타,200,4.62,11.59,19.29
스파게티_간편조리세트_핫매콤크림파스타,179,5.07,7.7,22.24
스파게티_간편조리세트_해장파스타,98,4.07,2.08,15.82
스파게티_까르보나라 파스타,143,5.99,,
스파게티_까르보나라소스,235,5.71,14.82,19.63
스파게티_까르보나라스파게티,181,5.07,,
스파게티_나폴리로제파스타,201,6.44,,
스파게티_뇨끼,172,4.7,8.7,18.8
스파게티_로제소스,171,5.21,8.99,17.34
스파게티_마라스파게티,170,6.87,,
스파게티_명란크림스파게티,233,7.9,,
스파게티_미트 치즈 파스타,155,7.26,,
스파게티_미트 토마토 파스타,185,3.13,4.86,30.21
스파게티_미트볼,180,7.34,8.88,17.62
스파게티_미트소스,108,4.34,1.84,18.58
스파게티_베이컨 로제 파스타,163,6.32,,
스파게티_베이컨 크림 파스타,231,5.39,10.44,28.96
스파게티_쉬림프 로제 파스타,247,6.06,11.78,29.63
스파게티_쉬림프스파게티,218,6.7,,
스파게티_스파게티,218,5.1,,
스파게티_오일소스,162,4.89,5.86,22.35
스파게티_옥수수바질치즈크림뇨끼,273,16.86,12.99,22.1
스파게티_치즈 오븐 스파게티,134,6.23,,
스파게티_치즈오븐마라로제파스타,214,7.45,8.7,26.59
스파게티_치즈오븐베이컨에멘탈크림,260,7.88,11.38,31.39
스파게티_치즈오븐쉬림프로제파스타,207,6.24,9.75,23.59
스파게티_치즈오븐토마토파스타,273,16.86,12.99,22.1
스파게티_크림감베로니스파게티,192,6.85,,
스파게티_크림소스,209,5.45,12.65,18.44
스파게티_크림스파게티,129,1.7,,
스파게티_토마토 치즈 파스타,153,6.59,,
스파게티_토마토소스,129,4.87,3.83,18.64
스파게티_토마토소스,116,3.56,1.38,22.5
스파게티_토마토스파게티,131,3.35,,
스파게티_투움바 스파게티,219,7.95,,
스파게티_핫치킨스파게티,219,8.8,,
스파게티_해물_크림소스,184,6.08,9.96,17.39
스파게티_해물_토마토소스,117,5.59,2.75,17.45
스프_감자,98,1.91,6.54,7.91
스프_단호박 크림 수프,131,1.67,,
스프_머쉬룸 스프,108,3.33,,
스프_베이컨 포테이토 스프,120,2.78,,
스프_소고기,40,1.06,0.87,6.91
스프_양송이 수프,125,1.5,,
스프_양송이버섯,42,0.78,1.11,7.23
스프_양송이버섯,105,2.41,7.04,8.06
스프_옥수수,46,0.83,1.48,7.33
스프_콘 수프,171,2.0,,
스프_콘 스프,135,3.0,,
스프_크림,45,0.64,1.59,7.03
스프_크림머쉬룸 수프&브레드,168,2.63,,
스프_토마토 로제 수프,136,2.78,,
스프_트러플 머쉬룸 수프,93,1.67,,
스프_트러플 머쉬룸 수프볼,178,5.53,,
시금치 겉절이,54,3.0,2.51,6.28
시금치 겉절이,54,3.0,2.51,6.28
시금치 된장국,15,1.1,0.32,2.44
시금치 된장국,15,1.2,0.33,2.12
시금치 된장국,12,1.0,0.26,1.65
시금치 된장국,15,1.2,0.33,2.19
시금치나물,69,3.74,4.46,3.36
시금치나물,27,1.6,1.31,3.02
시금치나물,27,1.6,1.28,3.11
시금치나물,25,1.6,1.0,3.21
시금치나물_간장,41,3.0,1.42,5.69
시금치나물_간장,35,2.4,1.46,4.57
시금치나물_간장_소금,27,1.58,1.31,3.09
시금치나물_간장_소금,27,1.61,1.28,3.2
시금치나물_간장_소금,25,1.6,1.0,3.26
시금치나물_고추장,35,1.71,1.13,5.81
시금치나물_고추장,24,1.6,0.95,3.19
시금치나물_당근,23,1.6,0.99,2.78
시금치나물_당근,23,1.6,0.99,2.78
시금치나물_소금,49,3.8,2.28,5.26
시래기 된장국,13,0.9,0.3,1.9
시래기 된장국,17,1.1,0.6,2.32
시래기 된장국,11,0.7,0.26,1.6
시래기 된장국,17,1.1,0.5,2.36
시래기나물,60,2.1,1.78,10.61
시래기나물,58,2.0,1.65,10.49
시래기나물,60,2.1,1.78,10.61
시래기나물,58,2.0,1.65,10.49
스무디_타로 블렌디드,68,0.91,,
시래기나물_간장_소금,30,0.93,1.92,2.65
시래기나물무침,114,4.32,7.28,7.74
시루떡,217,5.47,0.61,47.54
시루떡,224,3.77,1.85,48.13
시루떡_녹두,246,7.74,2.53,48.08
시리얼_무슬리,445,12.0,,
시리얼_우유,85,2.9,2.24,13.15
식빵,264,9.34,2.6,50.91
식빵_2배더진한우유식빵,293,8.43,,
식빵_2배더진한우유식빵(Half),292,8.68,,
식빵_64겹 페스트리 식빵,376,8.0,,
식빵_72겹의정성데니쉬 식빵,369,7.73,,
식빵_72겹의정성데니쉬식빵,369,7.73,,
식빵_NEW 모닝토스트,370,8.0,16.0,48.0
식빵_NEW 밤식빵,294,7.69,,
식빵_NEW 밤식빵 (H),292,7.69,,
식빵_NEW 밤식빵 (half),292,7.69,,
식빵_TLJ옥수수듬뿍옥수수식빵,291,8.48,,
식빵_TLJ옥수수식빵,291,8.38,,
식빵_生生생크림식빵,305,8.53,,
식빵_고구마가달구마,245,5.0,,
식빵_고구마슈크림식빵,222,5.42,6.5,36.1
식빵_고단백하루견과곡물브레드,360,12.08,,
식빵_고메버터식빵,364,9.28,,
식빵_고소담백더치 브레드,240,7.14,,
식빵_고소한 소보루데니쉬식빵,352,7.19,12.81,52.19
식빵_고소한 소보루데니쉬식빵 (H),353,7.5,12.5,51.88
식빵_고소한소보루데니쉬식빵,353,7.5,,
식빵_고소함이톡톡곡물 식빵,249,8.64,,
식빵_공주밤 식빵,281,1.6,,
식빵_굿모닝 식빵,327,13.0,,
식빵_기본좋은소금버터식빵,319,7.92,,
식빵_긴 밤 브레드,259,7.41,,
식빵_달콤향긋한시나몬식빵,362,5.97,14.93,52.99
식빵_담백하고 쫄깃한 뜯어먹는 식빵,265,7.0,6.0,44.0
식빵_담백하고 쫄깃한 뜯어먹는 식빵 (H),265,7.0,6.0,44.0
식빵_더블롤치즈 식빵,346,11.88,,
식빵_더블롤치즈 식빵 (소),346,12.08,,
식빵_더블롤치즈식빵(대),327,12.06,,
식빵_더블롤치즈식빵(소),327,11.84,,
식빵_데니쉬식빵,300,7.0,,
식빵_뜯어먹는 쫄깃하고담백한식빵,265,7.0,,
식빵_뜯어먹는롤치즈브레드,286,8.91,11.09,36.73
식빵_뜯어먹는롤치즈브레드 (H),287,9.09,11.27,36.73
식빵_뜯어먹는롤치즈브레드(1/2),287,9.09,,
식빵_뜯어먹는롤치즈식빵,285,9.0,,
식빵_뜯어먹는밤식빵,255,5.0,,
식빵_뜯어먹는밤식빵 (H),255,5.0,,
식빵_뜯어먹는크랜베리식빵,275,6.0,,
식빵_뜯어먹는크랜베리식빵 (H),275,6.0,,
식빵_러스크,425,5.0,,
식빵_러스크가달구나,662,8.11,,
식빵_롤치즈식빵,285,9.0,,
식빵_마구마구밤 식빵,293,6.38,,
식빵_마구마구밤 식빵 (소),298,6.67,,
식빵_마구마구밤식빵(대),280,6.38,,
식빵_마구마구밤식빵(소),284,6.32,,
식빵_모닝토스트,385,8.0,,
식빵_모카크림식빵,395,6.0,20.67,47.0
식빵_모카크림식빵 (H),393,6.0,20.67,47.33
식빵_모카패스트리 식빵,386,8.33,,
식빵_무화과깜빠뉴 식빵,253,6.53,,54.18
식빵_미니모카패스트리 식빵,400,8.89,,
식빵_밀크후레쉬 식빵,291,9.0,,
식빵_밤식빵,282,5.64,,
식빵_밤식빵 (H),282,5.64,,
식빵_밤콩달콩 두유 브레드,265,7.1,,
식빵_밤페스트리 식빵,291,6.0,,
식빵_버터버터 뜯어먹는 식빵,358,6.67,25.0,28.33
식빵_부드럽고촉촉한 식빵,329,10.0,,
식빵_브리오슈 식빵,345,9.1,,
식빵_블랙올리브탕종식빵,258,7.11,6.16,43.6
식빵_블루베리요거트롤,319,8.0,,
식빵_뺑드미 식빵,273,8.0,,
식빵_상미종 생식빵,275,7.0,,
식빵_소보루듬뿍데니쉬식빵,310,7.0,,
식빵_소화가 잘되는 식빵,311,9.1,9.2,47.9
식빵_순수한맛순우유 식빵,279,8.05,,
식빵_스위트밀크식빵,315,8.0,,
식빵_스위트밀크식빵 (소),315,8.0,,
식빵_스윗 밀크 브레드,351,8.6,13.8,48.0
식빵_슬로우오트식빵,281,8.36,,
식빵_시나몬롤식빵,403,6.5,,
식빵_시나몬모닝토스트,385,7.0,15.0,50.0
식빵_아침엔보리 쌀롤 (6개입),306,6.94,,
식빵_압구정 식빵,307,6.1,,
식빵_오늘도 소식,298,11.8,,
식빵_오렌지 크림치즈롤,303,6.7,13.6,38.5
식빵_옥수수 식빵,262,8.0,,
식빵_인생 식빵,269,9.4,4.0,48.8
식빵_착한빵 식통밀식빵,292,8.38,,
식빵_착한빵식 통밀빵,292,8.57,,
식빵_착한빵식통밀식빵,292,8.39,,
식빵_찰~토스트식빵,240,8.0,,
식빵_촉촉쫄깃탕종식빵,249,7.66,,
식빵_촉촉함은 담은 쫄깃한 식빵,280,9.0,,
식빵_촉촉함을 담은 쫄깃한 식빵,280,9.0,6.0,47.0
식빵_카라멜러스크,385,5.13,,
식빵_카야넛 쌀식빵,333,10.2,10.5,49.5
식빵_크랜베리캄파뉴 식빵,271,7.1,5.7,47.7
식빵_통밀 씨드 식빵,336,12.1,13.5,41.5
식빵_통밀식빵,279,9.33,5.26,48.64
식빵_통밤가득밤 식빵,333,10.0,,
식빵_파란라벨 쫄깃담백루스틱,256,8.87,,
식빵_파란라벨 크랜베리호밀깜빠뉴,263,10.0,,
식빵_파란라벨 통곡물깜빠뉴,316,10.0,,
식빵_페스트리 식빵,335,8.0,,
식빵_피칸시나몬롤,238,9.0,,
식빵_한장씩뜯어먹는32겹브레드,466,8.52,,
식빵_호박패스트리식빵,345,8.66,,
식빵_흑미로운찹쌀식빵(대),299,9.14,,
식빵_흑미로운찹쌀식빵(중),297,9.09,,
식빵튀김,262,6.0,9.92,37.0
식빵튀김,309,7.1,11.63,43.69
식빵튀김,262,6.0,9.92,37.0
식혜,87,1.53,1.75,16.21
식혜_단호박 식혜,48,0.16,0.05,11.69
식혜_빅바나 얼음동동 식혜,47,0.12,0.04,11.69
식혜_살얼음 식혜 아이스(ICED) (EX),58,0.15,,
식혜_살얼음 식혜 아이스(ICED) (R),53,0.0,,
식혜_식혜 아이스(ICED),40,0.14,,
식혜_식혜 아이스(ICED) (L),46,0.1,0.0,11.4
식혜_얼음동동 식혜,44,0.11,0.04,10.82
쌀국수,66,2.2,0.77,12.66
쌀국수,66,2.3,0.86,12.32
쌀국수,67,2.2,0.81,12.81
쌀국수,58,2.2,0.87,10.29
쌀국수,53,2.6,0.7,9.18
쌀밥,166,3.36,0.32,37.33
쌀밥,120,2.2,0.34,25.79
쌀밥,120,2.2,0.34,25.78
쌀죽(흰죽),53,0.99,0.15,11.45
쌀죽(흰죽),52,1.33,0.15,11.43
쌀죽(흰죽)_삼광,53,0.89,0.1,11.51
쌀죽(흰죽)_새일미,55,1.09,0.17,11.72
쌀죽(흰죽)_신동진,53,0.96,0.15,11.42
쌀죽(흰죽)_오대,52,1.02,0.18,11.16
쌀죽(흰죽)_칠분도미,68,1.1,0.2,15.6
쌈장,142,6.5,4.55,20.14
쌈장,142,6.5,4.55,20.13
쌍화차_대추 쌍화차 아이스(ICED) (R),55,0.07,,
쌍화차_대추 쌍화차 핫(HOT) (R),55,0.07,,
쌍화차_대추쌍화차 아이스(ICED),40,0.03,0.01,9.93
쌍화차_대추쌍화차 아이스(ICED),39,0.0,,
쌍화차_대추쌍화차 핫(HOT),39,0.0,,
쌍화차_대추쌍화차 핫(HOT),51,0.03,0.01,12.91
쌍화차_쌍화차 아이스(ICED),54,0.08,,
쌍화차_쌍화차 아이스(ICED),37,0.14,,
쌍화차_쌍화차 아이스(ICED),51,0.15,,
쌍화차_쌍화차 아이스(ICED),51,0.24,,
쌍화차_쌍화차 핫(HOT),55,0.26,,
쌍화차_쌍화차 핫(HOT),64,0.19,,
쌍화차_쌍화차 핫(HOT),54,0.08,,
쌍화차_쌍화차 핫(HOT),42,0.21,,
쑥 된장국,25,2.2,0.72,2.81
쑥 된장국,25,2.2,0.72,2.81
쑥 된장국,14,1.0,0.47,1.64
쑥갓나물,19,1.3,0.95,1.85
쑥갓나물,19,1.3,0.95,1.85
쑥갓나물,19,1.3,0.95,1.85
쑥갓나물,19,1.3,0.95,1.85
쑥갓나물_고춧가루,45,2.7,2.31,4.37
쑥갓나물_고춧가루,45,2.6,2.31,4.43
쑥갓나물_두부,33,3.1,1.48,2.23
쑥갓나물_두부,33,3.1,1.48,2.23
쑥갓나물_두부,33,3.1,1.48,2.23
쑥갓나물_두부,33,3.1,1.48,2.22
쑥갓나물_모듬채소,25,2.1,1.16,2.11
쑥갓나물_소금,26,1.8,1.09,3.27
쑥갓나물무침,64,3.0,3.8,4.4
쑥갓무침,40,2.5,1.96,4.01
쑥갓오이무침,37,1.9,1.06,5.58
쑥갓오이무침,37,1.9,1.06,5.57
쑥떡,249,3.36,0.4,57.89
쑥전(부침개),127,4.8,6.29,13.44
쑥튀김,234,6.6,13.71,19.95
쑥튀김,234,6.6,13.71,19.95
씀바귀나물,38,1.5,1.11,6.54
씀바귀나물무침,97,3.87,1.73,16.57
아구탕,41,6.3,0.82,2.13
아귀 매운탕,37,4.6,0.68,3.57
아귀 매운탕,25,3.7,0.34,2.15
아귀 매운탕,37,4.6,0.68,3.64
아귀지리,21,3.97,0.13,0.89
아귀찜,30,4.1,0.69,2.19
아귀찜,30,4.0,0.72,1.93
아귀찜,30,4.1,0.66,2.08
아귀찜,84,6.72,3.13,7.26
아귀찜_간편조리세트_쫀득쫀득아귀찜,77,6.68,2.79,6.37
아욱 된장국,12,1.0,0.22,1.89
아욱 된장국,19,1.5,0.4,2.89
아욱 된장국,16,1.2,0.33,2.45
아욱 된장국,15,1.1,0.26,2.47
아욱 된장국_건새우,19,1.7,0.37,2.84
아이스 카페라떼,31,1.4,1.5,3.05
아이스 카페라떼_시럽,46,1.4,1.5,6.73
아이스 카페라떼_카라멜,55,1.4,1.51,9.26
아이스 카페모카,58,1.6,1.53,9.65
아이스 카페모카_카라멜,73,1.6,1.54,13.69
아이스 카페모카_카라멜_휘핑크림,104,1.8,4.61,14.25
아이스 카페모카_휘핑크림,89,1.8,4.6,10.21
아이스크림_31 올스타 아이스크림,253,3.48,13.04,30.43
아이스크림_31요거트,172,4.35,,
아이스크림_31요거트 아이스크림,172,4.35,5.22,26.96
아이스크림_Lessly Edition 민트 초콜릿 칩,117,3.48,,
아이스크림_Lessly Edition 아몬드 봉봉,141,4.35,,
아이스크림_Lessly Edition 엄마는 외계인,136,4.35,,
아이스크림_Lessly Edition 초코나무 숲,127,4.35,,
아이스크림_Lessly Edition 초콜릿,133,5.22,,
아이스크림_골드과일의 정석,130,2.23,3.97,21.59
아이스크림_골든 애플 요거트,153,1.74,,
아이스크림_구름 속 시나모롤 아이스크림,233,3.48,10.43,31.3
아이스크림_구슬아이스크림 초코바닐라,166,3.0,,
아이스크림_구슬아이스크림 캔디프로스,151,4.0,,
아이스크림_그레이프베리 아사이볼,152,1.72,2.76,33.79
아이스크림_그릭요거트,135,6.67,8.77,7.45
아이스크림_그릭통통 복숭아,117,2.82,4.62,16.41
아이스크림_그린티,213,4.35,,
아이스크림_그린티 아이스크림,213,4.35,11.3,23.48
아이스크림_그린티 아이스크림,230,4.2,,
아이스크림_그린티 젤라또,161,4.0,,
아이스크림_그린티 티라미수 젤라또,178,4.4,,
아이스크림_그린티 티라미스크림,420,5.91,,
아이스크림_꿀 인절미 아이스크림,193,3.25,,
아이스크림_꿀 자몽 젤라또,143,1.3,,
아이스크림_끼리크림치즈앤스트로베리 아이스크림 레디팩,216,4.38,,
아이스크림_나는 딸기치오,208,3.48,,
아이스크림_나주배 소르베,115,0.0,,
아이스크림_내가 아인슈페너,217,3.48,,
아이스크림_너 T(tea)야,225,4.35,,
아이스크림_너는 참 달고나,223,3.48,,
아이스크림_너는참달고나 아이스크림 레디팩,178,2.85,,
아이스크림_넛츠리 아사이볼,179,3.18,7.62,25.08
아이스크림_노말한소프트 아이스크림,148,1.78,,
아이스크림_녹차 아이스크림,313,4.27,10.1,51.75
아이스크림_뉴욕치즈 케이크 아이스크림,257,5.22,13.04,29.57
아이스크림_뉴욕치즈 케이크 아이스크림 레디팩,196,3.48,,
아이스크림_뉴욕치즈케이크,239,3.48,,
아이스크림_뉴욕치즈케이크아츄,382,6.18,18.17,47.63
아이스크림_다크 초코 나이트 아이스크림,302,4.35,16.52,33.91
아이스크림_다크초코렛 젤라또,168,3.7,,
아이스크림_다크초콜릿 (더블),196,3.89,,
아이스크림_다크초콜릿 (싱글),196,3.33,,
아이스크림_달고나크런치 아이스크림,174,1.96,,
아이스크림_달달자몽의 정석,159,2.06,2.35,32.35
아이스크림_달콤과일의 정석,136,2.0,4.4,22.6
아이스크림_달콤멜론볼의 정석,175,1.84,6.58,26.85
아이스크림_달콤모닝의 정석,205,2.0,2.5,43.75
아이스크림_달콤청포도의 정석,147,1.94,1.52,30.97
아이스크림_더블 초코 바나나 젤라또,188,3.9,,
아이스크림_데코콘 아이스크림,323,5.31,11.33,49.9
아이스크림_두바이스타일 초코 통통,216,4.35,,
아이스크림_디노 젤리,223,3.48,,
아이스크림_디노 젤리 아이스크림,223,3.48,10.43,28.7
아이스크림_딸기 (싱글),100,0.0,,
아이스크림_딸기 라떼 젤라또,121,1.6,,
아이스크림_딸기 솔베 젤라또,103,0.5,,
아이스크림_딸기 아이스드림,167,2.0,,
아이스크림_딸기 연유 퐁당,203,3.48,,
아이스크림_딸기 요거트 젤라또,146,2.4,,
아이스크림_딸기 젤라또,150,0.3,,
아이스크림_딸기 티라미스크림,208,2.52,,
아이스크림_딸기 파르페,252,0.99,,
아이스크림_딸기라떼 젤라또,139,2.86,,
아이스크림_딸기의 정석,158,2.96,5.56,24.08
아이스크림_딸기쿠키 아이스크림,183,2.76,,
아이스크림_땅콩 바나나 젤라또,195,5.0,,
아이스크림_라떼 젤라또,215,5.0,,
아이스크림_라이언망고 마카롱 아이스크림,195,2.61,6.96,30.43
아이스크림_러브미,217,3.48,,
아이스크림_러브미 아이스크림,217,3.48,11.3,25.22
아이스크림_럭키카라멜터틀 아이스크림,126,2.09,,
아이스크림_레드 라즈베리 소르베 아이스크림,129,0.0,0.0,32.17
아이스크림_레드 포레스트 젤라또,155,2.8,,
아이스크림_레몬 젤라또,118,0.5,,
아이스크림_레인보우 아이스크림,114,2.0,,
아이스크림_레인보우샤베트,141,0.87,,
아이스크림_레인보우샤베트 아이스크림,141,2.61,1.74,28.7
아이스크림_로얄밀크티파르페 아이스(ICED) (Short),251,2.83,,
아이스크림_로투스비스코프 아이스크림 레디팩,219,2.7,,
아이스크림_로투스비스코프 젤라또,200,3.0,,
아이스크림_리얼초콜릿오버로드 요거트아이스크림,232,4.19,,
아이스크림_리코타 젤라또,164,4.1,,
아이스크림_리코타치즈 (더블),206,2.78,,
아이스크림_리코타치즈 (싱글),206,2.22,,
아이스크림_리코타치즈 아포가토,151,1.95,,
아이스크림_리콜라 레몬민트 샤베트,194,0.87,,
아이스크림_마법사의 비밀 레시피,254,3.48,,
아이스크림_마법사의 할로윈 아이스크림,254,3.48,13.91,28.7
아이스크림_마스카포네치즈 젤라또,179,4.4,,
아이스크림_마시는 요거트,65,3.0,4.1,4.0
아이스크림_말랑 꿀떡 모찌,214,2.61,,
아이스크림_말랑 딸기 찹쌀떡,228,3.48,,
아이스크림_말차다미아,223,3.48,,
아이스크림_말차숲 오렌지의 정석,139,3.0,4.0,24.33
아이스크림_망고 (더블),109,0.56,,
아이스크림_망고 라떼 젤라또,124,1.6,,
아이스크림_망고 솔베 젤라또,121,0.4,,
아이스크림_망고 아이스드림,166,1.67,,
아이스크림_망고 아이스크림,136,1.66,,
아이스크림_망고 아이스크림,173,2.5,,
아이스크림_망고 요거트 젤라또,148,2.4,,
아이스크림_망고의 정석,148,1.88,3.75,26.25
아이스크림_망고차차 아사이볼,155,2.11,4.21,31.58
아이스크림_망고탱고,207,2.61,,
아이스크림_망고탱고 아이스크림,173,2.61,6.09,26.96
아이스크림_망고탱고 아이스크림 레디팩,177,2.4,,
아이스크림_망고패션 젤라또,129,0.54,,
아이스크림_메롱멜론,190,1.74,,
아이스크림_메이플아츄,296,4.28,7.59,51.67
아이스크림_멜론 젤라또,114,1.43,,
아이스크림_멜론멍키카바나나 요거트아이스크림,93,2.23,,
아이스크림_멜론의 정석,145,1.94,2.58,28.71
아이스크림_몬스터 아이스크림,166,2.12,,
아이스크림_무지개요아정,204,3.06,10.0,25.28
"아이스크림_미니 스노우모찌(그린티, 스트로베리, 망고)",270,4.54,,
아이스크림_민초의 정석,288,4.14,11.72,41.72
아이스크림_민트 블리스,246,4.35,,
아이스크림_민트 초코 봉봉,248,3.48,,
아이스크림_민트 초코 젤라또,181,3.3,,
아이스크림_민트초코칩 아이스크림,250,3.8,,
아이스크림_민트초콜릿칩,225,3.48,,
아이스크림_민트초콜릿칩 아이스크림,225,3.48,13.04,23.48
아이스크림_민트초콜릿칩 아이스크림 레디팩,192,3.67,,
아이스크림_밀크 아이스크림,79,2.83,,
아이스크림_밀크 아이스크림,188,4.0,,17.33
아이스크림_밀크 아포가토,79,2.86,,
아이스크림_밀크티 코파 젤라또,187,3.64,,
아이스크림_바나나 속 초코칩 젤라또,185,3.7,,
아이스크림_바나나 젤라또,170,3.7,,
아이스크림_바나나 품은 헤이즐넛 초코렛 젤라또,193,4.0,,
아이스크림_바나나쥬빌레 아이스크림,217,2.61,12.17,24.35
아이스크림_바닐라,214,3.48,,
아이스크림_바닐라 (더블),213,2.78,,
아이스크림_바닐라 (싱글),213,2.22,,
아이스크림_바닐라 빈 젤라또,165,3.6,,
아이스크림_바닐라 아이스크림,214,3.48,12.17,22.61
아이스크림_바닐라 아포가토,194,2.8,,
아이스크림_바닐라 아포가토,156,1.95,,
아이스크림_바닐라 젤라또,166,3.6,,
아이스크림_바닐라 클래식 아이스크림,115,2.0,,
아이스크림_바닐라아몬드 크런치 아이스크림,218,6.09,9.57,26.96
아이스크림_바닐라아포가토,208,2.52,,
아이스크림_바닐라품었슈,122,1.73,,
아이스크림_바람과함께사라지다,234,3.48,,
아이스크림_바람과함께사라지다 아이스크림,234,3.48,11.3,29.57
아이스크림_바삭한 쫀꾸렛,271,4.35,,
아이스크림_벅스 버니버니 당근당근 아이스크림,227,3.48,11.3,27.83
아이스크림_벌집꿀허니넛 요거트아이스크림,209,4.62,,
아이스크림_베리베리스트로베리,198,2.61,,
아이스크림_베리베리스트로베리 아이스크림,198,2.61,10.43,23.48
아이스크림_베리베리스트로베리 아이스크림 레디팩,132,2.48,,
아이스크림_베스트 샘플러 젤라또,188,2.61,,
아이스크림_보늬밤 열린 말차숲의 정석,216,3.69,4.0,41.54
아이스크림_보이즌 베리드림 아이스크림,220,3.0,,
아이스크림_복숭아 젤라또,130,1.6,,
아이스크림_봄날의 곰을 좋아하세요,183,2.61,,
"아이스크림_봉쥬르, 마카롱",231,5.22,,
아이스크림_북극곰 폴라베어,243,2.61,,
아이스크림_블랙 소르베,122,0.0,,
아이스크림_블랙 소르베 아이스크림,122,0.0,0.0,30.43
아이스크림_블록팩 뉴욕치즈 케이크 아이스크림,226,3.42,,
아이스크림_블록팩 바람과함께사라지다 아이스크림,201,2.9,,
아이스크림_블록팩 슈팅스타 아이스크림,207,2.47,,
아이스크림_블록팩 아몬드봉봉 아이스크림,217,3.16,,
아이스크림_블록팩 엄마는외계인 아이스크림,218,3.09,,
아이스크림_블록팩 이상한나라의솜사탕 아이스크림,210,3.05,,
아이스크림_블록팩 체리쥬빌레 아이스크림,185,2.52,,
아이스크림_블록팩 초콜릿무스 아이스크림,237,3.49,,
아이스크림_블록팩 쿠키앤크림 아이스크림,216,3.32,,
아이스크림_블루 바나나 브륄레,212,3.48,,
아이스크림_블루 서퍼 비치,241,3.48,,
아이스크림_블루밍 콜드브루 리코타치즈 아포가토,155,1.95,,
아이스크림_블루밍 콜드브루 바닐라 아포가토,155,1.95,,
아이스크림_블루베리 라떼 젤라또,123,1.5,,
아이스크림_블루베리 솔베 젤라또,118,0.3,,
아이스크림_블루베리 아이스크림,151,1.48,,
아이스크림_블루베리 아이스크림,149,1.76,,
아이스크림_블루베리 요거트,183,4.35,,
아이스크림_블루베리 요거트 젤라또,148,2.4,,
아이스크림_블루베리 치즈 아이스크림,193,2.78,,
아이스크림_블루베리 파나코타,197,3.48,,
아이스크림_블루베리의 정석,175,2.08,3.33,34.59
아이스크림_빠삭 두바이 초코쉘,237,3.5,10.5,26.0
아이스크림_빠삭말차 초코쉘의 정석,249,4.29,12.38,30.0
아이스크림_빠작 바나나 브륄레,133,1.85,1.45,28.15
아이스크림_사랑에 빠진 딸기,254,3.48,,
아이스크림_사랑에 빠진 딸기 아이스크림,254,3.48,13.91,28.7
아이스크림_새콤달콤의 정석,104,1.93,1.1,21.77
아이스크림_선데아이스크림스트로베리,155,2.16,,
아이스크림_선데아이스크림플레인,151,2.34,,
아이스크림_선데아이스크림허쉬초코,164,2.27,,
아이스크림_소금 우유 아이스크림,193,4.35,,
아이스크림_소소한행복 그릭요거트,147,15.09,,
아이스크림_소프트 아이스크림,168,3.08,,
아이스크림_소프트 아이스크림,171,2.05,,
아이스크림_소프트 아이스크림,139,3.0,4.5,21.62
아이스크림_소프트 아이스크림 (컵),159,2.73,,
아이스크림_소프트 아이스크림 (콘),241,4.44,,
아이스크림_소프트콘,164,2.78,,
아이스크림_솔티 카라멜 글레이즈,261,4.12,,
아이스크림_솔티 카라멜 글레이즈 프레즐,268,4.43,,
아이스크림_솔티끼 나 너 초코,246,3.48,,
아이스크림_솔티드 카라멜 젤라또,167,3.2,,
아이스크림_솔티드 카초멜리아 젤라또,180,3.8,,
아이스크림_솜사탕 젤라또,119,1.3,,
아이스크림_수박 Hero,143,0.0,,
아이스크림_수퍼 펭귄 시리얼 아이스크림,262,3.48,14.78,28.7
아이스크림_순수우유 소프트콘,213,4.24,,
"아이스크림_숭아야, 그릭다",172,3.48,,
아이스크림_슈크림 젤라또,206,5.0,,
아이스크림_슈크림 코파 젤라또,208,4.86,,
아이스크림_슈팅스타,226,2.61,,
아이스크림_슈팅스타 아이스크림,226,2.61,10.43,30.43
아이스크림_슈팅스타 아이스크림 레디팩,189,2.77,,
아이스크림_스트라치아텔라 젤라또,177,3.8,,
아이스크림_스트로베리 아이스크림,115,2.0,,
아이스크림_스트로베리 치즈 아이스크림,179,2.48,,
아이스크림_스트로베리파라다이스 요거트아이스크림,119,2.51,,
아이스크림_스틱바민트쿠앤크 아이스크림,265,3.0,,
아이스크림_스틱바초코그린티 아이스크림,225,3.65,,
아이스크림_시그니처 샘플러 젤라또,182,2.53,,
아이스크림_시그니처 콜드브루 리코타치즈 아포가토,155,1.95,,
아이스크림_시그니처 콜드브루 바닐라 아포가토,160,1.95,,
아이스크림_시나몬그래그래바나밤 요거트아이스크림,145,2.99,,
아이스크림_시카고팝콘 아이스크림,232,3.48,13.04,25.22
아이스크림_시크릿 컵 젤라또,187,3.03,,
아이스크림_시크릿 콘 젤라또,214,3.92,,
아이스크림_싱가포르의아침 그릭요거트,164,11.93,,
아이스크림_쌀떡궁합 아이스크림,138,1.96,,
아이스크림_썬대,196,3.17,6.86,30.45
아이스크림_아몬드봉봉,271,4.35,,
아이스크림_아몬드봉봉 아이스크림,271,4.35,13.91,32.17
아이스크림_아빠는 딸바봉,268,3.48,,
아이스크림_아이 원 츄,280,3.48,,
아이스크림_아이스 그린티 킷캣,245,4.35,,
아이스크림_아이스 노티드 우유 생크림 아이스크림,236,3.48,13.04,26.09
아이스크림_아이스 노티드 클래식 바닐라 아이스크림,196,3.48,7.83,27.83
아이스크림_아이스 도쿄바나나,210,3.48,,
아이스크림_아이스 맥심 모카골드,227,3.48,,
아이스크림_아이스 메론빵,215,3.48,,
아이스크림_아이스 초코 도쿄바나나,223,3.48,,
아이스크림_아이스 칸탈로프 멜론,185,1.74,,
아이스크림_아이스 호떡,249,3.48,,
아이스크림_아이스마카롱 체리쥬빌레,295,5.82,,
아이스크림_아이스마카롱 쿠키앤크림,308,5.82,,
아이스크림_아이스죠리퐁 아이스크림 레디팩,173,2.57,,
아이스크림_아이스크림,113,2.5,2.92,20.0
아이스크림_아이스크림,172,2.34,,
아이스크림_아이스크림 스틱바 민트쿠앤크,265,3.0,,
아이스크림_아이스크림 스틱바 초코그린티,225,3.65,,
아이스크림_아이스크림롤 바닐라,328,6.25,,
아이스크림_아이스크림롤 초콜릿,328,6.25,,
아이스크림_아이스크림츄러스,189,3.7,6.2,29.49
아이스크림_아임베리파인 요거트아이스크림,134,3.09,,
아이스크림_아츄 아이스크림,173,3.13,5.63,27.5
아이스크림_아포가토,97,1.67,6.11,8.89
아이스크림_알폰소 망고,215,2.61,,
아이스크림_알폰소 망고 아이스크림,215,2.61,9.57,29.57
아이스크림_애망빙,170,1.74,,
아이스크림_애플 민트,164,5.22,,
아이스크림_애플 민트 아이스크림,164,5.22,4.35,26.09
아이스크림_엄마는외계인,257,4.35,,
아이스크림_엄마는외계인 아이스크림,257,4.35,13.91,28.7
아이스크림_에스프레소 (더블),156,2.78,,
아이스크림_에스프레소 (싱글),156,2.22,,
아이스크림_에스프레소 앤 크림,178,4.35,,
아이스크림_에스프레소 앤 크림 아이스크림,178,4.35,7.83,22.61
아이스크림_연유꿀자몽플라츠 요거트아이스크림,130,2.76,,
아이스크림_연유베리플라츠 요거트아이스크림,136,2.88,,
아이스크림_오란다 요거트,326,4.81,,
아이스크림_오레오 아츄,345,5.4,11.0,55.87
아이스크림_오레오 쿠키 앤 콜드브루,250,2.61,,
아이스크림_오레오 쿠키 앤 크림,221,3.48,,
아이스크림_오레오 쿠키 앤 크림치즈 아이스크림,265,4.35,14.78,28.7
아이스크림_오레오쿠키앤카라멜 아이스크림 레디팩,199,2.76,,
아이스크림_오레오쿠키앤크림 아이스크림 레디팩,191,2.97,,
아이스크림_오렌지말차초코링 아사이볼,129,1.76,4.21,20.7
아이스크림_오망고볼의 정석,125,2.0,1.43,25.71
아이스크림_오몽코코 아사이볼,131,1.7,2.71,29.15
아이스크림_오자몽의 정석,98,2.11,1.08,20.53
아이스크림_와르르 베리 젤라또,268,2.5,,
아이스크림_와사비 아이스크림,198,3.48,,
아이스크림_와이키키망고비치 요거트아이스크림,144,2.93,,
아이스크림_요거트 (더블),154,2.78,,
아이스크림_요거트 (싱글),154,2.22,,
아이스크림_요거트 아이스크림 (3인),171,2.5,,
아이스크림_요거트 젤라또,150,2.6,,
아이스크림_요거트 젤라또,271,2.0,,
아이스크림_요거트아이스크림,123,3.61,,
아이스크림_요아 팥빙의 정석,216,3.53,2.35,47.35
아이스크림_요아정 스쿱볼의 정석,122,1.82,2.73,23.18
아이스크림_요아정 시그니처 벌집꿀+그래놀라,206,2.17,3.48,41.31
아이스크림_요아정 아이스크림,123,3.11,1.83,23.4
아이스크림_우주 라이크 봉봉,254,4.35,,
아이스크림_월넛,240,7.83,,
아이스크림_월넛 아이스크림,240,7.83,10.43,28.7
아이스크림_월넛버터 스카치 아이스크림,265,4.5,,
아이스크림_위대한 비쵸비,250,3.48,,
아이스크림_윈터 민트 초콜릿 칩,250,3.48,,
아이스크림_유기농 아이스크림 바닐라,169,2.5,,
아이스크림_유기농 아이스크림 초콜릿,183,3.33,,
아이스크림_이상한 나라의 슈팅스타,240,3.48,,
아이스크림_이상한나라의솜사탕,250,4.35,,
아이스크림_이상한나라의솜사탕 아이스크림,250,4.35,13.04,28.7
아이스크림_인절미 아이스크림,159,4.01,,
아이스크림_인절미 아츄,298,6.36,8.52,44.59
아이스크림_자모카아몬드훠지,237,4.35,,
아이스크림_자모카아몬드훠지 아이스크림,237,4.35,11.3,29.57
아이스크림_자몽허니콤보초코링 아사이볼,131,1.67,3.33,23.33
아이스크림_자바 칩 바닐라 아포가토,222,3.42,,
아이스크림_자바 칩 유기농 아이스크림 바닐라,266,4.17,,
아이스크림_자바 칩 유기농 아이스크림 초콜릿,290,5.21,,
아이스크림_자바 칩 초콜릿 아포가토,242,4.27,,
아이스크림_저니 오브 모나크,223,4.35,,
아이스크림_제주녹차 (더블),194,3.33,,
아이스크림_제주녹차 (싱글),194,3.33,,
아이스크림_쫀떡궁합,245,4.35,,
아이스크림_쫀떡궁합 아이스크림,245,4.35,12.17,29.57
아이스크림_찰떡꽁떡 아이스크림,140,3.0,,
아이스크림_찰떡이구마,214,3.48,,
아이스크림_찰떡이구마 아이스크림,210,3.48,7.83,31.3
아이스크림_찰떡팥 젤라또 (더블),146,1.11,,
아이스크림_찰떡팥 젤라또 (싱글),147,1.11,,
아이스크림_청포도 샤베트,152,0.0,,
아이스크림_청포도 아이스크림,146,1.82,,
아이스크림_체리 크림 젤라또,206,3.0,,
아이스크림_체리&딸기 코파 젤라또,180,1.74,,
아이스크림_체리쥬빌레,208,2.61,,
아이스크림_체리쥬빌레 아이스크림,208,2.61,9.57,27.83
아이스크림_체리쥬빌레 아이스크림 레디팩,187,2.58,,
아이스크림_초코 아몬드 봉봉 아이스크림,268,5.22,13.91,30.43
아이스크림_초코 아이스크림,350,6.95,11.83,53.66
아이스크림_초코 아이스크림,165,3.06,,
아이스크림_초코 아이스크림,152,3.2,4.8,24.0
아이스크림_초코 코코넛 젤라또,214,4.0,,
아이스크림_초코 티라미스크림,277,3.16,,
아이스크림_초코 퐁당 쿠키런 아이스크림,280,3.48,15.65,31.3
"아이스크림_초코, 우리 이제 헤이즐넛",239,4.35,,
아이스크림_초코나무 숲,262,3.48,,
아이스크림_초코나무숲 아이스크림,252,6.09,12.17,29.57
아이스크림_초코넛 마카다미아 아이스크림,235,3.48,12.17,27.83
아이스크림_초코렛 젤라또,193,4.3,,
아이스크림_초코릿 엑스타시 아이스크림,132,2.0,,
아이스크림_초코아츄 아이스크림,201,3.64,7.27,30.3
아이스크림_초코야 민트해 아이스크림,283,3.48,15.65,32.17
아이스크림_초코에 반한 딸기의 정석,204,3.0,10.0,25.33
아이스크림_초코에 반한 오자몽의 정석,176,2.55,6.38,27.03
아이스크림_초코자몽의 정석,144,1.94,2.58,27.42
아이스크림_초코쿠키 아이스크림,186,3.43,,
아이스크림_초코크런치 젤라또,243,2.86,,
아이스크림_초콜릿,238,4.35,,
아이스크림_초콜릿 아이스크림,238,4.35,12.17,27.83
아이스크림_초콜릿 아포가토,216,3.74,,
아이스크림_초콜릿 칩 아이스크림,233,3.48,13.91,23.48
아이스크림_초콜릿무스,277,4.35,,
아이스크림_초콜릿무스 아이스크림,277,4.35,15.65,29.57
아이스크림_초콜릿파르페 아이스(ICED) (Short),259,3.27,,
아이스크림_춘식이가 반할수박에 아이스크림,143,0.0,0.87,33.91
아이스크림_춘식이의 고구마얌,201,2.61,,
아이스크림_츄로 젤라또,214,4.0,,
아이스크림_치즈 고구마구마,213,3.48,,
아이스크림_치즈가 브러우니,206,3.48,,
아이스크림_치즈케이크마카롱판타지 요거트아이스크림,222,4.46,,
아이스크림_치즈큐브 블루베리,193,2.78,,
아이스크림_치즈큐브 스트로베리,179,2.48,,
아이스크림_치토스 밀크쉐이크 아이스크림 아이스크림,216,3.48,,
아이스크림_카라멜 아이스크림,387,5.51,18.06,50.41
아이스크림_카라멜 젤라또,171,3.2,,
아이스크림_카초멜리아 젤라또,182,3.7,,
아이스크림_카카오골드 젤라또,187,85.0,,
아이스크림_카카오맘보 아사이볼,182,2.64,5.61,33.99
아이스크림_카페 모카 젤라또,159,3.3,,
아이스크림_카페 에스프레소 아이스크림,126,2.0,,
아이스크림_카페오레 초코 크런치,250,3.48,,
아이스크림_캠핑 앤 스모어 아이스크림,244,3.48,11.3,32.17
아이스크림_컬러후레이크 아이스크림,398,5.21,14.58,61.46
아이스크림_코코넛허니시트러스 요거트아이스크림,141,2.67,,
아이스크림_콘 아이스크림,323,5.31,11.33,49.9
아이스크림_콜드브루 리코타치즈 아포가토 디카페인,155,1.95,,
아이스크림_콜드브루 바닐라 아포가토 디카페인,159,1.95,,
아이스크림_쿠키 & 크림 젤라또,168,3.6,,
아이스크림_쿠키 아이스크림,187,2.92,,
아이스크림_쿠키앤크림 아이스크림,198,4.35,10.43,21.74
아이스크림_쿠키앤크림 아이스크림,130,2.0,,
아이스크림_크리미 요거트 젤라또,172,3.2,,
아이스크림_크리스피 아이스크림 콘,172,3.03,,
아이스크림_키세스 브라우니 초콜릿,243,4.35,,
아이스크림_키위 아이스드림,169,2.0,,
아이스크림_탕탕 스트로베리,186,1.74,,
아이스크림_토네이도더블초코,186,2.74,,
아이스크림_토네이도망고젤리,155,2.0,,
아이스크림_토네이도스트로베리,157,2.25,,
아이스크림_토네이도요거트맛 망고젤리,153,1.91,,
아이스크림_토네이도요거트맛 스트로베리,155,2.15,,
아이스크림_토네이도요거트맛 초코쿠키,176,2.68,,
아이스크림_토네이도초코쿠키,179,2.82,,
아이스크림_토핑요거트 딸기,147,1.89,,
아이스크림_토핑요거트 망고,155,1.85,,
아이스크림_토핑요거트 복숭아,148,1.68,,
아이스크림_토핑요거트 블루베리,148,1.73,,
아이스크림_토핑요거트 자몽,149,1.83,,
아이스크림_토핑요거트 초코브라우니,206,2.83,,
아이스크림_토핑요거트 치즈,208,3.39,,
아이스크림_토핑요거트 파인애플,333,2.67,,
아이스크림_토핑요거트 플레인 (L),171,2.4,,
아이스크림_토핑요거트 플레인 (M),171,2.4,,
아이스크림_토핑요거트 플레인 (S),171,2.4,,
아이스크림_토핑요거트 홍시,179,1.76,,
아이스크림_투둠초콜릿 프레첼 아이스크림,237,3.48,11.3,30.43
아이스크림_트로피컬 썸머 플레이,162,0.87,,
아이스크림_트로피컬 콜라다,110,0.87,,
아이스크림_트리플민초 아이스크림 레디팩,203,3.9,,
아이스크림_트윈베리 아사이볼,151,2.14,2.86,33.21
아이스크림_티라미수 밀크 아이스크림,100,2.5,,
아이스크림_티라미수 젤라또,207,4.0,,
아이스크림_티라미수 젤라또,165,4.2,,
아이스크림_파인애플 젤라또,133,0.0,,
아이스크림_파핑파핑 바나나 아이스크림,205,2.61,10.43,25.22
아이스크림_팝핑 스타 라이즈 아이스크림,210,1.74,7.83,33.04
아이스크림_팥있는 말차당,210,3.48,,
아이스크림_퐁스크림,175,2.46,,
아이스크림_프루티 망고,173,2.5,,
아이스크림_프루티 블루베리,151,1.48,,
아이스크림_프루티 스트로베리,177,2.5,,
아이스크림_프룻포레스트 요거트 아이스크림,180,3.7,,
아이스크림_프릳츠 커피 아이스크림,227,4.35,11.3,26.96
아이스크림_플레인 밀크 아이스크림,79,2.83,,
아이스크림_플레인 요거트 아이스크림,183,1.82,,
아이스크림_플레인 요거트 아이스크림 (2인),186,2.73,,
아이스크림_플레인 요거트 아이스크림 (3인),186,2.73,,
아이스크림_플레인 요거트 아이스크림(2인),170,2.5,,
아이스크림_피나콜라다 아이스크림,173,0.87,2.61,36.52
아이스크림_피넛버터 & 젤리 젤라또,202,5.4,,
아이스크림_피넛카라멜 토핑요거트,335,5.3,,
아이스크림_피스타치오 아몬드,263,6.09,,
아이스크림_피스타치오 젤라또,206,5.0,,
아이스크림_피스타치오아몬드 아이스크림,263,6.09,15.65,24.35
아이스크림_피치 Pang 망고 Pang,176,0.87,,
아이스크림_피치 요거트,192,1.74,,
아이스크림_피치 요거트 아이스크림,192,1.74,3.57,38.26
아이스크림_하루한번하늘 그릭요거트,247,20.36,,
아이스크림_한입 요거트 딸기,153,2.0,,
아이스크림_한입 요거트 마시멜로우,179,2.26,,
아이스크림_한입 요거트 망고,181,2.0,,
아이스크림_한입 요거트 복숭아,181,2.0,,
아이스크림_한입 요거트 블루베리,155,2.0,,
아이스크림_한입 요거트 자몽,135,1.79,,
아이스크림_한입 요거트 초코,143,2.86,,
아이스크림_한입 요거트 치즈,143,2.86,,
아이스크림_한입 요거트 코코젤리,125,1.64,,
아이스크림_한입 요거트 타피오카펄,160,1.64,,
아이스크림_한입 요거트 트로피칼,181,2.0,,
아이스크림_한입 요거트 파인애플,342,2.77,,
아이스크림_한입 요거트 홍시,162,1.72,,
아이스크림_행운 찰떡의 정석,200,3.75,2.92,39.59
아이스크림_허니 레몬 젤라또,129,1.6,,
아이스크림_허니 크런치,230,3.48,,
아이스크림_헤이즐넛 초코렛 젤라또,193,4.2,,
아이스크림_헤이즐넛초콜렛 젤라또,193,4.2,,
아이스크림_호키포키 바닐라 아이스크림,121,2.0,,
아이스크림_홍시 아이스드림,176,2.0,,
아이스크림_화이트초콜릿라즈베리 아이스크림,114,2.0,,
아이스크림_흑당 아이스크림,162,1.94,1.74,34.19
아이스크림_흑당아츄 아이스크림,202,2.56,4.62,37.44
아이스크림_흑백쿠키의 정석,239,2.95,8.86,36.9
아이스티_NEW 복숭아 아이스티,9,0.03,0.03,2.11
아이스티_NEW복숭아아이스티,31,0.01,0.11,7.54
아이스티_납작복숭아 아이스티 (L),33,0.04,,
아이스티_납작복숭아 아이스티 (R),33,0.05,,
아이스티_납작복숭아 아이스티 (V),33,0.04,,
아귀찜,78,12.08,1.33,4.37
아이스티_달콤아이스티,38,0.11,,
아이스티_달콤아이스티 빽사이즈,43,0.11,,
아이스티_달콤아이스티 아이스(ICED) 빽사이즈,43,0.11,,
아이스티_디카페인 아샷추 (EX),49,0.0,,
아이스티_디카페인 아샷추 (R),41,0.0,,
아이스티_디카페인 아샷추 아이스티,34,0.0,,
아이스티_디카페인 제로슈가 아샷추 (R),3,0.0,,
아이스티_딸기 아이스 티,23,0.0,,
아이스티_딸기 아이스티,23,0.0,,
아이스티_라즈베리 아이스티 (R),31,0.0,,
아이스티_라즈베리 아이스티 (V),30,0.0,,
아이스티_레몬 아이스티,38,0.0,,
아이스티_레몬 아이스티,35,0.0,,
아이스티_레몬 아이스티,38,0.0,,
아이스티_레몬 아이스티 (EX),47,0.0,,
아이스티_레몬 아이스티 (L),27,0.0,,
아이스티_레몬 아이스티 (M),26,0.0,,
아이스티_레몬 크러쉬 아이스티 (XL),48,0.0,,
스무디_딸기 쉐이크,93,0.67,,
아이스티_레몬아이스티,34,0.0,,
아이스티_레몬아이스티,37,0.02,,
아이스티_로즈 오로라 아이스티,61,0.0,,
아이스티_리치 히비 빅 아이스티 (V),19,0.05,,
아이스티_망고홍차 아이스티,25,0.03,0.01,6.15
아이스티_복숭아 아이스티,40,0.0,,
아이스티_복숭아 아이스티,51,0.06,0.08,12.4
아이스티_복숭아 아이스티,37,0.0,0.0,
아이스티_복숭아 아이스티,34,0.02,,
아이스티_복숭아 아이스티,40,0.0,,
아이스티_복숭아 아이스티,39,0.0,,
아이스티_복숭아 아이스티,37,0.02,,
아이스티_복숭아 아이스티,35,0.0,,
아이스티_복숭아 아이스티 (EX),48,0.0,,
아이스티_복숭아 아이스티 (L),54,0.0,,
아이스티_복숭아 아이스티 (L),29,0.0,,
아이스티_복숭아 아이스티 (M),28,0.0,,
아이스티_복숭아 아이스티 (R),33,0.0,,
아이스티_복숭아 아이스티 (V),30,0.0,,
아이스티_복숭아 아이스티 빅사이즈,34,0.02,,
아이스티_복숭아 아이스티 코코넛젤리 (Venti),28,0.06,,
아이스티_복숭아 아이스티 코코넛젤리 (초대용량),28,0.06,,
아이스티_복숭아 크러쉬 아이스티 (XL),48,0.0,,
아이스티_복숭아숭숭 아이스(ICED) (L),38,0.0,,8.56
아이스티_복숭아아이스티,42,0.01,0.0,10.43
아이스티_복숭아아이스티,36,0.03,,
아이스티_복숭아아이스티 (L),37,0.02,,
아이스티_복숭아아이스티 (XL),34,0.02,,
아이스티_복숭아아이스티 아이스(ICED),42,0.01,,
아이스티_빅바나 제로슈가 레몬 아이스티,3,0.04,0.01,0.1
아이스티_빅바나 제로슈가 복숭아 아이스티,1,0.04,0.04,0.0
아이스티_샤인 매실 아이스티,44,0.24,,
아이스티_아망추,42,0.14,,
아이스티_아망추 (EX),56,0.15,,
아이스티_아망추 (Grande),39,0.21,,
아이스티_아망추 (Mini Venti),34,0.18,,
아이스티_아망추 (R),53,0.24,,
아이스티_아망추 (Venti),35,0.14,,
아이스티_아망추 빽사이즈,58,0.21,,
아이스티_아샷망추,44,0.56,,
아이스티_아샷망추 빽사이즈,53,0.32,,
아이스티_아샷추,47,0.0,,
아이스티_아샷추,38,0.21,,
아이스티_아샷추 (EX),50,0.0,,
아이스티_아샷추 (R),42,0.0,,
아이스티_아샷추 복숭아 아이스티,35,0.1,,
아이스티_아이스티,44,0.0,,
아이스티_아이스티,44,0.03,,
아이스티_아이스티,33,0.0,,
아이스티_아이스티 레몬,88,0.0,,
아이스티_아이스티 망고추가,44,0.04,,
아이스티_아이스티 망고추가 빅사이즈,43,0.03,,
아이스티_아이스티 복숭아,88,0.0,,
아이스티_아이스티 복숭아 (L),61,0.0,,
아이스티_아이스티 복숭아 (R),46,0.0,,
아이스티_아이스티 샷추가 (L),41,0.23,,
아이스티_아이스티 샷추가 (XL),40,0.17,,
아이스티_아이스티 샷추가 빅사이즈,40,0.11,,
아이스티_아이스티샷추가 아샷추,37,0.13,,
아이스티_아이스티샷추가 아샷추 빽사이즈,31,0.11,,
아이스티_아파추 (Grande),36,0.0,,
아이스티_아파추 (Mini Venti),36,0.18,,
아이스티_아파추 (Venti),33,0.0,,
아이스티_애사비 제로칼로리 복숭아 아이스티 (Venti),1,0.02,,
아이스티_애플망고 아이스티,42,0.09,,
아이스티_왕메가아이스티,49,0.04,0.01,12.31
아이스티_자두 아이스티 (L),30,0.0,,
아이스티_자두 아이스티 (M),24,0.0,,
아이스티_자몽 얼그레이 아이스티 (L),53,0.0,,
아이스티_자이언트 아이스티,48,0.0,,
아이스티_제로 복숭아 아이스티,3,0.0,,
아이스티_제로 복숭아 아이스티,4,0.01,0.01,3.17
아이스티_제로슈가 레몬아이스티,3,0.05,0.01,0.15
아이스티_제로슈가 복숭아 아이스티,1,0.03,0.04,0.0
아이스티_제로슈가 아샷추 (R),3,0.24,,
아이스티_제로슈가 아이스티 (R),2,0.0,,
아이스티_제로슈가 체리 아이스티,2,0.03,0.01,0.04
아이스티_제로칼로리 청사과 피치 아이스티 제로슈거 (초대용량),2,0.1,,
아이스티_청귤 자스민 빅 아이스티 (V),20,0.08,,
아이스티_청포도 민트 빅 아이스티 (V),22,0.08,,
아이스티_청포도 아이스티,40,0.0,,
아이스티_카테킨 청사과 아이스티 (Venti),1,0.03,,
아이스티_플러스 망고홍차 아이스티,34,0.1,0.05,8.59
아이스티_피치 우롱 빅 아이스티 (V),23,0.16,,
아이스티_피치아이스티,35,0.0,,
알밥,86,2.3,1.45,15.67
알밥,128,4.73,5.11,15.75
알밥,86,2.4,1.08,16.25
알밥,86,2.4,1.08,16.25
알밥,86,2.3,1.45,15.67
알밥_간편조리세트_갑오징어알뚝밥,124,9.82,4.88,10.21
아이스티_아이스티 샷추가,41,0.15,,
알탕,39,6.37,0.74,1.74
알탕,25,2.8,0.52,2.42
알탕_해물,46,6.82,1.03,2.29
앙금빵_고구마앙금빵,253,5.26,,
앙금빵_라우겐(2개입),276,8.33,,
앙금빵_마구마구 고구마,248,5.1,,
앙금빵_앙 호두버터샌드,424,7.6,,
앙금빵_앙금빵의 정석 망고,298,6.67,1.5,63.33
앙금빵_앙금빵의 정석 메론,298,6.67,1.33,65.0
앙금빵_앙버터 라우겐,387,7.33,,
앙금빵_앙버터라우겐,354,6.12,,
앙금빵_앙버터빵,372,7.0,19.72,41.64
앙금빵_완두 앙금빵,319,7.5,,
앙금빵_완두앙금빵,255,7.0,,
앙금빵_완두앙금빵,306,7.5,,
앙금빵_완전소중한완두 앙금빵,281,7.19,,
앙금빵_적앙금트위스트(갈비빵),330,8.0,,
앙금빵_찹쌀앙금빵,341,7.06,,
애호박 감자된장국_바지락,24,1.9,0.33,3.39
애호박 감자된장국_바지락,23,1.9,0.3,3.35
애호박 감자된장국_바지락,23,1.9,0.32,3.16
애호박 된장국,23,2.0,0.48,3.18
애호박 볶음,64,1.1,4.95,4.25
애호박나물,37,1.3,1.44,5.51
애호박나물,37,1.3,1.44,5.51
애호박나물,37,1.3,1.44,5.51
애호박볶음,59,1.32,3.62,5.3
애호박부침개,159,4.6,6.56,19.42
애호박부침개,159,4.6,6.56,19.42
애호박부침개_새우,141,6.4,5.28,16.23
애호박부침개_새우,141,6.4,5.28,16.23
애호박전,87,2.2,5.88,6.0
애호박전,142,3.6,8.65,11.87
애호박전,122,4.35,8.62,6.73
애호박전,84,2.2,5.35,6.53
애호박전,126,3.5,6.98,12.12
애호박죽,77,1.4,0.96,15.0
애호박찌개,17,0.9,0.17,3.54
애호박찌개_감자,38,3.7,0.95,3.87
애호박찌개_감자,38,3.7,0.95,3.87
애호박찌개_두부,39,3.7,1.04,3.79
애호박찜,36,1.7,1.46,4.43
애호박찜,181,9.5,6.48,21.18
애호박찜,41,2.0,1.65,5.05
애호박찜,36,1.7,1.46,4.43
액상커피_커피가루(중량1g),4,0.2,0.01,0.7
액상커피_커피가루_설탕(중량2.7g),17,0.18,0.0,3.98
액상커피_커피가루_설탕_크림(중량12g),51,0.43,1.03,10.06
야채빵_그냥먹어도맛있는햄야채롤(6개입),361,10.1,,
야채빵_맛살크림 샐러드,333,7.78,,
야채빵_야채 샐러드,197,4.17,,
야채빵_야채넣은 롤빵,332,12.0,,
야채빵_양파꽃이피었습니다,368,7.86,,
야채빵_에그마요 샐러드,245,8.33,,
야채빵_올리브야채 브레드,283,8.0,,
야채빵_햄야채롤 (6개입),354,10.61,,
야채빵_햄야채롤 (8개입),352,10.98,,
약과,399,4.2,4.75,84.89
약과_아카시아 허니 글레이즈드,379,7.58,,
약식,220,4.44,2.32,45.43
약식,220,4.21,2.45,45.24
양념 도토리묵,55,1.1,1.27,9.91
양념 돼지고기튀김,189,12.9,8.58,13.89
양념 돼지고기튀김,189,12.9,8.58,13.89
양념 바지락젓,50,5.8,1.97,2.07
양념 새우젓,67,7.3,1.5,6.78
양념 오징어젓,60,7.9,1.08,4.81
양념 오징어젓,112,5.1,3.35,15.71
양념 오징어젓_낙지,66,8.2,1.33,5.27
양념두부,68,6.2,3.39,2.99
양념채김치,53,3.3,1.55,7.5
양념초장,134,10.4,1.03,21.8
양념초장,134,10.4,1.03,21.8
양미리조림,65,5.76,0.66,9.09
양미리조림,143,18.1,4.45,5.61
양미리조림,143,18.1,4.45,5.61
양배추 겉절이,46,2.0,1.38,7.87
양배추 겉절이,39,1.7,1.24,6.5
양배추 겉절이,39,1.7,1.24,6.5
양배추 겉절이,46,2.0,1.38,7.87
양배추 된장국,34,2.9,0.89,3.93
양배추 사과 샐러드,141,1.1,10.68,11.56
양배추 사과 샐러드,136,0.8,10.74,10.14
양배추 사과 샐러드,136,0.8,10.74,10.14
양배추 샐러드,99,0.9,8.95,4.32
양배추 샐러드,99,0.9,8.95,4.32
양배추 초나물,66,2.0,2.75,9.44
양배추 초나물,65,2.0,2.75,9.45
양배추김치,39,2.2,0.39,8.29
양배추나물,71,2.2,3.76,8.69
양배추나물,71,2.2,3.76,8.69
양배추부추무침,34,1.9,0.51,6.71
양배추부추무침,41,2.2,0.65,8.08
양배추부추무침,41,2.2,0.6,8.01
양배추부추무침,34,1.9,0.51,6.71
양배추오이  샐러드,188,1.8,17.09,8.2
양배추오이  샐러드,188,1.8,17.09,8.2
양상추 샐러드,79,1.7,6.14,4.72
양상추 샐러드,78,1.1,6.29,4.84
양상추 샐러드,79,1.7,6.14,4.72
양상추 샐러드,78,1.1,6.29,4.84
양송이 덮밥,93,1.9,0.65,19.64
양송이 덮밥,93,1.9,0.65,19.64
양송이버섯볶음_소고기,102,4.7,7.57,5.16
양송이버섯볶음_소고기,84,4.1,6.3,3.85
양송이버섯볶음_소고기,104,4.5,7.58,5.17
양송이버섯볶음_소고기,84,4.1,6.3,3.85
양장피,81,10.7,1.8,5.33
양장피,133,7.3,6.63,10.95
양장피,81,10.7,1.8,5.33
양태구이,107,14.0,5.11,0.1
양파 소고기전,155,5.0,10.63,8.88
양파링튀김,411,3.86,25.23,43.58
양파볶음,68,0.9,5.18,4.71
양파볶음,67,0.9,5.18,4.72
양파볶음,56,0.99,1.54,9.51
양파장아찌,63,0.6,0.03,16.05
어묵 감자볶음,208,8.2,9.07,23.66
어묵 감자볶음,209,8.2,9.07,23.61
어묵 감자볶음,208,8.2,9.12,23.52
어묵 매운탕,36,2.5,0.89,4.64
어묵 매운탕,39,2.7,0.81,5.66
어묵 매운탕,40,2.8,0.84,5.86
어묵 매운탕,40,2.8,0.84,5.86
어묵 오이무침,128,7.7,3.07,18.13
어묵 오이무침,126,7.7,3.07,18.17
어묵 오이무침,127,7.7,3.08,18.2
어묵 우동,61,1.8,0.8,11.21
어묵 우동,71,2.1,1.1,12.77
어묵 우동,52,1.6,0.65,9.51
어묵 우동,61,1.9,0.72,11.22
어묵국,21,1.4,0.47,2.75
어묵국,32,2.2,0.78,4.16
어묵국,43,3.3,0.99,5.53
어묵국,50,3.9,1.19,6.34
어묵국(어묵탕),31,1.49,1.03,3.83
어묵국(어묵탕)_간편조리세트_프리미엄 이자카야어묵탕,69,3.48,1.26,11.01
어묵국(어묵탕)_고춧가루,30,1.93,0.69,4.31
어묵국(어묵탕)_고춧가루 제외,21,1.4,0.48,2.92
어묵국(어묵탕)_고춧가루 제외,25,1.69,0.58,3.44
어묵국(어묵탕)_츠쿠네 어묵탕,63,5.2,,
어묵국물,7,0.5,0.13,1.05
어묵볶음,197,8.41,7.29,24.33
어묵볶음,350,17.0,13.81,39.84
어묵볶음,110,4.7,5.44,10.49
어묵볶음,125,7.3,3.87,15.39
어묵볶음,110,4.7,5.44,10.49
어묵볶음_어묵,89,5.07,2.93,11.02
어묵볶음_어묵_채소,78,3.97,2.76,9.78
어묵볶음_어묵_채소,88,4.25,3.57,10.04
어묵볶음_어묵_채소,80,4.23,2.76,9.87
어묵볶음_어묵_채소,78,3.65,3.19,8.9
어묵볶음_채소,89,4.3,3.57,10.05
어묵볶음_채소,78,3.7,3.19,8.88
어묵볶음_채소,81,4.2,2.76,9.87
어묵볶음_채소,79,4.0,2.76,9.77
어묵볶음_채소,152,6.33,6.41,17.2
어묵잡채,126,6.5,6.53,9.87
어묵잡채,126,6.5,6.53,9.87
어묵잡채,128,6.7,6.55,10.14
어묵잡채,128,6.7,6.55,10.14
어묵전,214,9.9,8.96,22.1
어묵전,334,15.3,13.86,35.46
어묵조림,166,8.4,6.88,17.71
어묵조림,179,9.6,5.61,22.68
어묵조림,179,9.6,5.61,22.68
어묵조림,159,5.83,4.73,23.16
어묵조림,166,8.4,6.88,17.71
어묵조림_풋고추,173,9.3,5.72,21.18
어묵조림_풋고추,172,9.3,5.72,21.18
어묵탕,21,1.4,0.48,2.86
어묵탕,25,1.7,0.58,3.38
어묵탕,30,2.1,0.73,3.92
어묵탕,30,2.1,0.73,3.92
어묵탕_고춧가루,29,1.9,0.69,4.23
어묵탕_고춧가루,36,2.5,0.89,4.64
어묵탕_고춧가루,36,2.5,0.89,4.64
어묵탕_고춧가루,36,2.5,0.89,4.64
어묵튀김,179,8.4,8.93,15.75
어묵튀김,179,8.5,8.89,15.76
어묵튀김,179,8.4,8.93,15.75
어묵튀김,180,8.5,9.03,15.34
어육소시지전,177,8.23,10.14,12.73
어죽,69,2.55,0.94,12.6
어탕,57,8.47,2.06,1.21
얼갈이 겉절이,22,1.3,0.43,4.12
얼갈이 나물,48,1.9,3.05,3.96
얼갈이 나물,48,1.9,3.05,4.0
얼갈이 된장국,11,0.9,0.29,1.56
얼갈이 된장국,13,0.9,0.45,1.72
얼갈이 된장국,14,1.0,0.42,1.76
얼갈이 된장국,10,0.8,0.26,1.49
얼갈이겉절이,21,1.12,0.51,3.61
얼갈이겉절이,27,1.17,0.65,4.71
얼갈이겉절이,25,1.14,0.71,4.09
얼갈이배추김치,30,1.88,0.58,4.37
얼갈이배추김치,63,1.59,1.45,10.94
에이드_감귤 레몬 에이드 (EX),32,0.06,,
에이드_감귤 레몬 에이드 (L),26,0.06,,
에이드_그린애플 스파클링 에이드,40,0.0,,
에이드_깔라만시 에이드,27,0.05,,
에이드_깔라만시 에이드,31,0.21,,
에이드_깔라만시 에이드,30,0.14,,
에이드_깔라만시 에이드,37,0.13,,
에이드_깔라만시 에이드,27,0.05,,
에이드_깔라만시 팝핑 (L),31,0.08,,
에이드_깔라만시 팝핑 (R),26,0.07,,
에이드_딸기 듬뿍 스파클링,75,0.71,,
에이드_딸기 스파클링 에이드,33,0.0,,8.5
에이드_딸기 아사이 레모네이드 스타벅스 리프레셔 (Tall),30,0.28,,
에이드_딸기 에이드,26,0.28,,
에이드_딸기 에이드 (L),39,0.04,,
에이드_딸기 에이드 (M),37,0.05,,
에이드_딸기레몬 에이드,49,0.01,0.02,12.24
에이드_라임 모히또 (L),52,0.0,,12.79
에이드_라임 모히또 (ML),33,0.0,,8.17
에이드_라임 에이드,25,0.0,,
에이드_라임 에이드,42,0.02,0.05,10.4
에이드_라임민트 에이드,44,0.07,,
에이드_라임에이드,25,0.0,,
에이드_러브 미,54,0.84,,
에이드_레드자몽 스파클링 에이드,25,0.0,,6.4
에이드_레모 네이드,39,0.0,,
에이드_레모네이드,35,0.0,,
에이드_레몬 스파클링 (L),44,0.21,,
에이드_레몬 스파클링 (V),42,0.16,,
에이드_레몬 스파클링 에이드,37,0.0,,
에이드_레몬 에이드,44,0.17,,
에이드_레몬 에이드,42,0.33,,
에이드_레몬 에이드,25,0.08,,
에이드_레몬 에이드,32,0.0,,
에이드_레몬 에이드,34,0.0,,
에이드_레몬 에이드,40,0.07,0.08,9.83
에이드_레몬 에이드,28,0.04,,
에이드_레몬 에이드,44,0.48,,
에이드_레몬 에이드,28,0.06,,
에이드_레몬 에이드,28,0.0,,
에이드_레몬 에이드,40,0.0,,
에이드_레몬 에이드,40,0.21,,
에이드_레몬 에이드,26,0.05,0.0,6.56
에이드_레몬 에이드,44,0.0,,
에이드_레몬 에이드,38,0.33,,
에이드_레몬 에이드 (EX),29,0.06,,
에이드_레몬 에이드 (L),43,0.0,,10.57
에이드_레몬 에이드 (L),40,0.0,,
에이드_레몬 에이드 (L),30,0.13,,
에이드_레몬 에이드 (L),45,0.06,,
에이드_레몬 에이드 (L),45,0.0,,
에이드_레몬 에이드 (M),38,0.05,,
에이드_레몬 에이드 (ML),31,0.0,,7.61
에이드_레몬 에이드 (R),28,0.13,,
에이드_레몬 에이드 (XL),43,0.02,,
에이드_레몬 에이드 (더벤티),43,0.1,,
에이드_레몬 에이드 빅사이즈,43,0.02,,
에이드_레몬 에이드저당,42,0.0,,
에이드_레몬딸기 에이드,52,0.0,,
에이드_레몬에이드,25,0.09,,
에이드_로즈 갤럭시 에이드,30,0.0,,
에이드_리얼 에이드 레몬,19,0.03,,
에이드_리얼 에이드 복숭아,37,0.05,,
에이드_리얼 에이드 자몽,19,0.03,,
에이드_리얼 자몽 에이드 (Grande),29,0.21,,
에이드_리얼 자몽 에이드 (Mini Venti),28,0.18,,
에이드_리얼 자몽 에이드 (Venti),30,0.14,,
에이드_마이 몽키,47,0.49,,
에이드_망고 스파클링 에이드,33,0.08,,
에이드_매머드 에이드,39,0.13,,
에이드_매머드 에이드,51,0.15,,
에이드_머스캣 모히또 에이드 (EX),31,0.04,,
에이드_머스캣 모히또 에이드 (L),26,0.04,,
에이드_메가 에이드,41,0.04,,
에이드_메론소다 에이드,35,0.17,,
에이드_멜론소다,96,0.42,,
에이드_미초 석류 에이드,20,0.14,,
에이드_미초(석류) 에이드,22,0.15,,
에이드_배 에이드,45,0.15,,
에이드_복숭아 에이드,17,0.0,0.0,4.21
에이드_복숭아 에이드,34,0.14,,
에이드_복숭아 에이드 (L),41,0.21,,
에이드_복숭아 에이드 (L),40,0.0,,
에이드_복숭아 에이드 (Max),37,0.17,,
에이드_복숭아 에이드 (R),39,0.0,,
에이드_복숭아 자두 스파클링,38,0.21,,
에이드_블루레몬 에이드,45,0.06,0.07,11.1
에이드_블루레몬 에이드,49,0.07,,
에이드_블루레몬 에이드,29,0.03,,
에이드_블루레몬 에이드,32,0.03,,
에이드_블루레몬 에이드,52,0.07,,
에이드_블루레몬 에이드,41,0.0,,
에이드_블루레몬 에이드,43,0.07,,
에이드_블루레몬 에이드 저당,39,0.0,,
에이드_블루베리 에이드,59,0.07,0.14,14.48
에이드_블루베리 에이드,36,0.0,,
에이드_블루파인 에이드,36,0.02,,
에이드_살구 에이드 (L),33,0.1,,5.0
에이드_살구 에이드 (ML),28,0.14,,4.65
에이드_살구 자두 히비스 에이드 (Grande),49,0.21,,
에이드_살구 자두 히비스 에이드 (Mini Venti),55,0.18,,
에이드_살구 자두 히비스 에이드 (Tall),45,0.28,,
에이드_살구 자두 히비스 에이드 (Venti),53,0.14,,
에이드_삼라봉 에이드,34,0.49,,
에이드_샤인 망고 에이드,60,0.0,,
에이드_샤인머스캣 스파클링 에이드,39,0.0,,9.88
에이드_샤인머스캣 에이드,48,0.14,0.01,
에이드_샤인머스캣 에이드,43,0.0,,
에이드_샤인머스캣 에이드 빅사이즈,44,0.0,,
에이드_샤인머스캣청포도 에이드 (L),43,0.16,,
에이드_샤인머스캣청포도 에이드 (Max),39,0.13,,
에이드_샤인코코 에이드,59,0.0,,
에이드_샤인코코 에이드 저당,53,0.0,,
에이드_샹그리아 에이드,35,0.0,,
에이드_샹그리아 에이드,38,0.08,,
에이드_선샤인청귤 에이드 (L),35,0.15,,
에이드_선샤인청귤 에이드 (Max),36,0.14,,
에이드_선샤인청사과 에이드 (L),45,0.15,,
에이드_선샤인청사과 에이드 (Max),45,0.13,,
에이드_선셋 에이드,37,0.0,0.09,
에이드_솔라 에이드,24,0.0,0.03,
에이드_스위티 파이,54,0.62,,
에이드_스파클링 고흥유자 레몬 캐모마일,21,0.0,,5.07
에이드_스파클링 망고,35,0.06,,
에이드_스파클링 망고 캐모마일,45,0.0,,10.99
에이드_스파클링 베리,36,0.03,,
에이드_스파클링 제주 레몬 스웨디쉬,50,0.0,,12.47
에이드_애사비 저칼로리 퀸즈베리 탄산수 (Venti),9,0.01,,
에이드_애사비 제로칼로리 청사과 탄산수 (Venti),2,0.09,,
에이드_애플망고 선셋티 에이드,31,0.0,,
에이드_애플망고 스파클링 에이드,31,0.02,,
에이드_오렌지 스파클링 에이드,33,0.08,,
에이드_오렌지 에이드,36,0.33,,
에이드_오렌지 크러쉬드 에이드,31,0.17,,7.57
에이드_오미자 에이드,46,0.11,,
에이드_오미자 에이드 빅사이즈,48,0.11,,
에이드_유니콘매직 에이드 블루,39,0.01,,
에이드_유니콘매직 에이드 핑크,31,0.04,,
에이드_유자 에이드,55,0.16,,
에이드_유자 에이드,35,0.14,,
에이드_유자 에이드,59,0.17,,
에이드_유자 에이드 (L),62,0.0,,11.52
에이드_유자 에이드 (ML),58,0.0,,10.56
에이드_유자 에이드 빅사이즈,55,0.16,,
에이드_유자레이드,51,0.25,0.09,12.4
에이드_유자몽 스파클링,49,0.0,,
에이드_자두 에이드,47,0.13,,
에이드_자두 에이드 (L),36,0.13,,
에이드_자몽 스파클링 (L),42,0.0,,
에이드_자몽 스파클링 (V),39,0.0,,
에이드_자몽 스파클링 에이드,28,0.0,,
에이드_자몽 에이드,40,0.09,,
에이드_자몽 에이드,45,0.12,,
에이드_자몽 에이드,40,0.21,,
에이드_자몽 에이드,23,0.1,0.0,5.69
에이드_자몽 에이드,52,0.17,,
에이드_자몽 에이드,38,0.33,,
에이드_자몽 에이드,37,0.17,,
에이드_자몽 에이드,32,0.11,,
에이드_자몽 에이드,36,0.14,,
에이드_자몽 에이드,39,0.19,,
에이드_자몽 에이드,21,0.0,,
에이드_자몽 에이드,24,0.0,,
에이드_자몽 에이드,48,0.08,,
에이드_자몽 에이드,38,0.35,0.06,8.96
에이드_자몽 에이드,29,0.04,,
에이드_자몽 에이드,31,0.0,,
에이드_자몽 에이드,30,0.16,,
에이드_자몽 에이드 (EX),31,0.16,,
에이드_자몽 에이드 (L),38,1.56,,
에이드_자몽 에이드 (L),47,0.11,,9.94
에이드_자몽 에이드 (L),43,0.11,,
에이드_자몽 에이드 (L),22,0.1,,
에이드_자몽 에이드 (L),45,0.12,,
에이드_자몽 에이드 (M),36,0.1,,
에이드_자몽 에이드 (ML),41,0.0,,9.01
에이드_자몽 에이드 (R),21,0.1,,
에이드_자몽 에이드 (XL),49,0.12,,
에이드_자몽 에이드 빅사이즈,49,0.12,,
에이드_자몽 파인 스파클링,45,0.21,,
에이드_자몽 포멜로 에이드 (EX),40,0.1,,
에이드_자몽 포멜로 에이드 (L),35,0.0,,
에이드_자몽 히비스커스티 에이드 (L),25,0.0,,
에이드_자몽라임 에이드,53,0.19,,
에이드_자몽에이드,40,0.21,,
에이드_장수 오미자 에이드,36,0.0,,
에이드_장수 오미자 에이드,36,0.0,,
에이드_저칼로리 청포도 탄산수 제로슈거 (Venti),5,0.09,,
에이드_저칼로리 콜라겐 퀸즈베리 티에이드 (초대용량),13,0.19,,
에이드_저칼로리 허니자몽 탄산수 (Venti),5,0.08,,
에이드_제로 샹그리아 제로슈거 (Venti),1,0.05,,
에이드_제로칼로리 깔라만시 탄산수 (Venti),2,0.04,,
에이드_제로칼로리 레몬 탄산수 제로슈거 (Venti),1,0.02,,
에이드_제로칼로리 청사과 탄산수 (Venti),1,0.06,,
에이드_제주 한라봉 에이드,36,0.0,,
에이드_제주 한라봉 에이드,34,0.13,,
에이드_제주 한라봉 크러쉬드 에이드,86,0.22,0.04,21.09
에이드_제주청귤 에이드,34,0.06,0.0,8.22
에이드_청귤 스파클링 티 (L),38,0.0,,
에이드_청귤 에이드,47,0.05,,
에이드_청귤 에이드,56,0.05,,
에이드_청귤 에이드,58,0.0,,
에이드_청귤 에이드 (L),48,0.07,,
에이드_청귤 에이드 (M),45,0.08,,
에이드_청자스페셜,42,0.1,,
에이드_청포도 스파클링,43,0.21,,
에이드_청포도 스파클링 (L),46,0.0,,
에이드_청포도 스파클링 (V),46,0.0,,
에이드_청포도 스파클링 에이드,33,0.08,,
에이드_청포도 에이드,32,0.04,,
에이드_청포도 에이드,43,0.03,,
에이드_청포도 에이드,53,0.01,0.18,12.7
에이드_청포도 에이드,33,0.0,,
에이드_청포도 에이드,34,0.03,,
에이드_청포도 에이드,36,0.48,,
에이드_청포도 에이드,24,0.1,0.08,5.91
에이드_청포도 에이드,37,0.09,,
에이드_청포도 에이드,43,0.1,,
에이드_청포도 에이드 (EX),30,0.04,,
에이드_청포도 에이드 (L),46,0.02,,
에이드_청포도 에이드 (L),43,0.0,,
에이드_청포도 에이드 (L),37,0.0,,
에이드_청포도 에이드 (L),45,0.0,,11.21
에이드_청포도 에이드 (M),39,0.02,,
에이드_청포도 에이드 (ML),34,0.0,,8.45
에이드_청포도 에이드 (XL),44,0.0,,
에이드_청포도 펄 에이드,35,0.02,,
에이드_청포도블라썸,48,0.29,,
에이드_체리 레몬 에이드,65,0.0,,
에이드_체리콕,46,0.03,,
에이드_체리콕,56,0.01,0.05,13.9
에이드_체리콕 에이드,40,0.0,,
에이드_체리콕콕,41,0.14,,
에이드_코코 에이드 청포도,29,0.17,,
에이드_크림소다 에이드,35,0.17,,
에이드_패션프루츠 에이드,39,0.0,,
에이드_포도 에이드 (더벤티),51,0.1,,
에이드_포레스트 에이드,40,0.11,0.11,
에이드_폭탄 에이드,44,0.11,0.06,10.7
에이드_핑크리치 에이드,42,0.02,,
에이드_핑크리치 에이드 (L),42,0.02,,
에이드_핑크리치 에이드 (XL),44,0.02,,
에이드_핑크리치 에이드 빅사이즈,44,0.02,,
에이드_한라 자몽 에이드,33,1.01,,
에이드_한라봉 스파클링 에이드,39,0.0,,9.05
에이드_한라봉 에이드,46,0.09,,
에이드_한라봉 에이드,55,0.08,,
에이드_한라봉 에이드,31,0.28,,
에이드_한라봉 에이드 (Grande),32,0.21,,
에이드_한라봉 에이드 (L),35,0.05,,
에이드_한라봉 에이드 (Mini Venti),31,0.18,,
에이드_한라봉 에이드 (R),34,0.05,,
에이드_한라봉 에이드 (Tall),31,0.28,,
에이드_한라봉 에이드 (Venti),31,0.14,,
에이드_히비스엘더에이드,36,0.06,,
연근전,82,1.9,3.53,10.31
연근전,82,1.9,3.52,10.21
연근조림,174,2.68,5.1,29.42
연근조림,185,5.0,6.46,28.37
연근조림,76,1.32,0.98,15.97
연근조림,76,1.6,0.74,16.09
연근조림,261,2.1,1.3,60.2
연근조림,71,1.54,1.04,14.28
연근튀김,156,3.1,8.36,16.27
연근튀김,156,3.1,8.36,16.27
연근튀김,209,4.4,10.93,22.14
연두부찌개,42,4.8,1.48,2.59
연두부찜,65,5.1,3.3,3.68
연두부찜,65,5.1,3.3,3.71
연두부찜,65,5.1,3.3,3.71
연두부찜,76,4.6,3.58,6.35
연어구이,138,16.6,7.24,0.2
연어구이,234,24.78,14.94,0.2
연어구이,223,26.8,11.68,0.32
연어구이,223,26.8,11.68,0.32
연어구이,138,16.6,7.24,0.2
연어롤,170,6.19,5.13,24.77
연어튀김,149,13.1,5.71,9.66
연잎밥,207,4.0,0.3,47.0
연포탕,54,9.49,0.9,2.02
열무 겉절이,25,1.6,0.26,4.78
열무 된장국,20,2.1,0.51,2.14
열무 된장국,20,2.1,0.5,2.04
열무 된장국,20,2.1,0.51,2.09
열무 비빔밥,84,2.5,0.51,16.86
열무 비빔밥,89,2.3,1.14,16.86
열무김치,36,2.39,0.38,5.87
열무나물,82,3.91,5.3,4.76
열무나물_간장,34,2.9,0.71,5.38
열무나물_간장,34,2.9,0.7,5.4
열무나물_간장,34,2.9,0.7,5.4
열무나물_된장,30,2.2,1.15,3.61
열무나물_된장,68,3.71,4.09,4.09
열무나물_된장,50,3.7,2.37,4.65
열무나물_된장,30,2.19,1.15,3.61
열무나물_된장,36,2.18,1.76,3.65
열무물김치,18,1.41,0.07,2.91
열무얼갈이김치,35,2.15,0.66,5.22
영양돌솥밥,119,2.43,0.44,25.29
영양돌솥밥,131,2.9,0.53,27.9
영양돌솥밥,114,2.4,0.29,24.87
영양돌솥밥,111,2.35,0.31,23.8
영양돌솥밥,184,3.43,2.87,36.06
오겹살구이_돼지고기,408,20.18,35.14,2.72
오곡밥,156,4.78,0.52,32.93
오곡밥,166,4.4,0.69,34.21
오곡밥,144,3.4,0.65,29.8
오곡밥,166,4.4,0.69,34.26
오리 간장불고기,98,12.6,2.41,6.16
오리감자죽,97,3.7,2.14,15.11
오리고기구이,293,24.06,19.7,4.89
오리고기로스,169,29.7,4.37,0.78
오리고기로스,169,29.7,4.37,0.78
오리고기로스,169,29.7,4.37,0.78
오리고기로스,174,11.76,13.5,0.5
오리백숙,124,7.36,7.72,5.57
오리백숙,112,10.59,7.5,0.5
오리백숙,151,7.5,7.09,13.4
오리볶음,171,10.47,11.27,7.3
오리불고기,75,9.2,1.63,5.92
오리불고기,81,9.62,1.54,7.36
오리불고기,145,6.75,9.05,9.05
오리불고기,130,14.3,3.79,9.62
오리죽,155,7.5,4.99,19.95
오리탕,104,6.68,6.98,3.71
오리탕,79,3.9,3.53,7.73
오리탕,169,8.3,7.57,16.57
오리탕,121,9.5,6.56,6.08
오리탕,79,3.9,3.53,7.73
오므라이스,173,6.5,7.23,20.54
오므라이스,117,3.64,3.33,17.22
오므라이스,107,2.9,1.88,18.69
오므라이스,106,2.9,1.88,18.49
오므라이스,106,2.9,1.88,18.49
오므라이스_수플레 오믈렛 라이스,167,4.94,,
오믈렛,171,13.6,11.19,2.46
오믈렛,88,6.3,5.45,2.77
오믈렛,78,4.5,5.82,1.33
오미자차_감귤 오미자차 아이스(ICED),44,0.03,,
오미자차_감귤 오미자차 핫(HOT),44,0.03,,
오미자차_문경오미자차,27,0.29,,
오미자차_문경오미자티 아이스(ICED),39,0.01,0.0,9.18
오미자차_문경오미자티 핫(HOT),50,0.01,0.0,11.94
오미자차_오미자차 핫(HOT),44,0.03,,
오미자차_오미자차아이스(ICED),44,0.03,,
오미자차_우리 오미자차 아이스(ICED),51,0.11,,
오미자차_우리 오미자차 핫(HOT),54,0.13,,
오븐스파게티,122,5.6,3.49,16.77
오븐스파게티_로제치즈오븐스파게티,165,6.46,,
오븐스파게티_점보치즈오븐스파게티,118,5.46,,
오븐스파게티_치즈오븐스파게티,172,7.74,,
오븐스파게티_치즈오븐스파게티,143,6.91,,
오븐스파게티_치즈오븐스파게티,147,5.98,,
오븐스파게티_치즈오븐크림스파게티,169,5.48,,
오이 도라지 생채,40,1.1,0.42,8.9
오이 도라지 생채,42,1.3,0.52,9.31
오이 도라지 생채,41,1.3,0.52,8.78
오이 도라지 생채,41,1.3,0.52,8.78
오이 물김치,51,2.9,1.3,8.73
오이 미역냉국,13,0.7,0.21,2.91
오이고추 된장무침,32,1.4,0.91,5.18
오이고추 된장무침,32,1.4,0.91,5.18
오이고추 된장무침,32,1.4,0.91,5.18
오이고추 된장무침,32,1.4,0.91,5.18
오이김치,39,2.5,0.29,7.83
오이김치,38,2.06,0.8,5.64
오이김치,39,2.6,0.29,7.77
오이김치,39,2.5,0.29,7.76
오이김치,39,2.5,0.29,7.83
오이나물,73,1.3,6.48,2.94
오이나물,73,1.3,6.42,2.96
오이나물,73,1.3,6.42,2.96
오이냉국,19,0.5,0.09,3.92
오이냉국,17,0.57,0.21,3.59
오이냉국,6,0.3,0.33,0.62
오이냉국_미역,7,0.7,0.18,1.32
오이냉국_미역,7,0.7,0.18,1.32
오이모듬무침,34,1.4,0.58,6.89
오이무침,35,1.3,1.28,5.44
오이무침,35,1.3,1.28,5.44
오이무침,60,1.8,2.85,8.13
오이무침_달래,36,1.2,0.97,6.7
오이무침_달래,28,1.2,0.45,5.72
오이무침_부추,31,1.95,0.39,5.01
오이무침_양파,33,1.3,0.54,6.65
오이무침_양파,26,1.1,0.47,5.26
오이부추무침,26,0.9,0.35,5.68
오이생채,50,1.44,1.34,7.97
오이생채,69,1.78,2.9,8.96
오이생채_고추장,23,0.9,0.51,4.39
오이생채_고추장,31,1.3,0.44,6.38
오이생채_고추장,23,0.9,0.51,4.39
오이생채_부추,17,0.9,0.27,3.47
오이생채_부추,48,2.1,1.09,8.94
오이생채_부추,37,1.7,0.95,6.38
오이생채_부추,24,1.0,0.54,4.32
오이생채_양파,30,1.2,0.48,6.21
오이생채_양파,24,1.3,0.42,4.58
오이생채_오이,32,1.32,0.54,6.66
오이생채_오이,30,1.24,0.48,6.21
오이생채_오이,26,1.1,0.47,5.27
오이생채_오이_달래,28,1.22,0.45,5.72
오이생채_오이_달래,36,1.22,0.97,6.7
오이생채_오이_부추,48,2.13,1.09,8.93
오이생채_오이_부추,23,1.04,0.54,4.32
오이생채_오이_부추,36,1.72,0.95,6.4
오이생채_오이만,51,1.61,2.08,6.56
오이소박이,39,2.7,0.5,7.61
오이소박이,37,1.76,0.37,6.66
오이소박이,37,1.93,0.59,5.92
오이장아찌,71,1.9,3.83,7.71
오이장아찌,14,0.36,0.28,2.54
오이장아찌,71,1.9,3.83,7.71
오이지,29,0.82,1.79,2.52
오이지,21,0.74,0.72,2.84
오이지무침,45,1.1,1.35,8.12
오이지무침,52,0.96,3.51,4.21
오이지무침,28,0.76,1.09,4.3
오이지무침,23,0.59,1.02,3.21
오이지무침,189,2.3,13.71,15.13
오이지무침_고추,28,1.0,0.99,4.46
오징어 덮밥,65,3.3,0.25,11.88
오징어 덮밥,94,4.4,0.47,17.35
오징어 덮밥_채소,91,5.1,1.33,14.49
오징어 덮밥_채소,93,5.2,1.25,15.02
오징어 덮밥_채소,91,5.1,1.33,14.49
오징어국,24,3.6,0.4,1.63
오징어국,24,3.7,0.39,1.53
오징어국,18,2.22,0.73,0.73
오징어국,25,3.71,0.39,1.6
오징어국,22,3.39,0.35,1.41
오징어무침,82,9.7,1.48,7.68
오징어무침,96,11.1,1.73,9.33
오징어무침,83,9.7,1.49,8.03
오징어무침_미나리,107,13.0,1.53,10.98
오징어무침_미나리,107,13.0,1.53,10.98
오징어무침_채소,48,5.91,0.63,4.92
오징어무침_채소,63,6.91,0.85,7.25
오징어무침_채소,51,5.49,0.82,5.8
오징어무침_채소,59,7.7,1.04,4.88
오징어무침_채소,62,5.85,0.93,7.6
오징어미역초무침,87,15.0,1.72,5.24
오징어볶음,81,7.9,1.92,8.08
오징어볶음,88,10.1,2.16,7.25
오징어볶음,77,8.2,1.29,8.19
오징어볶음,120,10.28,4.38,9.84
오징어볶음,128,9.85,6.52,7.43
오징어볶음,82,8.5,2.0,7.65
오징어볶음_채소,88,10.06,2.16,7.23
오징어볶음_채소,77,8.2,1.29,8.19
오징어볶음_채소,81,7.84,1.92,8.08
오징어볶음_채소,82,8.49,2.0,7.65
오징어불고기,123,16.4,3.22,7.35
오징어불고기,123,16.4,3.24,7.2
오징어불고기,123,16.4,3.24,7.2
오징어산적,127,21.72,2.47,4.5
오징어순대,43,6.7,1.0,1.44
오징어순대,133,13.06,1.6,16.66
오징어젓_양념,60,10.1,0.7,3.4
오징어조림,66,8.3,0.93,6.07
오징어조림,61,8.2,0.66,5.48
오징어조림,61,8.2,0.66,5.48
오징어조림,137,16.55,2.37,12.45
오징어찌개,34,3.3,0.22,4.77
오징어찌개,27,3.6,0.33,2.37
오징어찌개,27,3.6,0.33,2.53
오징어찌개,25,3.1,0.56,1.86
오징어찜,56,8.5,1.32,2.61
오징어채무침,118,14.2,2.78,9.78
오징어채무침,355,47.5,8.95,19.55
오징어채무침,118,14.2,2.78,9.78
오징어채무침,355,47.5,8.95,19.55
오징어채무침,258,23.6,5.53,28.41
오징어채무침_채소,113,11.61,1.81,13.52
오징어채볶음,163,16.1,6.75,10.13
오징어채볶음,54,6.23,1.6,3.43
오징어채볶음,164,25.48,3.41,6.56
오징어채볶음,275,22.04,7.57,29.77
오징어채볶음,133,14.6,5.78,5.45
오징어채조림,240,23.52,4.9,25.36
오징어탕수,158,8.3,7.62,12.98
오징어탕수,158,8.3,7.51,13.13
오징어탕수,149,10.4,6.03,12.99
오징어탕수,247,17.1,10.27,20.31
오징어튀김,163,12.2,7.58,9.96
오징어튀김,81,5.2,4.69,3.83
오징어튀김,81,5.2,4.69,3.83
오징어튀김,163,12.2,7.58,9.96
오징어튀김_오감볼,166,9.84,,
오징어튀김_오징어튀김 (3개),238,13.21,,
오징어튀김_통오징어링,173,9.86,,
오징어튀김_통오징어튀김,160,12.0,,
오징어포조림,133,15.5,1.77,13.03
옥돔구이,39,4.91,1.92,0.11
옥수수_찐옥수수,185,6.68,2.42,34.2
옥수수구이,148,1.43,9.01,15.41
옥수수구이_치즈,140,4.4,7.41,13.6
옥수수밥,113,2.1,0.35,24.3
옥수수밥,113,2.1,0.34,24.39
옥수수밥,113,2.1,0.34,24.39
옥수수밥,170,3.5,0.76,36.22
옥수수부침,176,3.0,7.95,22.96
옥수수부침,184,3.6,6.99,25.89
옥수수부침,176,3.0,7.95,22.95
옥수수샐러드,129,1.3,8.31,12.49
옥수수샐러드,130,1.4,6.36,17.53
옥수수샐러드,129,1.3,8.31,12.49
옥수수샐러드,130,1.4,6.36,17.53
옥수수샐러드_마요옥수수,145,3.0,,
옥수수샐러드_햄,178,7.7,11.06,11.88
옥수수샐러드_햄,190,7.7,12.75,11.42
올갱이국,24,2.28,0.7,2.17
올갱이국수,38,0.75,0.55,7.44
올갱이해장국,41,4.0,1.35,3.54
올갱이해장국,41,4.0,1.35,3.54
올갱이해장국,41,4.0,1.36,3.45
와플_17곡 와플,300,5.38,,55.38
와플_17곡 크로플,360,7.0,,
와플_THE한 인절미 와플,266,3.15,,42.31
와플_THE한 초코 와플,248,3.33,,38.33
와플_THE한 티라미수 와플,256,3.36,,39.93
와플_THE한 플레인 와플,247,2.92,,39.29
와플_가나슈 와플,211,3.45,,
와플_고구마 와플,314,5.33,,
와플_그린티 아이스크림 와플,223,3.26,,
와플_꿀호떡 크로플,430,8.57,,
와플_녹차와플&젤라또,207,2.98,,
와플_누텔라 아이스크림 와플,256,2.94,,
와플_누텔라 와플,419,5.71,,
와플_누텔라딸기 와플,243,3.37,,
와플_누텔라바나나 와플,241,3.25,,
와플_누텔라바나나 와플,225,3.33,,
와플_누텔라초코 와플,248,3.69,,
와플_누텔라크림치즈 와플,384,6.09,,
와플_누텔라키위 와플,241,3.31,,
와플_단팥 아이스크림 와플,227,2.9,,
와플_단팥생크림 와플,323,4.24,,
와플_달고나 아이스크림 와플,258,2.78,,
와플_달고나 아이스크림 와플,244,2.27,,
와플_더치카라멜 와플,460,3.81,,
와플_돼지바크런치 와플,241,3.69,,
와플_딸기 와플,218,3.4,,
와플_딸기 와플,297,2.67,,40.0
와플_딸기 크로플,372,5.78,,
와플_딸기누텔라 와플,305,4.12,,38.82
와플_딸기누텔라젤라또 와플,242,3.6,,35.6
와플_딸기듬뿍 와플,220,1.82,,33.18
와플_딸기범벅젤라또 와플,227,2.22,,33.33
와플_딸기잼 와플,240,2.5,,35.0
와플_딸기커스타드 와플,194,3.41,,
와플_딸기케이크 와플,245,3.13,,35.63
와플_딸기크림 크로플,268,3.33,,
와플_땅콩딸기생크림 와플,256,4.86,,
와플_라즈베리바나나 와플,211,1.79,,
와플_로투스 아이스크림 와플,255,2.91,,
와플_로투스 와플,247,4.39,,
와플_루비자몽생크림 와플,264,2.7,,
와플_루토스생크림 와플,374,4.08,,
와플_리얼빼빼로 와플,423,5.71,,
와플_리얼초코 아이스크림 와플,284,3.16,,
와플_말차티라미수 와플,332,4.8,,
와플_망고 아이스크림 와플,220,3.41,,
와플_망고범벅 와플,223,2.33,,34.33
와플_망고잼 와플,246,2.5,,36.0
와플_망고크림치즈 와플,311,4.07,,
와플_맥치플 맥앤치즈피자 와플,301,8.13,,38.75
와플_메이플 와플,426,3.61,,
와플_메이플 월넛 크림치즈 크로플,377,6.32,,
와플_메이플시나몬 와플,332,4.44,,60.0
와플_메이플아몬드 와플,322,2.93,,
와플_미니 와플,377,6.67,,
와플_민트초코 아이스크림 와플,252,3.33,,
와플_민트초코 크로플,379,5.22,,
와플_밀크카라멜 와플,339,3.64,,
와플_바나나 와플,235,3.14,,45.28
와플_바나나누텔라 와플,284,3.7,,
와플_바나나누텔라 와플,276,3.33,,40.56
와플_바나나생크림누텔라 와플,301,3.16,,
와플_바닐라 아이스크림 와플,245,3.72,,
와플_바질 할라피뇨 크림치즈 크로플,327,5.26,,
와플_베리 아이스크림 크로플,219,3.81,,
와플_베리 크림치즈 크로플,336,5.26,,
와플_베리베리 와플,304,3.85,,47.69
와플_베리베리젤라또 와플,243,3.18,,40.45
와플_베리크런치 아이스크림 와플,243,2.38,,
와플_베이컨콘치즈 와플,172,7.36,,
와플_베치플 베이직치즈피자 와플,320,13.22,,33.91
와플_벨지움 와플,369,6.25,,
와플_복숭아잼 와플,240,2.5,,35.0
와플_불고기피자 와플,222,5.39,,
와플_불치플 불고기치즈피자 와플,306,13.75,,36.25
와플_브라운치즈 와플,233,3.93,,
와플_블루베리 아이스크림 와플,226,1.95,,
와플_블루베리 와플,305,3.33,,47.5
와플_블루베리 와플,219,3.6,,
와플_블루베리 크로플,340,4.84,,49.19
와플_블루베리 크림치즈 크로플,63,1.13,2.5,9.09
와플_블루베리범벅 와플,261,2.92,,42.5
와플_블루베리생크림 와플,325,3.03,,
와플_블루베리와플&젤라또,190,2.68,,
와플_블루베리잼 와플,243,2.5,,35.5
와플_블루베리젤라또 와플,240,3.33,,39.52
와플_블루베리크림치즈 와플,333,3.88,,
와플_블루베리크림치즈 와플,290,2.84,,
와플_사과 와플,216,3.39,,
와플_사과생크림 와플,312,5.08,,
와플_사과생크림 와플,195,2.86,,
와플_생딸기생크림 와플,272,3.21,,
와플_생체리생크림 와플,298,3.64,,
와플_생초콜릿생크림 와플,392,3.85,,
와플_생크림 딸기 망고 와플,281,4.41,,
와플_생크림 딸기 와플,266,4.32,,
와플_생크림 망고 와플,276,4.2,,
와플_생크림 와플,384,5.68,,
와플_생크림 와플,436,4.4,,
와플_생크림 와플,360,4.0,,
와플_생크림 와플,207,3.43,,
와플_생크림누텔라 와플,373,4.05,,
와플_스노우 와플,372,3.85,,49.23
와플_스페셜마마 와플,188,1.98,,
와플_스프링클빼빼로 와플,425,5.56,,
와플_시나몬 크로플,360,7.0,,
와플_시나몬카라멜 와플,216,3.1,,
와플_싸만코젤라또 와플,254,4.4,,41.6
와플_아몬드빼빼로 와플,421,5.26,,
와플_아몬드카라멜 아이스크림 와플,253,2.16,,
와플_아이스크림 와플,261,5.01,,
와플_아이스크림 와플,230,3.83,,
와플_아이스크림 와플,256,2.99,,
와플_아이스크림 크로플,299,2.92,,
와플_아이스크림 크로플,339,5.56,,40.28
와플_아이스크림 크로플,315,5.89,,
와플_애플생크림 와플,306,3.03,,
와플_애플시나몬 와플,321,3.08,,50.77
와플_애플시나몬 와플,160,3.0,,
와플_애플시나몬와플,323,4.17,,
와플_오레오누텔라 와플,293,4.29,,30.0
와플_오레오누텔라젤라또 와플,293,4.29,,42.38
와플_오레오생크림 와플,324,4.92,,
와플_오레오생크림 와플,375,3.82,,
와플_와플,180,45.0,0.0,0.0
와플_인절미 와플,165,4.56,,
와플_인절미 와플,258,3.53,,34.71
와플_젤라또 와플,258,3.68,,39.47
와플_젤라또 크로플바,301,4.17,,
와플_젤라또약과 와플,300,3.85,,47.01
와플_청포도생크림 와플,285,2.92,,
와플_체다치즈 크로플,399,11.11,,
와플_체리크림치즈 와플,284,3.88,,
와플_초코 와플,276,2.78,,38.33
와플_초코 와플,319,2.73,,
와플_초코벌집 와플,418,4.95,,
와플_초코범벅젤라또 와플,284,3.33,,41.67
와플_초코생크림 와플,119,2.0,,
와플_초코아몬드 와플,266,6.48,,
와플_초코와플&젤라또,205,3.0,,
와플_초코칩 와플,248,3.69,,
와플_초코카라멜 와플,487,5.11,,
와플_초코카라멜 크로플,360,7.0,,
와플_초코퐁듀 와플,417,5.0,,
와플_치즈 크로플,383,8.89,,
와플_치즈범벅 와플,281,3.33,,37.92
와플_치즈케이크&크랜베리 와플,388,3.85,,53.08
와플_치즈케이크누텔라젤라또 와플,287,4.35,,40.87
와플_카라멜 시나몬 크로플바,379,6.06,,
와플_카라멜월넛 와플,328,2.85,,
와플_카야잼 와플,238,3.89,,
와플_커스타드 와플,193,3.3,,
와플_콘치즈 와플,167,7.8,,
와플_콤비네이션 와플,223,5.6,,
와플_쿠키빼빼로 와플,426,5.26,,
와플_크런치딸기잼 와플,334,4.17,,58.33
와플_크런치딸기잼젤라또 와플,260,3.37,,43.75
와플_크런키빼빼로 와플,426,5.26,,
와플_크로플,360,7.0,,
와플_크림 와플,415,4.55,,54.55
와플_크림젤라또 와플,309,3.18,,44.09
와플_크림치즈 와플,367,5.83,,
와플_크림치즈 와플,199,5.7,,
와플_크림치즈 와플,367,4.43,,
와플_크림치즈딸기 와플,225,3.58,,
와플_크림통팥 와플,251,4.99,,
와플_클래식 마롱 와플,275,3.62,,
와플_클래식 블루베리 와플,259,3.84,,
와플_클래식 플레인 와플,288,4.72,,
와플_토피넛 아이스크림 크로플,231,4.2,,
와플_토피넛 크로플,280,3.95,,
와플_통망고 와플,216,3.4,,
와플_통블루베리 와플,218,3.6,,
와플_통사과 와플,214,3.25,,
와플_티라미수 와플,332,4.8,,
와플_티라미수 와플,385,3.57,,40.0
와플_티라미수 와플,276,2.94,,38.24
와플_파인애플 와플,216,3.4,,
와플_팥스노우 와플,292,5.0,,51.25
와플_페퍼로리 와플,220,5.3,,
와플_포테이토 와플,299,3.7,,
와플_프레인 와플,324,3.85,,
와플_프렌치 아이스크림 와플,207,1.97,,
와플_플레인 와플,132,5.78,,
와플_플레인 와플,254,2.72,,38.59
와플_플레인 와플,448,4.11,,
와플_플레인 와플,319,2.73,,
와플_플레인 크로플,435,8.62,,
와플_플레인 크로플,439,8.93,,
와플_플레인 크로플,348,5.77,,
와플_플레인 크로플,45,0.91,1.8,6.31
와플_플레인 크로플바,388,6.67,,
와플_플레인시나몬 크로플,388,6.38,,51.06
와플_플레인와플,373,5.33,,
와플_플레인와플&젤라또,198,2.95,,
와플_피넛버터누텔라 와플,384,7.45,,
와플_허니브레드 와플,302,3.33,,50.0
와플_호두고구마 와플,314,5.33,,48.0
완두콩밥,114,2.2,0.33,24.47
완두콩밥,114,2.2,0.33,24.42
완두콩밥,114,2.2,0.33,24.47
완두콩밥,157,3.2,0.45,33.51
완자전,214,7.1,15.49,10.73
완자전,313,11.0,22.41,15.83
완자전,320,11.0,23.11,15.75
완자전,214,7.1,15.49,10.73
완자전_돼지고기,139,14.78,5.95,6.51
완자전_소고기,162,18.73,7.56,4.68
완자전_소고기(동그랑땡/육원전),206,13.08,13.33,8.45
완자전_참치,173,15.0,6.49,13.57
완자전_해물,222,11.46,11.61,18.04
완자조림,171,14.0,6.7,12.18
완자조림,171,13.9,6.35,13.35
완자조림,168,14.2,6.25,12.47
완자조림,171,13.9,6.35,13.35
요구르트(액상)_그래놀라 요거트,61,1.3,2.66,8.03
요구르트(액상)_그릭요거트,144,6.0,7.0,14.0
요구르트(액상)_딸기요거트,75,1.73,0.55,15.8
요구르트(액상)_레몬 요구르트 (J),42,0.15,,
요구르트(액상)_레몬 요구르트 (L),45,0.21,,
요구르트(액상)_마시는요거트 딸기,150,5.12,5.85,19.02
요구르트(액상)_마시는요거트 블루베리,154,5.12,5.85,20.24
요구르트(액상)_마시는요거트 플레인,126,5.25,6.25,12.25
요구르트(액상)_망고 요구르트 (J),38,0.15,,
요구르트(액상)_망고 요구르트 (L),37,0.21,,
요구르트(액상)_망고 요구르트+화이트펄 (J),44,0.15,,
요구르트(액상)_망고 요구르트+화이트펄 (L),44,0.21,,
요구르트(액상)_망고요거트,72,1.55,0.7,14.8
요구르트(액상)_망고요구르트 (J),36,0.15,,
요구르트(액상)_망고요구르트 (L),36,0.21,,
요구르트(액상)_블루베리 요거트,96,1.46,1.44,19.21
요구르트(액상)_블루베리 요거트 병음료,82,2.63,,
요구르트(액상)_자몽 요구르트 (J),31,0.15,,
요구르트(액상)_자몽 요구르트 (L),31,0.21,,
요구르트(액상)_자몽요구르트 (J),31,0.15,,
요구르트(액상)_자몽요구르트 (L),31,0.21,,
요구르트(액상)_치아씨드 요거트 병음료,76,3.16,,
요구르트(액상)_플레인요거트,62,2.16,0.7,13.2
요구르트(호상)_그릭요거 망고놀라,93,3.43,,
요구르트(호상)_오가닉 프로틴 그릭 요거트 & 그래놀라,205,10.83,,
요구르트(호상)_플레인그릭요거트,135,4.12,,
요구르트(호상)_허니바나나그릭요거트,154,3.43,,
우거지나물무침,86,3.0,5.67,5.8
우동,52,1.56,0.65,9.54
우동,61,1.81,0.8,11.24
우동,61,1.86,0.72,11.22
우동,71,2.14,1.1,12.76
우동_간편조리세트_쫄우동,99,2.62,2.89,15.66
우동_김치,63,1.94,0.58,12.39
우동_배추김치,65,1.85,0.79,12.11
우동_삼선,69,4.79,0.85,10.59
우동_일식,158,1.78,3.22,30.48
우동_일식,60,1.91,1.13,10.6
우동_중식,65,2.95,2.1,8.54
우동_해물,69,2.94,0.85,11.84
우동볶음,128,2.8,2.01,24.79
우럭 매운탕,31,4.0,0.51,2.65
우럭 매운탕,29,3.5,0.6,2.83
우럭구이,207,25.1,10.51,0.84
우럭구이,111,13.5,5.67,0.45
우럭구이,111,13.5,5.67,0.45
우럭튀김,289,24.7,12.12,19.21
우럭회덮밥_양념장,67,3.49,0.77,11.47
우롱차_백도우롱 아이스(ICED),0,8.6,,
우롱차_백도우롱 핫(HOT),0,8.6,,
우롱차_우롱티 아이스(ICED),0,0.14,,
우롱차_우롱티 아이스(ICED),4,0.03,,
우롱차_우롱티 아이스(ICED) (J),1,0.0,,
우롱차_우롱티 아이스(ICED) (L),1,0.0,,
우롱차_우롱티 핫(HOT),1,0.21,,
우롱차_우롱티 핫(HOT),6,0.05,,
우롱차_우롱티 핫(HOT) (J),1,0.0,,
우롱차_우롱티 핫(HOT) (L),1,0.0,,
우롱차_피치 우롱티 아이스(ICED) (L),19,0.0,,4.76
우롱차_피치 우롱티 아이스(ICED) (ML),25,0.0,,6.34
우롱차_피치 우롱티 핫(HOT) (ML),30,0.0,,7.61
우롱차_피치우롱 아이스(ICED),3,0.23,,0.47
우롱차_피치우롱 핫(HOT),3,0.25,,0.5
우엉 양념구이,67,1.7,1.41,12.06
우엉볶음,65,1.7,3.72,6.6
우엉볶음,160,4.1,9.08,16.33
우엉볶음,160,4.1,9.08,16.33
우엉볶음,65,1.7,3.72,6.6
우엉조림,120,3.76,4.88,16.45
우엉조림,188,4.8,3.33,34.8
우엉조림,88,2.7,1.05,17.89
우엉조림,88,2.71,1.05,17.89
우엉조림,104,3.69,2.98,16.51
우유_딸기,73,2.04,2.31,11.04
우유_스팀 우유 (Tall),61,3.66,,
우유_우유 (Tall),68,3.38,,
우유튀김_우유튀김,250,3.0,,
울면,73,3.75,0.74,12.82
울면,85,4.29,0.97,14.05
월남쌈,118,5.94,4.97,12.25
월남쌈_간편조리세트_불고기월남쌈,150,7.22,5.81,17.1
월남쌈_간편조리세트_소고기야채말이,116,10.47,5.34,6.61
월남쌈_간편조리세트_훈제오리월남쌈,111,5.16,3.22,15.37
웨이퍼_크리스피초콜릿웨이퍼,528,7.0,31.0,55.0
유과,424,2.81,12.83,74.23
유부 된장국_무,66,4.4,4.1,2.7
유부 된장국_무,79,5.2,5.21,2.72
유부 초밥,199,5.8,6.92,27.04
유부 초밥,200,6.0,7.09,26.78
유부 초밥,199,5.8,6.72,27.48
유부국,17,1.08,1.02,1.13
유부조림,254,13.7,18.34,7.95
유산슬,86,7.54,4.4,4.1
유산슬,62,6.8,2.23,3.52
유산슬,71,9.09,1.96,4.84
유자차_고흥 유자 레몬 캐모마일티,21,0.0,,5.07
유자차_고흥 유자차 아이스(ICED),71,0.0,,
유자차_고흥 유자차 핫(HOT),71,0.0,,
유자차_고흥유자 아이스(ICED),58,0.0,,14.47
유자차_고흥유자 핫(HOT),66,0.0,,16.59
유자차_고흥유자차 (L),81,1.6,,
유자차_고흥유자차 (R),61,1.2,,
유자차_레몬 유자 티 아이스(ICED),50,0.0,,
유자차_레몬 유자 티 핫(HOT),58,0.0,,
유자차_레몬 유자티 아이스(ICED),50,0.0,,
유자차_레몬 유자티 핫(HOT),58,0.0,,
유자차_맑은 유자 플럼티,34,0.06,,
유자차_사과유자차,38,0.1,0.0,
유자차_상그리아 유자티,46,0.06,,
유자차_상그리아 유자티 아이스(ICED),46,0.06,,
유자차_상그리아 유자티 핫(HOT),46,0.06,,
유자차_우리 유차자 아이스(ICED),69,0.17,,
유자차_우리 유차자 핫(HOT),71,0.2,,
유자차_유자 민트티 아이스(ICED) (Tall),41,0.0,,
유자차_유자 민트티 핫(HOT) (Tall),66,0.0,,
유자차_유자 캐모마일 아이스(ICED),44,0.0,,
유자차_유자 캐모마일 핫(HOT),44,0.0,,
유자차_유자 피나콜라다,45,0.0,0.0,11.3
유자차_유자 피나콜라다 아이스(ICED),45,0.15,,
유자차_유자 피나콜라다 핫(HOT),51,0.0,,
유자차_유자레몬티 아이스(ICED) (R),52,0.0,,
유자차_유자레몬티 핫(HOT) (L),61,0.0,,
유자차_유자레몬티 핫(HOT) (R),73,0.0,,
유자차_유자차,28,0.0,,
유자차_유자차,45,0.1,,
유자차_유자차,39,0.05,,
유자차_유자차 아이스(ICED),43,0.0,,
유자차_유자차 아이스(ICED),43,0.04,0.0,10.63
유자차_유자차 아이스(ICED) (L),46,0.22,,
유자차_유자차 아이스(ICED) (L),41,0.0,,7.29
유자차_유자차 아이스(ICED) (L),47,0.1,,
유자차_유자차 아이스(ICED) (M),50,0.1,,
유자차_유자차 아이스(ICED) (ML),41,0.0,,7.75
유자차_유자차 핫(HOT),49,0.0,,
유자차_유자차 핫(HOT),43,0.0,,
유자차_유자차 핫(HOT),48,0.05,0.0,12.06
유자차_유자차 핫(HOT) (L),47,0.1,,
유자차_유자차 핫(HOT) (L),46,0.22,,
유자차_유자차 핫(HOT) (M),50,0.1,,
유자차_유자차 핫(HOT) (ML),50,0.0,,9.31
유자차_유자티,56,0.13,0.07,13.7
유자차_유자티,19,0.0,,
유자차_유자티 아이스(ICED),37,0.14,,
유자차_유자티 아이스(ICED),67,0.24,,
유자차_유자티 핫(HOT),60,0.21,,
유자차_유자티 핫(HOT),68,0.26,,
유자차_유자피나콜라다 아이스(ICED),43,0.0,,
유자차_허니유자티 아이스(ICED),44,0.11,0.0,11.07
유자차_허니유자티 핫(HOT),58,0.14,0.0,14.4
유채김치,62,3.5,0.8,10.1
유채나물,36,3.7,1.07,4.89
유채나물,50,4.4,2.12,5.6
유채나물,36,3.7,1.07,4.89
유채나물,50,4.4,2.12,5.6
유채나물,96,5.8,4.6,7.82
유채나물_간장_소금,22,2.1,0.89,2.4
유채나물_간장_소금,22,2.1,0.82,2.68
유채나물_된장,30,2.79,0.97,3.65
유채무침,60,3.4,0.67,12.47
유채무침,60,3.4,0.67,12.47
유채무침,60,3.4,0.67,12.47
유채무침,60,3.4,0.67,12.47
유채물김치,17,1.0,0.1,3.0
육개장,30,3.68,0.99,1.49
육개장,47,3.0,3.14,1.58
육개장_닭고기,32,3.3,1.52,1.16
육개장_닭고기,28,2.7,1.33,1.46
육개장_닭고기,20,2.74,0.42,1.41
육개장_닭고기,39,5.0,1.08,2.46
육개장_닭고기,44,4.4,2.07,1.83
육개장_돼지고기,45,5.9,1.04,3.65
육개장_돼지고기,46,5.8,1.23,3.47
육개장_돼지고기,46,5.8,1.23,3.45
육개장_돼지고기,46,5.8,1.23,3.47
육개장_소고기,26,1.9,1.42,1.41
육개장_소고기,26,2.1,1.48,1.25
육개장_소고기,40,2.0,2.69,2.03
육개장_소고기,33,2.6,1.71,1.96
육회,158,9.5,7.65,13.17
육회,130,9.93,6.43,8.12
육회비빔밥,115,3.9,2.88,17.66
율무밥,118,2.2,0.17,25.56
율무밥,118,2.2,0.17,25.56
율무밥,118,2.23,0.17,25.56
율무밥,118,2.28,0.18,25.52
율무죽,77,3.26,0.98,13.75
율무차,59,0.8,0.74,12.64
율무차,66,0.9,1.72,11.85
율무차_당 걱정 없는 율무차 (Grande),62,3.2,,
은대구구이,137,9.2,10.5,0.03
인절미,242,5.64,2.16,50.07
인절미_콩고물,231,5.52,1.15,49.69
인절미_팥고물,204,4.2,0.9,44.8
임연수구이,81,8.0,4.76,0.73
임연수구이,198,21.52,11.76,1.4
임연수구이,256,26.4,15.09,0.71
임연수구이,81,8.0,4.76,0.73
임연수구이,256,26.4,15.09,0.71
임연수조림,91,9.9,3.44,4.5
임연수조림,144,15.9,5.54,6.95
임연수튀김,372,26.5,20.12,17.18
임연수튀김,369,26.5,20.0,17.54
임연수튀김,180,12.7,9.43,9.48
임연수튀김,181,12.7,9.5,9.29
잉어 매운탕,52,5.7,1.5,4.08
자몽차_꿀 자몽 티 아이스(ICED),37,0.21,,
자몽차_꿀 자몽 티 핫(HOT),51,0.21,,
자몽차_꿀 자몽티 아이스(ICED),42,0.08,,
자몽차_꿀 자몽티 핫(HOT),54,0.15,,
자몽차_꿀자몽티,58,0.13,0.07,14.3
자몽차_루비자몽 아이스(ICED),56,0.0,,14.04
자몽차_루비자몽 핫(HOT),64,0.0,,16.1
자몽차_비타2000 저칼로리 허니자몽 블랜딩 (초대용량),4,0.05,,
자몽차_상그리아 자몽티,46,0.06,,
자몽차_시트러스자몽 아이스(ICED),33,0.0,,8.23
자몽차_오렌지자몽티 아이스(ICED) (L),38,0.21,,
자몽차_오렌지자몽티 아이스(ICED) (R),31,0.24,,
자몽차_오렌지자몽티 핫(HOT) (L),47,0.21,,
자몽차_자몽 네이블 오렌지 아이스(ICED),49,0.15,,
자몽차_자몽 네이블 오렌지 핫(HOT),51,0.0,,
자몽차_자몽 네이블오렌지,59,0.0,0.0,14.78
자몽차_자몽 네이블오렌지 아이스(ICED),47,0.0,,
자몽차_자몽 티 핫(HOT),27,0.11,,
자몽차_자몽블랙티,45,0.03,,
자몽차_자몽차,30,0.13,,
자몽차_자몽차,36,0.17,0.0,
자몽차_자몽차,45,0.08,,
자몽차_자몽차 (L),30,0.14,,
자몽차_자몽차 (R),26,0.13,,
자몽차_자몽차 아이스(ICED),35,6.94,,
자몽차_자몽차 아이스(ICED),42,0.06,0.0,10.42
자몽차_자몽차 아이스(ICED) (L),24,0.11,,5.07
자몽차_자몽차 아이스(ICED) (L),22,0.12,,
자몽차_자몽차 아이스(ICED) (L),49,0.22,,
자몽차_자몽차 아이스(ICED) (M),21,0.12,,
자몽차_자몽차 아이스(ICED) (ML),24,0.14,,4.65
자몽차_자몽차 핫(HOT),48,0.0,,
자몽차_자몽차 핫(HOT),50,0.07,0.0,12.37
자몽차_자몽차 핫(HOT),32,0.15,,
자몽차_자몽차 핫(HOT) (L),22,0.12,,
자몽차_자몽차 핫(HOT) (L),49,0.22,,
자몽차_자몽차 핫(HOT) (M),21,0.12,,
자몽차_자몽차 핫(HOT) (ML),28,0.17,,5.58
자몽차_자몽티,40,0.28,,
자몽차_자몽티,41,0.0,0.0,10.03
자몽차_자몽티 아이스(ICED),36,0.17,,
자몽차_자몽티 아이스(ICED),23,0.1,0.0,5.69
자몽차_자몽티 아이스(ICED),34,0.28,,
자몽차_자몽티 아이스(ICED),32,0.11,,
자몽차_자몽티 아이스(ICED),21,0.0,,
자몽차_자몽티 아이스(ICED),24,0.24,,5.85
자몽차_자몽티 아이스(ICED),41,0.0,,
자몽차_자몽티 아이스(ICED),48,0.08,,
자몽차_자몽티 핫(HOT),41,0.0,,
자몽차_자몽티 핫(HOT),30,0.13,0.0,7.4
자몽차_자몽티 핫(HOT),59,0.21,,
자몽차_자몽티 핫(HOT),27,0.11,,
자몽차_자몽티 핫(HOT),32,0.11,,
자몽차_자몽티 핫(HOT),28,0.0,,
자몽차_자몽티 핫(HOT),49,0.31,,
자몽차_자몽티 핫(HOT),32,0.32,,7.74
자몽차_저칼로리 허니자몽티 (Grande),8,0.1,,
자몽차_캐모마일 자몽 릴렉싱티,29,0.08,,
자몽차_허니 자몽티,52,0.32,,12.9
자몽차_허니몽 아이스(ICED),52,1.69,,
자몽차_허니몽 핫(HOT),69,2.25,,
자몽차_홍자몽차 아이스(ICED),38,0.28,,
자몽차_홍자몽차 핫(HOT),38,0.28,,
자몽홍차_꿀 자몽 블랙티,47,0.0,,
자몽홍차_오렌지자몽블랙티 아이스(ICED),15,0.01,,
자몽홍차_오렌지자몽블랙티 핫(HOT),23,0.01,,
자몽홍차_자몽 얼그레이 티 핫(HOT) (R),70,0.0,,
자몽홍차_자몽 허니 블랙티 아이스(ICED) (Tall),35,0.0,,
자몽홍차_자몽 허니 블랙티 핫(HOT) (Tall),35,0.0,,
자몽홍차_자몽허니블랙티 아이스(ICED),40,0.07,0.16,9.63
자몽홍차_자몽허니블랙티 아이스(ICED),33,0.18,0.01,8.04
자몽홍차_자몽허니블랙티 핫(HOT),43,0.23,0.01,10.45
자몽홍차_제로 허니자몽 블랙티 (Venti),3,0.09,,
자몽홍차_허니 자몽 블랙티,39,0.08,,
자몽홍차_허니 자몽 블랙티 아이스(ICED),36,0.07,,
자몽홍차_허니 자몽 블랙티 아이스(ICED) (J),27,0.0,,
자몽홍차_허니 자몽 블랙티 아이스(ICED) (L),27,0.0,,
자몽홍차_허니 자몽 블랙티 핫(HOT),58,0.09,,
자몽홍차_허니 자몽 블랙티 핫(HOT) (J),38,0.0,,
자몽홍차_허니 자몽 블랙티 핫(HOT) (L),30,0.0,,
자몽홍차_허니자몽블랙티,55,0.14,0.03,13.53
자몽홍차_허니자몽블랙티,45,0.03,,
자몽홍차_허니자몽블랙티 아이스(ICED),62,0.17,,
자몽홍차_허니자몽블랙티 아이스(ICED),37,0.06,0.01,9.28
자몽홍차_허니자몽블랙티 저당 아이스(ICED),59,0.17,,
자몽홍차_허니자몽블랙티 저당 핫(HOT),60,0.15,,
자몽홍차_허니자몽블랙티 핫(HOT),62,0.15,,
자몽홍차_허니자몽블랙티 핫(HOT),51,0.1,0.02,12.67
자장면,123,3.04,3.13,20.56
자장면,88,2.69,2.22,14.37
자장면,114,4.03,1.2,20.92
자장면,126,4.0,2.05,22.05
자장면,105,3.77,1.15,19.22
자장면,165,5.4,2.52,29.07
자장면_삼선,115,4.81,2.59,18.08
자장밥,148,3.05,4.46,24.01
자장밥,122,4.27,4.72,15.57
잔멸치 튀김,67,4.0,4.12,2.9
잔멸치볶음,330,34.97,8.97,27.43
잔멸치볶음,130,10.4,6.51,6.66
잔멸치볶음,118,14.1,3.94,5.82
잔멸치볶음,130,10.4,6.51,6.66
잔멸치볶음_간장,194,14.9,10.02,10.14
잔멸치볶음_간장,194,14.9,10.02,10.14
잔멸치볶음_간장_고추장,109,11.3,3.89,6.7
잔멸치볶음_간장_고추장,109,11.3,3.89,6.7
잔멸치볶음_간장_고추장,109,11.3,3.89,6.7
잔멸치볶음_견과류,147,9.8,8.68,8.18
잔멸치볶음_견과류,164,13.6,9.77,6.15
잔멸치볶음_견과류,120,7.0,7.15,7.25
잔멸치볶음_견과류,154,10.7,9.57,7.26
잔멸치볶음_견과류,388,24.34,22.22,22.64
잔멸치볶음_고추장,231,17.0,10.22,17.05
잔멸치볶음_고추장,231,17.0,10.22,17.05
잔멸치볶음_꽈리고추,156,12.0,6.01,13.07
잔멸치볶음_꽈리고추,90,7.1,3.61,7.16
잔멸치볶음_꽈리고추,293,24.78,17.48,9.24
잔멸치볶음_모듬,115,10.6,5.11,6.59
잔멸치볶음_잔멸치,118,14.05,3.94,5.82
잔멸치볶음_잔멸치_견과류,163,13.61,9.76,6.13
잔멸치볶음_잔멸치_견과류,120,7.04,7.14,7.24
잔멸치볶음_잔멸치_견과류,147,9.77,8.68,8.17
잔멸치볶음_잔멸치_꽈리고추,64,7.65,2.23,3.1
잔멸치볶음_잔멸치_꽈리고추,90,7.08,3.61,7.16
잔멸치볶음_풋고추,93,9.5,3.28,5.99
잔멸치볶음_풋고추,256,28.24,8.32,16.94
잔멸치볶음_풋고추,93,9.6,3.28,5.97
잔멸치볶음_풋고추,93,9.6,3.28,5.97
잔멸치볶음_풋고추,108,7.1,5.82,6.71
잔멸치볶음_홍고추_풋고추,228,33.28,8.0,5.72
잔치국수,66,2.34,0.9,11.84
잔치국수,63,1.99,0.55,12.03
잔치국수,67,2.35,0.83,12.19
잔치국수,61,2.4,0.84,10.58
잡곡밥,109,2.2,0.4,23.37
잡곡밥,146,5.3,0.87,29.33
잡곡밥,131,3.1,0.7,27.13
잡곡밥_보리,137,3.1,0.65,28.75
잡곡밥_보리,137,3.1,0.65,28.75
잡곡밥_보리,137,3.1,0.65,28.75
잡곡밥_보리,137,3.1,0.65,28.75
잡곡밥_보리_흑미,135,3.0,0.62,28.32
잡곡밥_보리_흑미,135,3.0,0.62,28.32
잡곡밥_보리_흑미,134,2.8,0.43,28.55
잡곡밥_보리_흑미,135,3.0,0.62,28.32
잡곡밥_서리태,134,3.4,0.81,27.35
잡곡밥_서리태,134,3.4,0.81,27.35
잡곡밥_서리태,133,3.3,0.63,27.58
잡곡밥_현미,133,3.0,0.65,27.88
잡곡밥_현미,133,3.0,0.65,27.88
잡곡밥_현미,132,2.9,0.49,28.08
잡곡밥_현미,133,3.0,0.65,27.88
잡곡죽,81,3.5,1.17,14.21
잡곡죽,81,3.5,1.17,14.21
잡곡죽,81,3.5,1.17,14.21
잡채,146,4.71,3.3,24.26
잡채_간편조리세트_소고기 버섯 잡채,105,2.18,1.8,19.97
잡채_간편조리세트_소고기 버섯 잡채,153,2.74,5.9,22.13
잡채_고추,128,5.5,6.01,13.09
잡채_돼지고기,126,2.69,3.13,21.92
잡채_돼지고기,93,3.02,2.49,14.87
잡채_돼지고기,109,3.16,2.5,18.82
잡채_버섯,107,0.94,2.53,20.62
잡채_버섯_소고기,129,3.2,5.54,17.88
잡채_버섯_소고기,129,3.2,5.54,17.88
잡채_부추,68,2.6,1.89,10.37
잡채_소고기,162,3.8,7.33,21.09
잡채_소고기,112,2.5,4.18,16.38
잡채_소고기,106,2.84,3.24,16.78
잡채_어묵,148,2.34,3.78,26.13
잡채_콩나물,67,1.93,0.97,12.55
잡채밥,107,2.8,1.3,20.43
잡채밥,102,2.9,1.31,18.82
잡채밥,113,3.1,2.08,19.65
잡채밥,150,4.02,3.42,25.79
잡채밥,102,2.9,1.31,18.82
잡탕밥,104,5.88,2.68,13.99
잡탕밥,115,5.5,1.84,18.63
잡탕전골,56,4.9,1.73,4.99
잣죽,151,3.0,4.27,24.83
잣죽,121,2.5,4.42,17.92
잣죽,125,2.74,2.8,22.18
장국국수,144,6.4,3.06,21.12
장국국수,71,3.1,1.45,10.64
장국국수,144,6.4,3.06,21.12
장국국수,72,3.3,1.84,9.82
장떡,197,3.67,7.64,27.28
장어 덮밥,95,3.5,1.99,15.04
장어 덮밥,95,3.5,1.99,15.04
장어 양념구이,331,16.5,21.39,16.89
장어 양념구이,331,16.5,21.42,16.91
장어 양념구이,331,16.5,21.39,16.89
장어 양념구이,331,16.5,21.42,16.91
장어 양념구이_들깨,180,14.4,7.19,14.4
장어 초밥,95,3.5,1.99,15.04
장어구이_고추장,134,10.05,8.25,4.82
장어구이_고추장,259,19.82,17.21,6.18
장어구이_붕장어_소금,297,26.0,16.2,11.6
장어구이_소금,137,9.94,10.37,0.23
장어구이_양념,289,20.51,20.37,5.87
장어매운탕,58,5.7,2.11,4.08
장어매운탕,57,5.7,2.11,3.97
장어매운탕,25,2.4,0.91,1.74
장어탕,67,4.32,3.91,3.68
장어튀김,209,10.2,14.75,6.64
장어튀김,209,10.2,14.75,6.64
장조림_달걀,138,9.85,7.12,8.67
장조림_돼지고기_메추리알,141,15.38,5.93,5.53
장조림_돼지고기_메추리알,117,12.37,5.06,4.53
장조림_돼지고기_메추리알,114,11.35,5.15,4.75
장조림_돼지고기_메추리알,127,16.67,3.7,6.74
장조림_메추리알,203,14.25,13.41,6.3
장조림_메추리알,96,6.62,4.94,5.61
장조림_소고기,69,10.41,0.86,4.84
장조림_소고기_메추리알,157,11.69,5.39,15.56
장조림_소고기_메추리알,121,16.27,3.68,5.77
장조림_우엉,149,2.1,0.3,34.37
재첩국,23,0.67,0.29,4.54
재첩국,19,2.3,0.62,1.06
쟁반국수,112,4.1,2.36,18.84
쟁반국수,112,4.1,2.29,19.06
쟁반짜장,145,5.85,2.63,23.63
적어구이,174,20.9,9.04,0.31
적어구이,174,20.9,9.04,0.31
적어조림,54,7.0,0.95,3.33
전갱이구이,226,27.7,11.75,0.17
전복죽,120,3.1,3.0,19.12
전복죽,139,3.6,3.63,21.66
전복죽,79,1.82,3.73,9.62
전복죽,74,2.5,1.31,12.65
전복탕,33,4.47,0.5,2.63
전어구이,33,5.86,0.82,0.06
전어조림,60,9.0,1.22,1.9
절편,197,3.82,0.8,43.58
절편_쑥,192,7.72,2.42,34.87
제육(돼지고기 수육),158,19.7,7.49,1.25
제육(돼지고기 수육),139,11.9,8.5,2.4
제육(돼지고기 수육),150,18.7,7.12,1.2
제육볶음,168,15.4,6.34,12.19
제육볶음,151,12.2,8.39,5.73
제육볶음,103,10.2,4.43,5.33
제육볶음,148,15.4,3.7,13.71
제육볶음_오징어,148,11.2,8.04,7.13
제육볶음_오징어,116,9.9,5.47,6.5
제육볶음_오징어,96,9.2,4.0,5.63
제육볶음_오징어,140,8.8,8.27,6.9
제육볶음_채소,115,9.8,5.39,6.54
제육볶음_채소,120,11.4,5.19,6.51
제육볶음_채소,108,7.7,5.92,5.66
제육볶음_채소,109,11.3,4.15,6.4
젤리_베어리스타 오가닉 젤리,350,0.0,,
젤리_트로피컬원더젤리,328,0.0,0.0,82.0
조개 미역국,11,1.5,0.24,0.97
조개 미역국,11,1.5,0.24,0.97
조개 미역국,11,1.5,0.24,0.97
조개 미역국,11,1.5,0.24,0.97
조개구이_키조개,130,17.43,2.07,10.44
조개국,16,1.67,0.89,0.25
조개국_바지락,29,4.0,0.56,1.84
조개젓_양념,103,8.61,2.05,12.61
조개탕,12,1.8,0.15,0.7
조기 양념구이,219,22.1,9.3,11.01
조기 양념구이,219,22.1,9.3,10.96
조기 오븐구이,39,5.9,1.58,0.02
조기 오븐구이,40,5.9,1.58,0.02
조기구이,177,19.33,10.86,0.44
조기구이,144,12.6,7.8,4.56
조기구이,90,7.4,6.01,0.89
조기구이,168,22.2,8.02,0.02
조기구이,205,22.9,9.81,4.15
조기조림,128,13.7,6.27,4.27
조기찌개,23,2.4,0.64,1.93
조기찌개,23,2.4,0.64,1.93
조기찜,71,9.2,2.53,2.58
조기찜,182,20.06,10.59,1.64
조기찜,71,9.2,2.53,2.58
조기튀김,144,13.4,7.77,3.62
조기튀김,144,13.4,7.77,3.62
조미 김구이,25,1.7,2.05,1.46
조미 김구이,52,1.9,4.81,2.04
족발,233,26.04,13.91,0.93
족발,220,28.91,11.65,0.0
주꾸미볶음,106,9.16,2.6,11.41
주꾸미볶음,74,6.9,1.9,8.01
주꾸미볶음,74,6.9,1.9,8.01
주꾸미볶음_채소,74,6.94,1.91,7.99
주꾸미삼겹살,161,10.11,8.66,10.66
주먹밥,135,2.3,2.09,25.52
주먹밥,135,2.3,2.09,25.52
주먹밥,135,2.3,2.09,25.52
주먹밥,135,2.3,2.09,25.52
주먹밥_까르보나라 구운주먹밥,211,6.0,,
주먹밥_매콤 로제 구운주먹밥,209,5.0,,
주먹밥_멸치,208,6.0,4.4,36.2
주먹밥_배추김치,106,2.39,1.3,20.81
주먹밥_소고기,178,4.76,2.18,34.73
주먹밥_전주비빔라이스버거,201,6.03,,
주먹밥_참치,131,4.74,2.71,21.16
죽순볶음,133,4.3,10.85,6.19
죽순볶음,133,4.3,10.85,6.19
죽순볶음_소고기,120,13.68,5.59,3.78
중식우동,91,4.73,0.84,15.29
중식잡채,83,2.3,2.24,13.58
쥐포무침,298,26.1,7.41,32.77
쥐포무침,339,29.4,8.46,36.45
쥐포무침,339,29.4,8.46,36.45
쥐포무침,298,26.1,7.41,32.77
쥐포조림,276,13.03,8.86,36.12
쥐포조림,140,11.9,3.02,16.76
쥐포조림,197,19.0,2.97,23.08
쥐포조림,140,11.9,3.02,16.76
쥐포조림,194,19.0,2.97,23.06
쥐포튀김,184,13.7,9.45,10.54
쥐포튀김,357,9.62,16.49,42.5
쥐포튀김_쥐포튀김,405,12.64,,
증편,200,3.17,1.2,44.15
지리탕_대구,44,6.93,1.03,1.65
지리탕_복,39,6.95,0.45,1.72
짜사이무침,43,0.4,3.04,3.66
짜사이무침,43,0.4,3.04,3.66
짜장면,117,4.0,2.06,22.06
짜장면,153,5.3,2.57,29.14
짜장면,98,3.8,1.2,19.22
짜장면,105,4.0,1.25,20.9
짜장밥,134,4.0,1.54,25.26
짜장밥,140,4.03,1.38,26.91
짜장밥,139,3.74,1.81,26.19
짜장밥,93,2.85,1.94,15.58
짜장밥_오징어,136,6.3,2.8,21.5
짜장소스,100,4.38,3.64,12.86
짜장소스,101,4.3,3.71,12.86
짜장소스,101,4.3,3.71,12.86
짜장소스,101,4.3,3.71,12.86
짬뽕,58,2.79,1.54,8.26
짬뽕,61,2.8,1.08,9.65
짬뽕,74,2.7,1.31,12.29
짬뽕,73,2.8,1.27,11.93
짬뽕_간편조리세트_나가사키 짬뽕탕,62,2.82,1.62,8.96
짬뽕_간편조리세트_통오징어짬뽕탕,56,4.15,2.77,3.62
짬뽕_굴,76,3.65,1.07,12.85
짬뽕_백짬뽕,63,3.66,1.54,8.54
짬뽕_삼선,74,4.4,1.2,11.3
짬뽕_차돌박이,88,4.58,3.42,9.82
짬뽕라면,91,3.4,2.92,12.32
짬뽕밥,110,4.5,1.84,18.13
짬뽕밥,72,3.2,1.4,11.65
짬뽕밥,48,2.2,0.85,7.6
쫄면,132,3.93,1.05,26.2
쫄면,121,3.44,0.8,24.73
쫄면,107,2.79,0.98,21.6
쫄면,129,3.21,2.52,23.26
쫄면,113,3.23,0.71,23.35
쫄볶이,150,4.7,1.41,29.37
차돌박이구이_소고기,488,17.94,45.69,1.31
짬뽕,86,4.3,1.29,14.92
차조밥,157,2.84,0.65,34.86
차조밥,120,2.3,0.4,25.66
차조밥,119,2.19,0.22,25.73
차조밥,119,2.21,0.2,25.77
차조밥,119,2.18,0.19,25.81
찰떡빵_베이크치즈 크림치즈 찰떡,283,5.0,,43.33
찰떡빵_블루베리 크림치즈 찰떡,342,6.67,,36.67
찰떡빵_스트로베리 크림치즈 찰떡,283,5.0,,43.33
찰떡빵_쑥떡쑥떡콩쑥이,301,7.14,,
찰떡빵_연유콩떡빵,316,6.32,,
찰떡빵_울퉁불퉁왕찰떡빵 (대),371,7.5,,
찰떡빵_울퉁불퉁왕찰떡빵 (소),371,7.5,,
찰떡빵_쫀득찹쌀 브레드,278,7.0,,
찰떡빵_찹쌀고구마,274,4.8,8.1,45.5
찰밥,120,2.2,0.34,25.75
찰밥,153,4.39,0.18,33.56
찰밥,120,2.2,0.34,25.75
찰시루떡,181,6.63,0.41,37.63
참깨죽,38,1.0,1.2,5.9
참나물,14,0.72,0.56,1.94
참나물,17,0.75,0.81,2.02
참나물,17,0.76,0.8,2.11
참나물,60,2.51,3.69,4.14
참나물,80,2.4,1.81,15.97
참나물 겉절이,17,0.8,0.72,2.43
참나물 겉절이,17,0.8,0.72,2.43
참나물 겉절이,17,0.8,0.72,2.43
참나물 겉절이,17,0.8,0.72,2.43
참나물 겉절이_간장,18,0.7,0.6,2.9
참나물 겉절이_단감,22,1.0,0.75,3.41
참나물 겉절이_단감,22,1.0,0.75,3.41
참나물 겉절이_단감,22,1.0,0.75,3.41
참나물 무침_된장,15,0.7,0.71,1.85
참나물 무침_된장,15,0.7,0.71,1.85
참나물 무침_된장,15,0.7,0.71,1.85
참나물겉절이_고춧가루,18,0.74,0.6,2.91
참치 미역국,28,2.7,1.75,0.75
참치 미역국,28,2.7,1.79,0.84
참치 미역국,26,3.3,1.16,0.93
참치 샐러드,250,13.6,20.6,2.67
참치 샐러드,200,10.8,16.18,2.96
참치 샐러드,245,17.6,17.78,2.86
참치 샐러드,200,10.8,16.18,2.96
참치 완자전,220,18.8,8.84,14.84
참치강정,353,30.3,14.12,23.55
참치강정,230,18.7,7.26,21.18
참치구이,316,33.5,19.02,0.05
참치구이,318,33.5,19.02,0.05
참치구이_머리,193,26.56,8.98,1.4
참치덮밥,108,5.8,2.13,15.91
참치죽,82,3.02,2.01,13.07
참치죽,60,2.4,1.8,8.45
참치죽,59,2.7,1.39,8.67
참치죽,60,2.4,1.8,8.45
참치죽,60,2.4,1.8,8.45
참치찌개,45,5.8,1.06,3.11
참치찌개,42,5.4,0.97,3.05
참치찌개,42,5.4,0.97,3.05
참치회덮밥_양념장,76,4.73,0.81,12.14
찹쌀떡,277,3.26,0.15,65.61
찹쌀떡,241,4.7,0.51,54.49
찹쌀떡_요아정 고구마크림 찹쌀떡,238,2.5,5.5,45.0
찹쌀떡_요아정 딸기요거트크림 찹쌀떡,238,2.5,5.25,45.0
찹쌀떡_요아정 쑥팥크림 찹쌀떡,263,5.0,5.5,47.5
찹쌀떡_요아정 카스테라 생크림 찹쌀떡,250,2.5,7.25,42.5
찹쌀떡_팥,266,4.09,2.14,57.66
찹쌀떡_팥,295,5.06,2.53,62.93
찹쌀죽,63,1.1,0.27,13.39
채소 꼬치구이,91,2.8,2.3,14.29
채소밥,114,2.6,0.91,23.06
채소밥,114,2.6,0.91,23.06
채소밥,115,2.6,0.92,23.27
채소전,154,3.38,5.63,21.39
채소전,194,5.4,9.5,21.6
채소전,145,3.57,4.5,22.59
채소전,204,4.7,8.58,25.38
채소전,204,4.7,8.58,25.38
채소전,204,4.6,8.5,25.64
채소죽,70,1.15,1.39,13.3
채소죽,43,1.69,0.69,7.62
채소죽,74,1.8,0.24,15.77
채소죽,47,1.0,0.32,9.68
채소죽_달걀,61,1.4,1.69,9.88
채소죽_달걀,61,1.4,1.69,9.88
채소죽_달걀,61,1.4,1.69,9.88
채소튀김,214,3.4,10.51,25.35
채소튀김,214,3.4,10.51,25.35
채소튀김,101,1.3,5.28,11.65
채소튀김,101,1.3,5.28,11.65
천사채무침,73,3.3,5.51,2.95
천사채무침,73,3.3,5.51,2.95
천사채무침,73,3.3,5.51,2.95
천사채무침,73,3.3,5.51,2.95
청경채나물,14,1.06,0.58,1.59
청국장찌개,45,4.0,1.01,4.91
청국장찌개,47,5.03,2.11,1.92
청국장찌개_간편조리세트_영월식 청국장,74,6.09,3.13,5.38
청국장찌개_간편조리세트_우삼겹 청국장찌개,80,5.58,4.88,3.32
청국장찌개_두부_채소,79,6.32,4.63,2.94
청국장찌개_모듬,42,3.8,0.96,4.57
청국장찌개_배추김치,28,2.53,0.68,2.93
청국장찌개_배추김치,29,2.56,0.88,2.85
청국장찌개_배추김치,29,2.54,0.88,3.09
청국장찌개_해물,37,3.8,0.8,3.83
청어구이,129,8.2,10.03,0.22
청포묵 무침,57,2.2,2.72,6.76
청포묵 무침,53,2.0,2.18,7.38
청포묵 무침,43,1.3,1.68,6.54
청포묵 무침,43,1.3,1.68,6.54
청포묵국,44,2.9,2.62,2.16
청포묵무침,53,1.96,2.16,7.48
청포묵무침,57,2.17,2.7,6.86
청포묵무침,43,1.3,1.68,6.54
초간장,72,6.6,0.0,11.33
초간장,72,6.6,0.0,11.33
초간장,72,6.6,0.0,11.33
초간장,73,6.1,0.0,12.19
초당순두부,58,5.46,3.24,1.76
초밥_광어,151,9.02,1.31,25.85
초밥_농어,159,6.97,0.53,31.5
초밥_모듬,160,9.66,1.59,26.72
초밥_모듬,154,8.47,2.02,25.48
초밥_문어,157,5.85,0.3,32.71
초밥_새우,130,7.78,1.94,20.41
초밥_연어,207,11.2,9.36,19.59
초밥_유부초밥,194,5.78,5.77,29.82
초밥_유부초밥,165,4.32,2.51,31.26
초밥_장어,195,6.61,4.33,32.27
초밥_한치,150,5.48,0.34,31.17
초코소라빵,319,3.29,10.93,51.76
초콜릿_로고 코인 다크 초콜릿 골드,510,10.0,,
초콜릿_로고 코인 밀크 초콜릿 실버,512,8.0,,
초콜릿_로스티드 아몬드 앤 초콜릿,527,5.36,,
초콜릿_로스티드 헤이즐넛 초콜릿,611,9.09,,40.0
초콜릿_로아커 초콜릿 클래식 다크,518,6.4,,
초콜릿_로아커 초콜릿 클래식 밀크,530,10.6,,
초콜릿_리저브 초콜릿 세트,503,5.56,,
초콜릿_마이 스위티 까페,571,4.76,,
초콜릿_마이 스위티 브라운,571,4.76,,
총각김치,42,1.92,0.29,7.89
추어탕,26,2.65,0.77,2.36
추어탕,41,4.8,1.2,2.92
추어탕,30,3.5,0.91,1.97
추어탕,32,2.27,1.32,2.68
추어탕,30,3.09,1.05,2.28
추어탕,54,3.24,3.18,3.07
충무김밥,128,3.5,1.9,23.59
충무김밥,146,5.86,1.49,27.29
취나물_간장_소금,25,0.97,1.15,3.42
취나물_간장_소금,25,1.04,1.01,3.7
취나물_된장,29,1.36,0.91,4.7
취나물_된장,44,3.08,1.66,4.12
취나물_된장,63,3.0,1.81,10.79
취나물_된장,63,3.0,1.81,10.75
취나물_된장,59,2.6,1.95,9.33
취나물_취나물(마른것),89,3.62,5.4,6.4
취나물무침,29,1.4,0.91,4.69
취나물무침,44,2.0,1.52,6.74
취나물무침,148,2.75,12.31,6.61
취나물무침_간장,25,1.0,1.15,3.32
취나물무침_간장,25,1.0,1.01,3.64
취나물무침_간장,25,1.0,1.01,3.64
취나물무침_간장,25,1.0,1.01,3.64
취나물무침_소금,99,3.4,4.95,12.32
취나물무침_소금,99,3.4,4.95,12.32
취나물무침_소금,99,3.4,4.95,12.32
츄러스,185,4.2,4.29,30.74
츄러스,361,6.6,11.29,58.17
츄러스_고구마 필링 롱츄,398,5.21,14.58,61.46
츄러스_달콤 허니버터 스틱츄,322,4.9,10.8,50.83
츄러스_레인보우 초코 링츄,370,6.71,11.59,59.39
츄러스_바삭 후레이크 링츄,374,6.71,11.5,52.93
츄러스_버터 갈릭 스틱츄,304,5.1,11.09,50.1
츄러스_슈크림 필링 롱츄,356,5.51,14.59,51.02
츄러스_스틱 츄러스,316,5.22,11.06,48.89
츄러스_스틱츄,370,5.14,16.0,51.43
츄러스_스페셜링츄 세트 (8개입),325,5.7,10.34,52.19
츄러스_스페셜스틱 세트 (10개입),325,5.5,12.9,46.59
츄러스_시나몬츄라이,484,5.56,26.67,55.56
츄러스_쌍쌍 츄로스,434,4.92,,
츄러스_아몬드초코 링츄,406,9.11,12.0,57.0
츄러스_아이스크림 시나몬 츄로넛,202,2.89,,
츄러스_어니언츄라이,502,6.11,30.56,50.56
츄러스_오레오 롱츄,350,6.95,11.83,53.66
츄러스_오레오 스틱츄,325,5.21,11.24,50.52
츄러스_오레오 초코 링츄,356,1.71,11.1,56.95
츄러스_오리지널 롱츄,327,4.79,13.56,46.3
츄러스_오리지널 링츄,455,9.14,15.43,70.0
츄러스_쫀듸기,347,7.0,5.49,67.32
츄러스_초코 츄러스,405,4.35,,
츄러스_초코필링츄,400,5.58,17.21,55.81
츄러스_초콜릿 스틱츄,366,5.56,15.0,52.18
츄러스_초콜릿 필링 롱츄,313,4.27,10.1,51.75
츄러스_츄러스,375,2.78,16.67,55.56
츄러스_츄러스,355,5.0,15.0,50.0
츄러스_츄러스 바바리안 크림,308,5.13,,
츄러스_츄로독,289,9.39,15.87,27.09
츄러스_치즈 스틱츄,334,5.21,12.49,49.95
츄러스_치즈 시즈닝 링츄,327,6.39,11.11,50.56
츄러스_치즈스틱츄,367,5.14,15.43,52.0
츄러스_치즈츄러스,355,5.0,15.0,50.0
츄러스_컵츄볶이,273,7.47,10.06,38.1
츄러스_케이준츄라이,478,6.11,26.67,53.33
츄러스_콘소메 스틱츄,320,5.36,12.4,50.83
츄러스_크리미 인절미 링츄,368,8.31,12.89,55.42
츄러스_크림치즈 필링 롱츄,387,5.51,18.06,50.41
츄러스_톡톡 슈팅스타 링츄,380,7.22,12.15,60.25
츄러스_플레인 츄러스,355,4.35,,
츄러스_흑임자 링츄,414,6.96,14.52,62.53
치아바타_갈릭 고르곤 치아바타,264,13.78,,
치아바타_감자 치아바타,233,9.17,,
치아바타_데일리 치아바타,244,7.5,,
치아바타_멜팅 치즈 바질 치폴레치킨 치아바타,260,10.78,13.77,23.35
치아바타_미니 치아바타,278,10.0,,
치아바타_블랙올리브치즈 치아바타,276,7.57,6.49,45.95
치아바타_시금치 치아바타,223,8.65,,
치아바타_올리브 치아바타,243,2.5,,
치아바타_치즈감자치아바타,234,7.6,,
치아바타_콘치즈 치아바타,285,8.33,,
치아바타_페페로니 치아바타,243,10.0,,
치즈 스파게티_해물,99,4.5,2.09,15.18
치즈 스파게티_해물,99,4.5,2.09,15.18
치즈 스파게티_해물,99,4.5,2.09,15.18
치즈_메이플피칸크림치즈,329,4.29,,
치즈_블루베리 크림치즈,273,8.96,,
치즈_쪽파&베이컨크림치즈,364,8.57,,
치즈_초코청크 크림치즈,301,5.97,,
치즈_플레인 크림치즈,284,4.48,,
치즈_허브갈릭 크림치즈,279,7.46,,
치즈볼,333,9.56,20.0,28.66
치즈볼_고르곤 치즈볼,373,6.51,,
치즈볼_로제크림치즈볼 (6개),357,4.5,,45.6
치즈볼_모짜감짜 오리지널,330,8.0,,
치즈볼_밀크치즈볼,342,5.14,,
치즈볼_치즈볼 오리지널,343,6.3,,
치즈볼_치즈쫀득볼,336,4.91,,
치즈볼_크림치즈볼,340,4.49,,
치즈볼_트리플치즈볼 (6개),259,9.69,,33.28
치즈볼_퐁듀 치즈볼,366,4.3,,
치즈빵_고다치즈와 체다치즈를 넣은 롤치즈빵,311,9.63,9.63,47.41
치즈빵_고다치즈와 체다치즈를 넣은 롤치즈빵(8개입),311,9.63,,
치즈빵_고소짭짤 햄치즈브레드,294,10.0,12.5,35.0
치즈빵_깨알치즈감자볼,345,5.45,,
치즈빵_다시만난크림치즈,314,9.88,,
치즈빵_달콤한고르곤졸라,308,8.97,,
치즈빵_동글동글순치즈,392,8.49,,
치즈빵_뚜레1번가치킨치즈롤,266,8.87,,
치즈빵_먹물퐁당감자치즈,373,7.5,,
치즈빵_모짜렐라 치즈볼,321,10.71,,
치즈빵_모찌모찌치즈스틱,367,3.0,,
치즈빵_미니치즈롤,288,11.62,,
치즈빵_미니크림치즈호두빵,328,9.45,,
치즈빵_미니크림치즈호두빵 (8개입),333,10.0,,
치즈빵_미니크림치즈호두빵(8개입),333,10.0,,
치즈빵_미니햄치즈롤(10개입),269,10.95,,
치즈빵_미니호두아몬드크림치즈빵 (5개입),332,8.76,16.06,40.15
치즈빵_미엘 고르곤졸라,285,2.29,,
치즈빵_부드러운 시골 치즈빵(W),267,9.95,,
치즈빵_블루베리크림치즈,264,4.29,,
치즈빵_블루치즈브레드,286,7.94,,
치즈빵_빙빙크림치즈,342,8.89,,
치즈빵_빵속에리얼초코,329,7.9,,
치즈빵_순진크림치즈빵,346,7.41,,
치즈빵_쉑쉑모찌볼 어니언 (1개입),409,8.18,,
치즈빵_쉑쉑모찌볼 어니언 (3개입),409,3.03,,
치즈빵_쉑쉑모찌볼 어니언 (6개입),409,3.03,,
치즈빵_쉑쉑모찌볼 어니언 (9개입),414,7.07,,
치즈빵_양파치즈브레드,327,8.54,,
치즈빵_진한크림치즈빵,346,7.41,,
치즈빵_쫀득치즈스틱,350,3.0,,
치즈볼_치즈볼 6개,362,4.17,,
치즈빵_쫀득치즈스틱 (3개입),356,2.22,17.78,47.78
치즈빵_처음만난크림치즈,356,10.0,,
치즈빵_치즈 앤 치즈 블랑,246,10.95,,
치즈빵_치즈 퐁듀,316,4.0,,
치즈빵_치즈 푸가스,324,11.2,10.4,46.3
치즈빵_치즈감자봉,353,6.32,,
치즈빵_치즈방앗간,315,5.2,,
치즈빵_치즈빵빵,288,6.67,,
치즈빵_치즈클라우드브레드,372,12.18,,
치즈빵_치즈퐁듀,263,11.11,,
치즈빵_카스타드화이트치즈볼,333,5.0,,
치즈빵_카스타드화이트치즈볼 (3개입),336,4.44,,
치즈빵_카스타드화이트치즈볼 (4개입),338,4.58,,
치즈빵_카스타드화이트치즈볼 (5개입),337,4.67,,
치즈빵_크랜베리애플크림치즈,299,6.1,,
치즈빵_크림치즈 살라망드,371,7.78,,
치즈빵_크림치즈월넛 브레드,376,8.48,,
치즈빵_크림치즈월넛브레드,380,9.58,,
치즈빵_크림치즈쫀득이(1EA),348,3.03,,
치즈빵_크림치즈호두빵,328,9.44,,
치즈빵_톡톡콘치즈브레드,286,8.33,16.67,25.0
치즈빵_톡톡콘치즈브레드 (2개입),289,8.33,17.26,25.0
치즈빵_트리플 치즈,266,10.7,,
치즈빵_트리플치즈캐슈넛,294,10.49,9.09,41.96
치즈빵_트리플치즈캐슈넛&스위트콘크림치즈,270,8.77,10.96,33.77
치즈빵_파르메산,298,1.21,,
치즈빵_한조각씩크림치즈호두빵,367,10.0,,
치즈빵_햄치즈조리빵,350,8.57,,
치즈빵_호두아몬드크림치즈빵,332,8.76,16.06,40.15
치즈빵_화이트치즈볼 (1개입),357,5.71,,
치즈빵_화이트치즈볼 (2개입),364,4.29,,
치즈빵_화이트치즈볼 (3개입),362,4.76,,
치즈빵_화이트치즈볼 (4개입),364,5.0,,
치즈빵_화이트치즈볼 (5개입),363,5.14,,
치즈빵_후라잉치즈감자볼,336,3.45,,
치즈스틱,329,16.0,18.78,24.0
치즈스틱,329,12.59,21.85,20.57
치즈스틱_롱치즈스틱,322,16.67,,
치즈스틱_롱치즈스틱 (1개),302,12.86,,
치즈스틱_모짜렐라치즈스틱(1개입),379,9.09,,
치즈스틱_순수치즈스틱,220,11.95,,
치즈스틱_치즈 스틱 (2개),318,13.64,,
치즈스틱_치즈 스틱 (4개),319,12.5,,
치즈스틱_치즈스틱,322,15.67,,
치즈스틱_치즈스틱,279,11.0,,
치즈스틱_치즈스틱 (6조각),310,16.81,,
치커리 겉절이,22,0.7,0.73,3.5
치커리 겉절이,58,2.9,3.0,6.04
치커리 겉절이,58,2.9,3.01,6.18
치커리겉절이,22,0.72,0.73,3.51
치커리무침,16,0.8,0.48,2.35
치킨가스,296,13.96,16.96,22.01
치킨데리야끼,208,16.54,9.01,15.21
치킨데리야끼,142,25.4,1.55,5.56
치킨데리야끼,87,11.2,0.7,8.74
치킨데리야끼,117,16.0,0.99,10.96
칠면조구이,207,30.6,7.98,0.96
카레라이스,108,3.11,1.4,20.74
카레라이스_돼지고기,100,2.64,1.59,18.4
카레라이스_돼지고기,90,2.8,1.65,15.73
카레라이스_돼지고기,164,4.6,2.84,29.04
카레라이스_돼지고기,167,4.8,2.47,30.95
카레라이스_돼지고기_모듬채소,99,2.7,1.52,18.44
카레라이스_돼지고기_모듬채소,99,2.7,1.52,18.44
카레라이스_돼지고기_모듬채소,99,2.7,1.52,18.44
카레라이스_두부,104,3.7,2.43,16.18
카레라이스_소고기,113,2.7,2.48,19.28
카레라이스_오징어,117,4.3,1.83,20.69
카레라이스_채소,95,2.09,1.18,18.96
카레소스,136,9.16,8.38,6.02
카레소스,70,2.7,2.33,9.75
카레소스,70,2.7,2.33,9.75
카레소스,66,2.78,2.07,9.9
카레소스,70,2.7,2.33,9.75
카레소스_치킨마크니 찍먹커리,172,3.65,,28.01
카스텔라,335,10.03,11.47,47.99
카스텔라_난리난 카스텔라,312,6.67,,41.67
카스텔라_민트초코 생크림 카스텔라,326,7.2,,
카스텔라_베리베리 카스텔라,341,6.0,,
카스텔라_부드러운 생크림 카스텔라,332,5.88,,
카스텔라_생크림 가득 카스텔라,174,2.76,,
카스텔라_생크림 카스테라,352,6.67,,
카스텔라_생크림 카스테라,386,10.83,,
카스텔라_생크림 카스테라,352,6.61,,
카스텔라_생크림 카스텔라,349,5.36,20.54,35.71
카스텔라_우리 흑米 카스텔라,315,8.0,,
카스텔라_우리米 카스텔라,305,7.0,,
카스텔라_우유생크림 카스테라,329,5.71,18.1,37.14
카스텔라_우유크림 카스테라,352,33.33,,
카스텔라_우유크림카스테라,333,5.71,,
카스텔라_촉촉한 쌀카스테라 녹차,294,6.67,,
카스텔라_촉촉한 쌀카스테라 플레인,309,6.67,,
카스텔라_카스테라구마,314,4.76,,
카스텔라_카스텔라우유스틱 브레드,284,7.0,,
카스텔라_큐브 라이스 카스텔라,323,7.5,,
카스텔라_크림가득 카스테라,314,5.6,,
카스텔라_클래식 카스테라,309,11.77,11.77,39.71
카스텔라_펄 슈가 카스테라,303,7.5,,
카스텔라_폭신한 생크림 카스텔라,352,5.46,,
카스텔라_폭탄 카스테라,352,33.33,,
카스텔라_플레인 카스테라,368,4.23,,
카스텔라_후레쉬카스텔라,337,6.0,,
카페라떼,38,1.7,1.83,3.57
카페라떼_시럽,51,1.7,1.83,6.9
카페라떼_카라멜,59,1.7,1.84,9.24
카페모카,63,1.9,1.9,9.64
카페모카_카라멜,74,1.9,1.9,12.7
카페모카_카라멜_휘핑크림,105,2.1,4.98,13.26
카페모카_휘핑크림,93,2.1,4.98,10.19
칼국수,97,2.7,0.29,20.03
칼국수,77,3.3,0.49,14.9
칼국수,97,2.7,0.29,20.03
칼국수,85,2.4,0.26,17.53
칼국수,97,2.7,0.29,20.03
칼국수_간편조리세트_닭한마리와 칼국수,94,7.95,2.28,10.53
칼국수_간편조리세트_세숫대야 바지락칼국수,74,2.28,2.87,9.72
칼국수_간편조리세트_원주식장칼국수,78,2.71,0.66,15.27
칼국수_간편조리세트_장칼국수,80,2.51,1.12,15.06
칼국수_닭고기,53,4.1,0.48,7.69
칼국수_닭고기,53,4.1,0.48,7.69
칼국수_닭고기,74,4.69,1.42,10.52
칼국수_들깨,76,2.93,2.75,9.97
칼국수_들깨,113,3.41,2.73,18.42
칼국수_바지락,47,2.1,0.53,8.27
칼국수_바지락,54,2.4,0.61,9.36
칼국수_바지락,82,3.43,0.53,15.97
칼국수_소고기,59,2.0,1.93,8.09
칼국수_소고기,57,2.2,1.07,9.01
칼국수_해물,78,3.1,0.39,14.74
칼국수_해물,78,3.1,0.39,14.74
칼국수_해물,78,3.1,0.39,14.74
칼국수_해물,78,3.1,0.39,14.74
칼국수_해물,70,2.53,0.51,13.77
캔디_씨프렌즈 캔디,392,0.0,,
캔디_아몬드 토피넛 캔디,527,1.67,,
캘리포니아롤,163,4.11,3.02,29.74
커피(타먹는커피),51,0.5,1.17,9.81
커피_공차슈페너 DRIP 아이스(ICED) (L),21,0.21,,
커피_공차슈페너 ESP 아이스(ICED) (L),21,0.21,,
커피_과테말라 누에보 오리엔테,1,0.06,,
커피_그린티 샷 라떼 아이스(ICED),57,1.54,,
커피_그린티 샷 라떼 핫(HOT),82,2.43,,
커피_그린티 카페 라떼 아이스(ICED),83,2.82,,
커피_그린티 카페 라떼 핫(HOT),83,2.82,,
커피_그린티더블샷 아이스(ICED),53,1.14,,
커피_그린티더블샷 핫(HOT),99,2.07,,
커피_그린티도피오 라떼 아이스(ICED),65,1.97,,
커피_그린티도피오 라떼 핫(HOT),86,2.82,,
커피_그샷추 아이스(ICED) (Grande),79,1.46,,
커피_그샷추 아이스(ICED) (Mini Venti),76,1.23,,
커피_그샷추 아이스(ICED) (Tall),74,1.39,,
커피_그샷추 아이스(ICED) (Venti),79,1.25,,
커피_그샷추 핫(HOT) (Grande),88,1.67,,
커피_그샷추 핫(HOT) (Mini Venti),84,1.58,,
커피_그샷추 핫(HOT) (Tall),87,1.95,,
커피_그샷추 핫(HOT) (Venti),77,1.39,,
커피_꼰대 라떼 아이스(ICED),71,0.49,2.2,12.44
커피_꼰대 라떼 핫(HOT),94,0.65,2.9,16.45
커피_꿀 다크리카노 아이스(ICED),29,0.17,,
커피_꿀 다크리카노 핫(HOT),29,0.17,,
커피_꿀 라떼 아이스(ICED),46,1.39,,
커피_꿀 라떼 아이스(ICED),47,1.34,,
커피_꿀 라떼 아이스(ICED) (L),17,0.08,,
커피_꿀 라떼 아이스(ICED) (M),18,0.07,,
커피_꿀 라떼 핫(HOT),67,2.24,,
커피_꿀 라떼 핫(HOT),70,2.18,,
커피_꿀 라떼 핫(HOT) (L),17,0.11,,
커피_꿀 라떼 핫(HOT) (M),18,0.07,,
커피_꿀 커피 아이스(ICED),21,0.12,,
커피_꿀 커피 아이스(ICED),21,0.17,,
커피_꿀 커피 핫(HOT),27,0.21,,
커피_꿀 커피 핫(HOT),26,0.15,,
커피_꿀메리카노 I’m B 아이스(ICED) (L),17,0.1,,
커피_꿀메리카노 I’m B 아이스(ICED) (M),18,0.05,,
커피_꿀메리카노 I’m B 핫(HOT) (L),16,0.04,,
커피_꿀메리카노 I’m B 핫(HOT) (M),18,0.07,,
커피_꿀메리카노 I’m D 아이스(ICED) (L),17,0.11,,
커피_꿀메리카노 I’m D 아이스(ICED) (M),18,0.07,,
커피_꿀메리카노 I’m D 핫(HOT) (L),16,0.04,,
커피_꿀메리카노 I’m D 핫(HOT) (M),19,0.08,,
커피_꿀아메리카노 아이스(ICED),23,0.13,0.04,5.49
커피_꿀아메리카노 핫(HOT),29,0.15,0.03,7.07
커피_나이트로 바닐라 크림 (Tall),23,0.28,,
커피_나이트로 콜드 브루 (Tall),1,0.0,,
커피_낭만 달고나 카페 라떼 아이스(ICED),102,1.25,,
커피_낭만 달고나 카페 라떼 핫(HOT),110,1.25,,
커피_넘버원모카 아이스(ICED) (L),84,1.52,,
커피_넘버원모카 아이스(ICED) (R),91,0.89,,
커피_넘버원모카 핫(HOT) (L),113,2.15,,
커피_넘버원모카 핫(HOT) (R),123,2.14,,
커피_녹차 샷 라떼 아이스(ICED),58,1.51,,
커피_녹차 샷 라떼 핫(HOT),84,2.39,,
커피_니트로 콜드브루,1,0.0,,
커피_니트로커피,3,0.24,,
커피_달고나 아인슈페너 아이스(ICED),63,0.21,,
커피_달고나 커피 아이스(ICED),66,1.18,,
커피_달고나 커피 핫(HOT),62,1.08,,
커피_달고나 콜드브루 라떼 아이스(ICED),58,1.22,,
커피_달고나 콜드브루 라떼 아이스(ICED),58,1.24,,
커피_달고나 콜드브루 라떼 핫(HOT),84,2.05,,
커피_달고나 콜드브루 라떼 핫(HOT),83,2.03,,
커피_달고나 크림커피 아이스(ICED),84,1.04,,
커피_달고나카페 라떼 아이스(ICED) (L),69,1.69,,
커피_달고나카페 라떼 아이스(ICED) (Max),61,1.52,,
커피_달고나카페 라떼 아이스(ICED) (R),62,1.45,,
커피_달고나카페 라떼 핫(HOT) (L),88,2.96,,
커피_달고나카페 라떼 핫(HOT) (R),89,3.1,,
커피_달고나커피,111,2.47,4.97,14.08
커피_달고나커피 아이스(ICED),66,1.18,,
커피_달고나커피 핫(HOT),62,1.08,,
커피_달달연유 라떼 아이스(ICED),55,1.97,,
커피_달달연유 라떼 핫(HOT),104,3.59,,
커피_달달커피 (EX),48,0.29,,
커피_달달커피 (L),52,0.38,,
커피_당 걱정 없는 카라멜 라떼 (Grande),36,2.43,,
커피_당 걱정 없는 카라멜 라떼 (Venti),18,1.08,,
커피_더벤티사이즈 디카페인 아메리카노 아이스(ICED),3,0.11,,
커피_더벤티사이즈 디카페인 카페 라떼 아이스(ICED),32,1.37,,
커피_더벤티사이즈 믹스커피 아이스(ICED),59,0.21,,
커피_더벤티사이즈 아메리카노 아이스(ICED),3,0.21,,
커피_더벤티사이즈 카페 라떼 아이스(ICED),32,1.48,,
커피_더블 모카 라떼 다크로스트 (K(코끼리)),74,2.62,,
커피_더블 모카 라떼 다크로스트 (L),83,2.96,,
커피_더블 모카 라떼 다크로스트 (R),94,3.1,,
커피_더블 모카 라떼 디카페인 (K(코끼리)),74,2.62,,
커피_더블 모카 라떼 디카페인 (L),83,2.96,,
커피_더블 모카 라떼 디카페인 (R),94,3.1,,
커피_더블 모카 라떼 아이스(ICED) (K(코끼리)),74,2.62,,
커피_더블 모카 라떼 아이스(ICED) (L),83,2.96,,
커피_더블 모카 라떼 아이스(ICED) (R),94,3.1,,
커피_더블 모카 라떼 프리미엄마일드 (K(코끼리)),74,2.62,,
커피_더블 모카 라떼 프리미엄마일드 (L),83,2.96,,
커피_더블 모카 라떼 프리미엄마일드 (R),94,3.1,,
커피_더블 모카 라떼 핫(HOT) (K(코끼리)),74,2.62,,
커피_더블 모카 라떼 핫(HOT) (L),83,2.96,,
커피_더블 모카 라떼 핫(HOT) (R),94,3.1,,
커피_더블 베네브루 디카페인 (S),75,0.95,,
커피_더블 베네브루 블루밍 (S),76,0.95,,
커피_더블 베네브루 시그니처 (S),77,0.95,,
커피_더블 에스프레소,37,1.67,,
커피_더블돌체 라떼 아이스(ICED) (L),71,1.82,,
커피_더블돌체 라떼 아이스(ICED) (R),72,1.83,,
커피_더블돌체 라떼 핫(HOT) (L),100,2.93,,
커피_더블돌체 라떼 핫(HOT) (R),100,2.94,,
커피_더블샷 바닐라 딜라이트 아이스(ICED),63,1.98,,
커피_더블샷 바닐라 딜라이트 핫(HOT),79,3.11,,
커피_더블에스프레소,37,1.67,,
커피_더치 라떼,21,1.01,0.88,2.16
커피_더치 블랙 에티오피아 예가체프,3,0.19,,
커피_더치 블랙 케냐AA,3,0.19,,
커피_더치 썬셋,70,2.06,,
커피_더치 오션,71,2.06,,
커피_더치라떼 아이스(ICED),19,0.76,1.02,1.44
커피_더치아메리카노,3,0.18,0.01,0.51
커피_더치커피 핫(HOT),1,0.0,0.0,0.17
커피_데일리오트코코넛 라떼 아이스(ICED) (L),97,1.32,,
커피_데일리오트코코넛 라떼 아이스(ICED) (Max),97,1.32,,
커피_데일리오트코코넛 라떼 아이스(ICED) (R),98,1.23,,
커피_데일리오트코코넛 라떼 핫(HOT) (L),127,1.78,,
커피_데일리오트코코넛 라떼 핫(HOT) (R),126,1.74,,
커피_돌체 라떼 (Venti),44,1.57,,
커피_돌체 라떼 아이스(ICED),59,1.86,,
커피_돌체 라떼 아이스(ICED),77,2.5,,11.04
커피_돌체 라떼 아이스(ICED),54,1.41,,
커피_돌체 라떼 아이스(ICED),53,1.93,,
커피_돌체 라떼 아이스(ICED),44,1.7,,
커피_돌체 라떼 아이스(ICED),57,1.8,,
커피_돌체 라떼 아이스(ICED),53,1.93,,
커피_돌체 라떼 아이스(ICED) (Grande),54,1.25,,
커피_돌체 라떼 아이스(ICED) (L),41,1.3,,5.3
커피_돌체 라떼 아이스(ICED) (L),53,1.63,,
커피_돌체 라떼 아이스(ICED) (M),52,1.57,,
커피_돌체 라떼 아이스(ICED) (ML),38,1.27,,5.07
커피_돌체 라떼 아이스(ICED) (Mini Venti),67,1.4,,
커피_돌체 라떼 아이스(ICED) (Tall),54,1.39,,
커피_돌체 라떼 아이스(ICED) (Venti),91,1.25,,
커피_돌체 라떼 아이스(ICED) 빅사이즈,59,2.16,,
커피_돌체 라떼 핫(HOT),81,2.35,,
커피_돌체 라떼 핫(HOT),82,3.11,,
커피_돌체 라떼 핫(HOT),103,3.53,,13.65
커피_돌체 라떼 핫(HOT),62,2.54,,
커피_돌체 라떼 핫(HOT),61,2.08,,
커피_돌체 라떼 핫(HOT),58,1.84,,
커피_돌체 라떼 핫(HOT),94,3.59,,
커피_돌체 라떼 핫(HOT),86,2.92,,
커피_돌체 라떼 핫(HOT) (Grande),62,1.67,,
커피_돌체 라떼 핫(HOT) (L),56,1.79,,
커피_돌체 라떼 핫(HOT) (M),63,2.08,,
커피_돌체 라떼 핫(HOT) (ML),57,1.97,,7.89
커피_돌체 라떼 핫(HOT) (Mini Venti),64,1.58,,
커피_돌체 라떼 핫(HOT) (Tall),63,1.67,,
커피_돌체 라떼 핫(HOT) (Venti),59,1.39,,
커피_돌체 라떼 핫(HOT) 빅사이즈,93,3.5,,
커피_돌체 카페 라떼 아이스(ICED) (J),88,1.69,,
커피_돌체 카페 라떼 아이스(ICED) (L),88,1.69,,
커피_돌체 카페 라떼 핫(HOT) (J),115,2.54,,
커피_돌체 카페 라떼 핫(HOT) (L),115,2.42,,
커피_돌체 카푸치노 N2,143,2.14,,
커피_돌체 콜드 브루 (Tall),75,2.25,,
커피_돌체 콜드 브루 라떼 아이스(ICED),36,1.18,,
커피_돌체 콜드브루 라떼,49,1.96,1.31,
커피_돌체 콜드브루 라떼 디카페인 아이스(ICED) (L),54,1.51,,
커피_돌체 콜드브루 라떼 디카페인 아이스(ICED) (M),50,1.44,,
커피_돌체 콜드브루 라떼 디카페인 핫(HOT) (L),58,1.67,,
커피_돌체 콜드브루 라떼 디카페인 핫(HOT) (M),61,1.95,,
커피_돌체 콜드브루 라떼 아이스(ICED),56,1.3,,
커피_돌체 콜드브루 라떼 아이스(ICED),58,1.3,,
커피_돌체 콜드브루 라떼 아이스(ICED) (L),49,1.92,,
커피_돌체 콜드브루 라떼 아이스(ICED) (L),55,1.58,,
커피_돌체 콜드브루 라떼 아이스(ICED) (M),51,1.51,,
커피_돌체 콜드브루 라떼 아이스(ICED) (R),49,1.93,,
커피_돌체 콜드브루 라떼 핫(HOT) (L),58,1.73,,
커피_돌체 콜드브루 라떼 핫(HOT) (M),62,2.01,,
커피_돌체 콜드브루 아이스(ICED),58,1.83,2.29,7.27
커피_돌체 콜드브루 아이스(ICED),54,1.69,,
커피_돌체 콜드브루 아이스(ICED) (L),45,1.6,,6.7
커피_돌체 콜드브루 아이스(ICED) (ML),41,1.55,,6.05
커피_돌체 콜드브루 플로트 (L),76,2.25,,
커피_돌체 콜드브루 플로트 (R),70,1.94,,
커피_돌체라떼 아이스(ICED),46,1.41,1.77,5.72
커피_돌체콜드브루 아이스(ICED),54,1.69,,
커피_동교 라떼 아이스(ICED),69,1.86,,
커피_동교 라떼 핫(HOT),62,1.69,,
커피_듀얼브루 디카페인 아메리치노 라떼 아이스(ICED),51,1.78,,7.33
커피_듀얼브루 디카페인 아메리치노 아이스(ICED),6,0.24,,0.98
커피_듀얼브루 디카페인 아메리카노 아이스(ICED),6,0.24,,0.96
커피_듀얼브루 디카페인 아메리카노 핫(HOT),6,0.25,,1.0
커피_듀얼브루 디카페인 카페 라떼 아이스(ICED),30,1.49,,2.77
커피_듀얼브루 디카페인 카페 라떼 핫(HOT),51,2.63,,4.74
커피_디카페인 꿀 라떼 아이스(ICED),45,1.27,,
커피_디카페인 꿀 라떼 아이스(ICED),47,1.27,,
커피_디카페인 꿀 라떼 핫(HOT),66,2.09,,
커피_디카페인 꿀 라떼 핫(HOT),70,2.09,,
커피_디카페인 꿀 커피 아이스(ICED),20,0.05,,
커피_디카페인 꿀 커피 아이스(ICED),20,0.05,,
커피_디카페인 꿀 커피 핫(HOT),26,0.06,,
커피_디카페인 꿀 커피 핫(HOT),26,0.06,,
커피_디카페인 넛츠 크림 라떼 아이스(ICED),80,1.5,,
커피_디카페인 니트로 커피,3,0.0,,
커피_디카페인 달고나 콜드브루 라떼 아이스(ICED),58,1.25,,
커피_디카페인 달고나 콜드브루 라떼 아이스(ICED),59,1.24,,
커피_디카페인 달고나 콜드브루 라떼 핫(HOT),84,2.05,,
커피_디카페인 달고나 콜드브루 라떼 핫(HOT),83,2.07,,
커피_디카페인 돌체 콜드브루 라떼 아이스(ICED),57,1.34,,
커피_디카페인 돌체 콜드브루 라떼 아이스(ICED),56,1.34,,
커피_디카페인 돌체 콜드브루 아이스(ICED) (L),45,1.6,,6.7
커피_디카페인 돌체 콜드브루 아이스(ICED) (ML),41,1.55,,6.05
커피_디카페인 딥 화이트초코 모카 아이스(ICED),54,1.59,,
커피_디카페인 딥 화이트초코 모카 핫(HOT),78,2.5,,
커피_디카페인 밀크 카라멜마키아또 아이스(ICED),62,1.11,2.39,8.61
커피_디카페인 밀크 카라멜마키아또 핫(HOT),93,1.98,3.83,12.1
커피_디카페인 밀크카라멜마키아또 아이스(ICED),62,1.11,,8.61
커피_디카페인 밀크카라멜마키아또 핫(HOT),93,1.98,,12.1
커피_디카페인 바나나 달달 커피 아이스(ICED),76,0.53,,
커피_디카페인 바나나 달달 커피 아이스(ICED),76,0.52,,
커피_디카페인 바나나 달달 커피 핫(HOT),87,0.59,,
커피_디카페인 바나나 달달 커피 핫(HOT),87,0.59,,
커피_디카페인 바나리카노 아이스(ICED),1,0.0,0.03,0.19
커피_디카페인 바닐라 딜라이트 아이스(ICED),54,1.41,,
커피_디카페인 바닐라 딜라이트 핫(HOT),70,2.83,,
커피_디카페인 바닐라 라떼 아이스(ICED),41,1.29,,
커피_디카페인 바닐라 라떼 아이스(ICED),39,1.29,,
커피_디카페인 바닐라 라떼 아이스(ICED),54,1.26,2.48,6.4
커피_디카페인 바닐라 라떼 아이스(ICED) (EX),56,1.47,,
커피_디카페인 바닐라 라떼 아이스(ICED) (L),45,1.32,,
커피_디카페인 바닐라 라떼 핫(HOT),59,2.11,,
커피_디카페인 바닐라 라떼 핫(HOT),62,2.11,,
커피_디카페인 바닐라 라떼 핫(HOT),83,2.21,3.98,9.27
커피_디카페인 바닐라 라떼 핫(HOT) (EX),72,2.15,,
커피_디카페인 바닐라 라떼 핫(HOT) (L),56,1.88,,
커피_디카페인 바닐라 오트 콜드브루,50,0.48,,
커피_디카페인 바닐라 크림콜드브루 아이스(ICED),40,0.17,,
커피_디카페인 바닐라딥라떼 아이스(ICED),52,1.35,,
커피_디카페인 바닐라딥라떼 핫(HOT),63,1.86,,
커피_디카페인 버블 흑당 콜드브루,66,1.21,,
커피_디카페인 버블 흑당 콜드브루 (EX),79,1.38,,
커피_디카페인 베트남 연유 커피 아이스(ICED),59,0.54,,
커피_디카페인 베트남 연유 커피 아이스(ICED),76,0.68,,
커피_디카페인 베트남 연유 커피 핫(HOT),74,0.68,,
커피_디카페인 솔티드 카라멜 마키아토 아이스(ICED),54,1.27,,
커피_디카페인 솔티드 카라멜 마키아토 핫(HOT),77,2.09,,
커피_디카페인 스위티 소금 라떼 아이스(ICED),48,1.1,1.48,7.41
커피_디카페인 스위티 소금 라떼 핫(HOT),78,2.1,2.82,10.76
커피_디카페인 시그니처 라떼 아이스(ICED) (EX),74,1.18,,
커피_디카페인 시그니처 라떼 아이스(ICED) (L),70,1.13,,
커피_디카페인 시그니처 라떼 핫(HOT) (EX),89,1.38,,
커피_디카페인 시그니처 라떼 핫(HOT) (L),83,1.32,,
커피_디카페인 시나몬 라떼 아이스(ICED),46,1.09,1.55,6.74
커피_디카페인 시나몬 라떼 핫(HOT),73,1.99,2.78,9.71
커피_디카페인 시나몬라떼 아이스(ICED),46,1.09,,6.74
커피_디카페인 시나몬라떼 핫(HOT),73,1.99,,9.71
커피_디카페인 아메리카노 아이스(ICED),1,0.05,,
커피_디카페인 아메리카노 아이스(ICED),1,0.05,,
커피_디카페인 아메리카노 아이스(ICED),3,0.28,,
커피_디카페인 아메리카노 아이스(ICED),0,0.0,0.02,0.09
커피_디카페인 아메리카노 핫(HOT),3,0.28,,
커피_디카페인 아메리카노 핫(HOT),1,0.0,0.02,0.12
커피_디카페인 아메리카노 핫(HOT),2,0.06,,
커피_디카페인 아메리카노 핫(HOT),2,0.06,,
커피_디카페인 아몬드 라떼 아이스(ICED),39,1.29,,
커피_디카페인 아몬드 라떼 아이스(ICED),41,1.29,,
커피_디카페인 아몬드 라떼 핫(HOT),59,2.11,,
커피_디카페인 아몬드 라떼 핫(HOT),62,2.11,,
커피_디카페인 아인슈페너 라떼 아이스(ICED),58,1.18,,
커피_디카페인 아인슈페너 아이스(ICED),60,1.18,,
커피_디카페인 아인슈페너 아이스(ICED),135,1.21,,
커피_디카페인 아인슈페너 아이스(ICED),41,0.31,,
커피_디카페인 아인슈페너 핫(HOT),115,1.45,,
커피_디카페인 아포가토 오리지널,115,1.33,,
커피_디카페인 에스프레소 마끼아또 핫(HOT),30,0.0,,
커피_디카페인 에스프레소 콘파냐 핫(HOT),110,0.0,,
커피_디카페인 에스프레소 핫(HOT),17,0.0,,
커피_디카페인 에스프레소 핫(HOT),1,0.0,0.02,0.12
커피_디카페인 연유 라떼 아이스(ICED),61,1.94,2.41,7.86
커피_디카페인 연유 라떼 아이스(ICED),64,1.86,,
커피_디카페인 연유 라떼 핫(HOT),75,2.37,,
커피_디카페인 연유 라떼 핫(HOT),94,3.12,3.94,11.22
커피_디카페인 연유 카페 라떼 아이스(ICED) (EX),77,2.06,,
커피_디카페인 연유 카페 라떼 아이스(ICED) (L),66,1.88,,
커피_디카페인 연유 카페 라떼 핫(HOT) (EX),91,2.61,,
커피_디카페인 연유 카페 라떼 핫(HOT) (L),72,2.07,,
커피_디카페인 연유 콜드브루,67,1.93,,
커피_디카페인 연유 콜드브루 (EX),65,1.91,,
커피_디카페인 연유 콜드브루 플로트 (L),72,2.27,,
커피_디카페인 연유 콜드브루 플로트 (R),66,1.95,,
커피_디카페인 연유 콜드브루 플로트 (V),72,2.15,,
커피_디카페인 오트카페 라떼 아이스(ICED),26,0.34,,
커피_디카페인 오트카페 라떼 핫(HOT),39,0.51,,
커피_디카페인 제로슈가 스위트 아메리카노 아이스(ICED),0,0.0,0.02,2.38
커피_디카페인 제로슈가 스위트 아메리카노 핫(HOT),1,0.0,0.02,3.09
커피_디카페인 카라멜 마끼아또 아이스(ICED) (EX),50,1.32,,
커피_디카페인 카라멜 마끼아또 아이스(ICED) (L),46,1.32,,
커피_디카페인 카라멜 마끼아또 핫(HOT) (EX),61,1.69,,
커피_디카페인 카라멜 마끼아또 핫(HOT) (L),53,1.69,,
커피_디카페인 카라멜마끼야또 아이스(ICED),59,1.35,,
커피_디카페인 카라멜마끼야또 핫(HOT),71,1.86,,
커피_디카페인 카페 라떼 아이스(ICED),32,1.7,,
커피_디카페인 카페 라떼 아이스(ICED),30,1.25,1.68,2.17
커피_디카페인 카페 라떼 아이스(ICED),26,1.27,,
커피_디카페인 카페 라떼 아이스(ICED),28,1.27,,
스무디_타로 스무디,76,0.21,,
커피_디카페인 카페 라떼 아이스(ICED) (EX),26,1.18,,
커피_디카페인 카페 라떼 아이스(ICED) (L),26,1.13,,
커피_디카페인 카페 라떼 핫(HOT),49,2.54,,
커피_디카페인 카페 라떼 핫(HOT),46,2.09,,
커피_디카페인 카페 라떼 핫(HOT),43,1.86,,
커피_디카페인 카페 라떼 핫(HOT),54,2.28,3.06,3.92
커피_디카페인 카페 라떼 핫(HOT),42,2.09,,
커피_디카페인 카페 라떼 핫(HOT) (EX),43,2.0,,
커피_디카페인 카페 라떼 핫(HOT) (L),37,1.69,,
커피_디카페인 카페 모카 아이스(ICED),43,1.4,,
커피_디카페인 카페 모카 아이스(ICED),45,1.44,,
커피_디카페인 카페 모카 아이스(ICED) (EX),65,1.32,,
커피_디카페인 카페 모카 아이스(ICED) (L),65,1.32,,
커피_디카페인 카페 모카 핫(HOT),64,2.26,,
커피_디카페인 카페 모카 핫(HOT),67,2.3,,
커피_디카페인 카페 모카 핫(HOT) (EX),80,2.15,,
커피_디카페인 카페 모카 핫(HOT) (L),79,1.88,,
커피_디카페인 카페 아메리카노 아이스(ICED) (EX),2,0.15,,
커피_디카페인 카페 라떼 아이스(ICED),29,1.18,,
커피_디카페인 카페 아메리카노 아이스(ICED) (L),2,0.0,,
커피_디카페인 카페 아메리카노 핫(HOT) (EX),2,0.15,,
커피_디카페인 카페 아메리카노 핫(HOT) (L),2,0.0,,
커피_디카페인 카페모카 아이스(ICED),80,1.69,,
커피_디카페인 카페모카 아이스(ICED),63,1.71,2.54,8.27
커피_디카페인 카페모카 핫(HOT),82,2.22,3.3,10.75
커피_디카페인 카페모카 핫(HOT),92,2.03,,
커피_디카페인 카푸치노 아이스(ICED),26,1.13,,
커피_디카페인 카푸치노 핫(HOT),23,1.13,,
커피_디카페인 콜드브루,2,0.17,,
커피_디카페인 콜드브루 니트로 아이스(ICED),2,0.0,,
커피_디카페인 콜드브루 라떼,31,1.45,,
커피_디카페인 콜드브루 라떼,27,1.33,,
커피_디카페인 콜드브루 라떼 (EX),31,1.47,,
커피_디카페인 콜드브루 라떼 (L),22,1.0,,
커피_디카페인 콜드브루 라떼 (R),23,0.86,,
커피_디카페인 콜드브루 라떼 (V),25,1.17,,
커피_디카페인 콜드브루 라떼 아이스(ICED),23,1.13,,
커피_디카페인 콜드브루 라떼 아이스(ICED),24,1.17,,
커피_디카페인 콜드브루 라떼 아이스(ICED),28,1.18,,
커피_디카페인 콜드브루 라떼 아이스(ICED),25,1.17,,
커피_디카페인 콜드브루 라떼 아이스(ICED),31,1.69,,
커피_디카페인 콜드브루 라떼 아이스(ICED),24,1.34,1.07,2.23
커피_디카페인 콜드브루 라떼 아이스(ICED) (L),22,1.0,,1.7
커피_디카페인 콜드브루 라떼 아이스(ICED) (ML),21,0.99,,1.69
커피_디카페인 콜드브루 라떼 연유,60,2.17,,
커피_디카페인 콜드브루 라떼 핫(HOT),26,1.46,1.02,2.76
커피_디카페인 콜드브루 라떼 흑당,47,1.33,,
커피_디카페인 콜드브루 아메리카노,2,0.0,,
커피_디카페인 콜드브루 아메리카노 (EX),2,0.0,,
커피_디카페인 콜드브루 아메리카노 (L),3,0.2,,
커피_디카페인 콜드브루 아메리카노 (R),3,0.0,,
커피_디카페인 콜드브루 아메리카노 (V),3,0.17,,
커피_디카페인 콜드브루 아이스(ICED),2,0.17,,
커피_디카페인 콜드브루 아이스(ICED),1,0.03,,
커피_디카페인 콜드브루 아이스(ICED),1,0.09,0.05,0.14
커피_디카페인 콜드브루 아이스(ICED),1,0.03,0.0,0.0
커피_디카페인 콜드브루 아이스(ICED),2,0.14,,
커피_디카페인 콜드브루 아이스(ICED) (K(코끼리)),3,1.38,,
커피_디카페인 콜드브루 아이스(ICED) (L),2,0.0,,0.0
커피_디카페인 콜드브루 아이스(ICED) (ML),2,0.0,,0.0
커피_디카페인 콜드브루 아이스(ICED) (R),3,1.41,,
커피_디카페인 콜드브루 아인슈페너,20,0.24,,
커피_디카페인 콜드브루 아인슈페너 아이스(ICED),77,1.41,,
커피_디카페인 콜드브루 아인슈페너 아이스(ICED),27,0.14,,0.99
커피_디카페인 콜드브루 연유 라떼 아이스(ICED),50,1.83,,
커피_디카페인 콜드브루 크림넛,61,1.45,,
커피_디카페인 콜드브루 티라미수,83,1.69,,
커피_디카페인 콜드브루 핫(HOT),2,0.06,,
커피_디카페인 콜드브루 핫(HOT),2,0.1,0.03,0.24
커피_디카페인 콜드브루 핫(HOT),2,0.06,,
커피_디카페인 콜드브루 화이트 비엔나,64,1.21,,
커피_디카페인 콜드브루 화이트비엔나,70,1.69,,
커피_디카페인 콜드브루 흑당 라떼 아이스(ICED),39,1.13,,
커피_디카페인 크리미 라떼 아이스(ICED),77,0.9,5.82,5.16
커피_디카페인 펌킨스파이스 라떼 아이스(ICED),43,1.09,1.44,6.4
커피_디카페인 펌킨스파이스 라떼 핫(HOT),70,2.02,2.67,9.32
커피_디카페인 피스타치오 카페 라떼 아이스(ICED),60,0.92,1.75,9.97
커피_디카페인 피스타치오 카페 라떼 핫(HOT),91,1.8,3.07,13.96
커피_디카페인 허니아메리카노 아이스(ICED),15,0.0,0.02,3.78
커피_디카페인 허니아메리카노 핫(HOT),20,0.0,0.02,4.92
커피_디카페인 헤이즐넛 라떼 아이스(ICED),59,1.52,,
커피_디카페인 헤이즐넛 라떼 아이스(ICED),61,0.69,,
커피_디카페인 헤이즐넛 라떼 핫(HOT),84,2.41,,
커피_디카페인 헤이즐넛 라떼 핫(HOT),87,2.41,,
커피_디카페인 헤이즐넛 커피 아이스(ICED),35,0.31,,
커피_디카페인 헤이즐넛 커피 아이스(ICED),35,0.3,,
커피_디카페인 헤이즐넛 커피 핫(HOT),43,0.38,,
커피_디카페인 헤이즐넛 커피 핫(HOT),43,0.38,,
커피_디카페인 헤이즐넛 크림콜드브루 아이스(ICED),40,0.17,,
커피_디카페인 헤이즐넛딥라떼 아이스(ICED),52,1.35,,
커피_디카페인 헤이즐넛딥라떼 핫(HOT),63,1.86,,
커피_디카페인 헤이즐넛아메리카노 아이스(ICED),21,0.0,0.0,5.02
커피_디카페인 헤이즐넛아메리카노 핫(HOT),27,0.0,0.02,6.52
커피_디카페인 화이트 아메리카노 아이스(ICED),11,0.46,0.63,0.86
커피_디카페인 화이트 아메리카노 핫(HOT),15,0.6,0.82,1.12
커피_디카페인 화이트 초콜릿 모카 아이스(ICED) (EX),75,1.18,,
커피_디카페인 화이트 초콜릿 모카 아이스(ICED) (L),67,1.13,,
커피_디카페인 화이트 초콜릿 모카 핫(HOT) (EX),89,2.0,,
커피_디카페인 화이트 초콜릿 모카 핫(HOT) (L),78,1.69,,
커피_디카페인 화이트초콜릿모카 아이스(ICED),53,1.14,1.76,8.18
커피_디카페인 화이트초콜릿모카 핫(HOT),86,2.21,3.25,11.84
커피_디카페인 흑당 콜드브루,57,1.21,,
커피_디카페인 흑당 콜드브루 (EX),56,1.32,,
커피_디카페인라떼 아이스(ICED),20,0.88,1.02,1.68
커피_디카페인라떼 핫(HOT),33,1.44,1.76,2.61
커피_디카페인커피 아이스(ICED),2,0.12,0.0,0.41
커피_디카페인커피 핫(HOT),2,0.12,0.0,0.41
커피_딥 화이트초코 모카 아이스(ICED),55,1.69,,
커피_딥 화이트초코 모카 핫(HOT),79,2.62,,
커피_라떼 달구나 아이스(ICED) (L),44,1.16,,7.08
커피_라떼 달구나 아이스(ICED) (ML),42,0.99,,7.04
커피_라떼 달구나 핫(HOT) (ML),61,1.69,,9.31
커피_라벤더 블론드 스타벅스 더블 샷,72,1.45,,
커피_라벤더 카페 브레베 아이스(ICED) (Tall),94,1.69,,
커피_라벤더 카페 브레베 핫(HOT) (Tall),113,2.25,,
커피_라이트 바닐라 아몬드 라떼 아이스(ICED),13,0.36,0.36,2.06
커피_럼 샷 코르타도 (Short),30,1.27,,
커피_레몬 아메리카노 아이스(ICED),42,0.0,,
커피_레몬아메리카노 아이스(ICED),42,0.0,,
커피_레트로 커피 아이스(ICED) (L),36,0.21,,5.29
커피_레트로 커피 아이스(ICED) (ML),30,0.28,,4.65
커피_레트로 커피 핫(HOT) (ML),50,0.34,,7.11
커피_레트로커피 아이스(ICED) (L),34,0.2,,5.0
커피_레트로커피 아이스(ICED) (ML),30,0.28,,4.65
커피_레트로커피 핫(HOT) (ML),36,0.28,,5.77
커피_롱블랫 아이스(ICED) (Short),5,0.25,,
커피_롱블랫 핫(HOT) (Short),4,0.32,,
커피_리스트레또 딜라이트 아이스(ICED),47,1.69,,
커피_리스트레또 딜라이트 핫(HOT),88,3.39,,
커피_리얼바닐라빈 아이스(ICED),55,1.35,,6.46
커피_리얼바닐라빈 핫(HOT),85,2.33,,9.35
커피_마스카포네 이천 쌀 슈페너 아이스(ICED) (Grande),99,1.25,,
커피_마스카포네 이천 쌀 슈페너 아이스(ICED) (Mini Venti),85,1.23,,
커피_마스카포네 이천 쌀 슈페너 아이스(ICED) (Tall),82,1.39,,
커피_마스카포네 이천 쌀 슈페너 아이스(ICED) (Venti),81,1.11,,
커피_마스카포네 이천 쌀 슈페너 핫(HOT) (Grande),101,1.88,,
커피_마스카포네 이천 쌀 슈페너 핫(HOT) (Mini Venti),99,1.75,,
커피_마스카포네 이천 쌀 슈페너 핫(HOT) (Tall),100,2.22,,
커피_마스카포네 이천 쌀 슈페너 핫(HOT) (Venti),93,1.67,,
커피_말차 아인슈페너 아이스(ICED),123,1.83,,
커피_말차 아인슈페너 아이스(ICED) (하프벤티),106,1.67,,
커피_메가리카노 아이스(ICED),2,0.16,0.03,0.22
커피_모카 더블 베네프레소 (S),81,1.43,,
커피_모카 카페 라떼 아이스(ICED) (J),60,1.69,,
커피_모카 카페 라떼 아이스(ICED) (L),60,1.69,,
커피_모카 카페 라떼 핫(HOT) (J),137,2.96,,
커피_모카 카페 라떼 핫(HOT) (L),98,2.9,,
커피_믹스 커피 아이스(ICED),76,0.83,,
커피_믹스 커피 핫(HOT),95,1.04,,
커피_믹스커피 아이스(ICED),62,1.18,,
커피_믹스커피 아이스(ICED),60,0.33,,
커피_믹스커피 아이스(ICED) (더벤티),59,0.31,,
커피_믹스커피 핫(HOT),60,1.23,,
커피_믹스커피 핫(HOT),60,0.33,,
커피_민트 모카 아이스(ICED),79,1.5,,
커피_민트 모카 핫(HOT),91,2.07,,
커피_민트모카 아이스(ICED),81,1.51,,
커피_민트모카 아이스(ICED),75,1.55,,
커피_민트모카 아이스(ICED) (L),87,1.62,,
커피_민트모카 아이스(ICED) (R),95,1.58,,
커피_민트모카 핫(HOT),87,2.01,,
커피_민트모카 핫(HOT),129,2.92,,
커피_민트모카 핫(HOT) (L),129,3.19,,
커피_민트모카 핫(HOT) (R),131,2.79,,
커피_민트카페모카 아이스(ICED),61,1.0,,
커피_민트카페모카 아이스(ICED) (L),84,1.29,,
커피_민트카페모카 아이스(ICED) (R),76,1.28,,
커피_민트카페모카 핫(HOT),69,1.73,,
커피_민트카페모카 핫(HOT) (L),119,2.58,,
커피_민트카페모카 핫(HOT) (R),110,2.56,,
커피_밀크 카라멜마키아또 아이스(ICED),62,1.14,2.37,8.59
커피_밀크 카라멜마키아또 핫(HOT),93,2.02,3.81,12.07
커피_밀크카라멜마키아또 아이스(ICED),62,1.14,,8.6
커피_밀크카라멜마키아또 핫(HOT),93,2.02,,12.07
커피_밀크티프레소 아이스(ICED) (Grande),67,1.25,,
커피_밀크티프레소 아이스(ICED) (Mini Venti),64,1.23,,
커피_밀크티프레소 아이스(ICED) (Tall),73,1.67,,
커피_밀크티프레소 아이스(ICED) (Venti),58,1.11,,
커피_밀크티프레소 핫(HOT) (Grande),73,1.67,,
커피_밀크티프레소 핫(HOT) (Mini Venti),71,1.58,,
커피_밀크티프레소 핫(HOT) (Tall),76,1.67,,
커피_밀크티프레소 핫(HOT) (Venti),63,1.39,,
커피_바나나 달달 커피 아이스(ICED),76,0.61,,
커피_바나나 달달 커피 아이스(ICED),77,0.69,,
커피_바나나 달달 커피 핫(HOT),87,0.72,,
커피_바나나 달달 커피 핫(HOT),89,0.8,,
커피_바나나 카페 라떼 아이스(ICED),43,1.41,,
커피_바나나 카페 라떼 핫(HOT),63,1.9,,
커피_바나나 콜드브루 오트 라떼 아이스(ICED),9,0.21,,
커피_바나리카노 아이스(ICED),1,0.04,0.0,0.12
커피_바닐라 더블 베네프레소 (S),103,0.95,,
커피_바닐라 딜라이트 아이스(ICED),56,1.7,,
커피_바닐라 딜라이트 핫(HOT),69,2.83,,
커피_바닐라 라떼,41,1.29,1.52,5.46
커피_바닐라 라떼,50,1.41,,
커피_바닐라 라떼 (Venti),44,1.16,,
커피_바닐라 라떼 다크로스트 (K(코끼리)),75,2.92,,
커피_바닐라 라떼 다크로스트 (L),75,2.96,,
커피_바닐라 라떼 다크로스트 (R),75,2.82,,
커피_바닐라 라떼 마끼아또 아이스(ICED) (L),45,1.57,,
커피_바닐라 라떼 마끼아또 아이스(ICED) (R),47,1.28,,
커피_바닐라 라떼 마끼아또 아이스(ICED) (V),66,1.77,,
커피_바닐라 라떼 마끼아또 핫(HOT) (L),62,2.35,,
커피_바닐라 라떼 마끼아또 핫(HOT) (R),64,2.69,,
커피_바닐라 라떼 아이스(ICED),46,2.0,,
커피_바닐라 라떼 아이스(ICED),55,1.3,2.51,6.63
커피_바닐라 라떼 아이스(ICED),40,1.2,1.12,6.41
커피_바닐라 라떼 아이스(ICED),41,1.34,,
커피_바닐라 라떼 아이스(ICED),49,1.97,,
커피_바닐라 라떼 아이스(ICED),40,1.41,,
커피_바닐라 라떼 아이스(ICED),36,1.2,,
커피_바닐라 라떼 아이스(ICED),38,0.98,1.22,5.61
커피_바닐라 라떼 아이스(ICED),50,1.42,,
커피_바닐라 라떼 아이스(ICED),61,1.27,,
커피_바닐라 라떼 아이스(ICED),40,1.39,,
커피_바닐라 라떼 아이스(ICED),41,1.08,,
커피_바닐라 라떼 아이스(ICED) (EX),57,1.47,,
커피_바닐라 라떼 아이스(ICED) (Grande),59,1.46,,
커피_바닐라 라떼 아이스(ICED) (K(코끼리)),75,2.92,,
커피_바닐라 라떼 아이스(ICED) (L),40,1.19,,
커피_바닐라 라떼 아이스(ICED) (L),59,2.02,,
커피_바닐라 라떼 아이스(ICED) (L),52,1.56,,
커피_바닐라 라떼 아이스(ICED) (L),75,1.53,,
커피_바닐라 라떼 아이스(ICED) (L),75,2.96,,
커피_바닐라 라떼 아이스(ICED) (L),54,1.71,,
커피_바닐라 라떼 아이스(ICED) (L),33,0.9,,1.6
커피_바닐라 라떼 아이스(ICED) (L),46,1.5,,
커피_바닐라 라떼 아이스(ICED) (M),39,1.2,,
커피_바닐라 라떼 아이스(ICED) (ML),34,0.85,,1.55
커피_바닐라 라떼 아이스(ICED) (Mini Venti),52,1.23,,
커피_바닐라 라떼 아이스(ICED) (R),75,2.82,,
커피_바닐라 라떼 아이스(ICED) (R),37,1.3,,
커피_바닐라 라떼 아이스(ICED) (R),51,1.39,,
커피_바닐라 라떼 아이스(ICED) (R),54,1.71,,
커피_바닐라 라떼 아이스(ICED) (R),48,1.15,,
커피_바닐라 라떼 아이스(ICED) (Tall),59,1.39,,
커피_바닐라 라떼 아이스(ICED) (Venti),50,1.11,,
커피_바닐라 라떼 아이스(ICED) 빅사이즈,51,1.24,,
커피_바닐라 라떼 프리미엄마일드 (K(코끼리)),75,2.92,,
커피_바닐라 라떼 프리미엄마일드 (L),75,2.96,,
커피_바닐라 라떼 프리미엄마일드 (R),75,2.82,,
커피_바닐라 라떼 핫(HOT),46,2.0,,
커피_바닐라 라떼 핫(HOT),85,2.25,4.02,9.58
커피_바닐라 라떼 핫(HOT),40,1.47,1.17,5.85
커피_바닐라 라떼 핫(HOT),42,1.56,,
커피_바닐라 라떼 핫(HOT),75,2.58,3.23,9.03
커피_바닐라 라떼 핫(HOT),56,1.67,,
커피_바닐라 라떼 핫(HOT),62,2.18,,
커피_바닐라 라떼 핫(HOT),67,2.11,,
커피_바닐라 라떼 핫(HOT),61,2.82,,
커피_바닐라 라떼 핫(HOT),53,1.99,,
커피_바닐라 라떼 핫(HOT),74,1.9,,
커피_바닐라 라떼 핫(HOT),60,2.24,,
커피_바닐라 라떼 핫(HOT),82,2.53,,
커피_바닐라 라떼 핫(HOT) (EX),73,2.3,,
커피_바닐라 라떼 핫(HOT) (Grande),61,1.67,,
커피_바닐라 라떼 핫(HOT) (K(코끼리)),75,2.92,,
커피_바닐라 라떼 핫(HOT) (L),65,2.31,,
커피_바닐라 라떼 핫(HOT) (L),47,1.51,,
커피_바닐라 라떼 핫(HOT) (L),61,2.0,,
커피_바닐라 라떼 핫(HOT) (L),75,2.96,,
커피_바닐라 라떼 핫(HOT) (L),110,3.7,,
커피_바닐라 라떼 핫(HOT) (L),57,1.88,,
커피_바닐라 라떼 핫(HOT) (L),75,2.52,,
커피_바닐라 라떼 핫(HOT) (M),50,1.71,,
커피_바닐라 라떼 핫(HOT) (ML),44,1.41,,2.39
커피_바닐라 라떼 핫(HOT) (Mini Venti),59,1.4,,
커피_바닐라 라떼 핫(HOT) (R),64,2.4,,
커피_바닐라 라떼 핫(HOT) (R),75,2.82,,
커피_바닐라 라떼 핫(HOT) (R),62,1.94,,
커피_바닐라 라떼 핫(HOT) (R),75,2.51,,
커피_바닐라 라떼 핫(HOT) (R),77,2.41,,
커피_바닐라 라떼 핫(HOT) (Tall),63,1.95,,
커피_바닐라 라떼 핫(HOT) (Venti),55,1.25,,
커피_바닐라 라떼 핫(HOT) 빅사이즈,83,2.32,,
커피_바닐라 빈 라떼 아이스(ICED),45,1.59,,
커피_바닐라 빈 라떼 아이스(ICED) (Tall),44,1.41,,
커피_바닐라 빈 라떼 핫(HOT),65,1.95,,
커피_바닐라 빈 라떼 핫(HOT) (Tall),69,2.54,,
커피_바닐라 스타벅스 더블 샷,60,0.97,,
커피_바닐라 아메리카노 아이스(ICED),17,0.16,0.16,3.84
커피_바닐라 아메리카노 핫(HOT),17,0.24,0.14,3.6
커피_바닐라 아이스크림 라떼 아이스(ICED) (L),66,1.67,,
커피_바닐라 아이스크림 라떼 아이스(ICED) (R),66,1.69,,
커피_바닐라 오트 콜드브루,50,0.48,,
커피_바닐라 카페 라떼,56,1.67,,
커피_바닐라 카페 라떼 DRIP 아이스(ICED) (J),43,0.92,,
커피_바닐라 카페 라떼 DRIP 아이스(ICED) (L),43,0.85,,
커피_바닐라 카페 라떼 DRIP 핫(HOT) (J),63,1.48,,
커피_바닐라 카페 라떼 DRIP 핫(HOT) (L),57,1.45,,
커피_바닐라 카페 라떼 ESP 아이스(ICED) (J),53,1.54,,
커피_바닐라 카페 라떼 ESP 아이스(ICED) (L),53,1.48,,
커피_바닐라 카페 라떼 ESP 핫(HOT) (J),66,1.69,,
커피_바닐라 카페 라떼 ESP 핫(HOT) (L),65,1.69,,
커피_바닐라 카페 라떼 아이스(ICED),46,1.3,,7.39
커피_바닐라 카페 라떼 아이스(ICED),89,2.22,,
커피_바닐라 카페 라떼 아이스(ICED),41,1.19,,
커피_바닐라 카페 라떼 아이스(ICED) (J),49,1.69,,
커피_바닐라 카페 라떼 아이스(ICED) (L),49,1.69,,
커피_바닐라 카페 라떼 핫(HOT),89,2.22,,
커피_바닐라 카페 라떼 핫(HOT),84,2.45,,
커피_바닐라 카페 라떼 핫(HOT),69,2.34,,10.13
커피_바닐라 카페 라떼 핫(HOT) (J),79,2.75,,
커피_바닐라 카페 라떼 핫(HOT) (L),79,2.9,,
커피_바닐라 콜드브루 아이스(ICED),42,0.98,1.85,4.97
커피_바닐라 크림 콜드 브루 (Tall),35,0.85,,
커피_바닐라 크림콜드브루 아이스(ICED),40,0.17,,
커피_바닐라 플랫 화이트 (Tall),62,2.54,,
커피_바닐라다크리카노 아이스(ICED),25,0.17,,
커피_바닐라다크리카노 핫(HOT),25,0.17,,
커피_바닐라딜라이트 아이스(ICED),59,1.69,,
커피_바닐라딜라이트 핫(HOT),72,2.82,,
커피_바닐라딥 라떼 아이스(ICED),52,1.52,,
커피_바닐라딥 라떼 핫(HOT),63,1.86,,
커피_바닐라딥라떼 아이스(ICED),57,1.5,,
커피_바닐라딥라떼 아이스(ICED) (더벤티),68,1.67,,
커피_바닐라딥라떼 핫(HOT),67,1.83,,
커피_바닐라라떼 디카페인 (L),75,2.96,,
커피_바닐라라떼 디카페인 (R),75,2.82,,
커피_바닐라빈 골든 라떼 아이스(ICED) (L),52,1.73,,
커피_바닐라빈 골든 라떼 아이스(ICED) (R),46,1.54,,
커피_바닐라빈 골든 라떼 핫(HOT) (L),86,2.43,,
커피_바닐라빈 골든 라떼 핫(HOT) (R),80,2.67,,
커피_바닐라빈 더블샷 라떼 아이스(ICED),44,1.27,,
커피_바닐라빈 더블샷 라떼 핫(HOT),53,1.76,,
커피_바닐라빈 라떼 아이스(ICED),50,1.18,,
커피_바닐라빈 라떼 아이스(ICED),64,1.95,2.44,8.29
커피_바닐라빈 라떼 핫(HOT),89,2.9,3.55,11.29
커피_바닐라빈 라떼 핫(HOT),51,1.38,,
커피_바닐라빈 오트 콜드브루 라떼 아이스(ICED) (L),59,0.95,,
커피_바닐라빈 오트 콜드브루 라떼 아이스(ICED) (R),53,0.82,,
커피_바닐라아메리카노 아이스(ICED),17,0.11,,
커피_바닐라아메리카노 핫(HOT),14,0.15,,
커피_바닐라카페 라떼 아이스(ICED) (L),45,1.27,,
커피_바닐라카페 라떼 아이스(ICED) (Max),42,1.18,,
커피_바닐라카페 라떼 아이스(ICED) (R),48,1.41,,
커피_바닐라카페 라떼 핫(HOT) (L),66,2.11,,
커피_바닐라카페 라떼 핫(HOT) (R),63,1.97,,
커피_바닐라크림 콜드브루 (Venti),50,0.39,,
커피_바닐라크림 콜드브루 아이스(ICED),66,1.02,,
커피_바닐라크림콜드브루 아이스(ICED),44,0.33,,
커피_바닐라크림콜드브루 아이스(ICED) (더벤티),51,0.31,,
커피_버블흑당콜드브루,65,1.21,,
커피_버터스카치 라떼 아이스(ICED),102,1.46,5.85,10.73
커피_버터스카치 라떼 핫(HOT),99,1.71,5.85,9.76
커피_버터스카치폼 아인슈페너 아이스(ICED),55,0.44,,
커피_버터스카치폼 아인슈페너 핫(HOT),63,0.53,,
커피_베네캣 달고나 라떼 아이스(ICED) (R),71,1.39,,
커피_베네캣 달고나 라떼 핫(HOT) (R),103,2.5,,
커피_베트남 연유 커피 아이스(ICED),59,0.64,,
커피_베트남 연유 커피 아이스(ICED),78,0.85,,
커피_베트남 연유 커피 핫(HOT),76,0.89,,
커피_벨벳 다크 모카 나이트로 (Tall),42,0.56,,
커피_브라운슈가 버블 라떼,89,1.44,,
커피_브라질 만티게이라 BSCA,1,0.06,,
커피_브루잉 블라썸,3,0.33,,0.67
커피_브루잉 블랙와인,3,0.33,,0.67
커피_브루잉 아리차,3,0.33,,0.67
커피_브루잉 케냐AA,3,0.33,,0.67
커피_브루잉 콜롬비아,3,0.33,,0.67
커피_블랙아리아 딥라떼 아이스(ICED),27,1.41,,
커피_블랙아리아 딥라떼 핫(HOT),47,2.26,,
커피_블랙아리아 아메리카노 아이스(ICED),3,0.0,,
커피_블랙아리아 아메리카노 핫(HOT),3,0.0,,
커피_블랙펄 카페 라떼 아이스(ICED),60,1.27,,
커피_블론드 바닐라 더블 샷 마키아또 아이스(ICED) (Tall),55,1.41,,
커피_블론드 바닐라 더블 샷 마키아또 핫(HOT) (Tall),89,2.25,,
커피_블루밍 콜드브루 (L),3,0.0,,
커피_블루밍 콜드브루 (R),3,0.0,,
커피_블루밍 콜드브루 라떼 (L),31,1.33,,
커피_블루밍 콜드브루 라떼 (R),31,1.39,,
커피_블루밍 콜드브루 라일락 바닐라빈 라떼 (L),69,1.78,,
커피_블루밍 콜드브루 라일락 바닐라빈 라떼 (R),62,1.67,,
커피_블루밍 콜드브루 모카 프라페노 (L),100,1.11,,
커피_블루밍 콜드브루 모카 프라페노 (R),100,1.11,,
커피_블루밍 콜드브루 카라멜 마끼아또 (L),51,1.56,,
커피_블루밍 콜드브루 카라멜 마끼아또 (R),51,1.39,,
커피_블루스노우모카 아이스(ICED) (L),86,1.43,,
커피_블루스노우모카 아이스(ICED) (R),79,1.2,,
커피_블루스노우모카 핫(HOT) (L),121,2.32,,
커피_블루스노우모카 핫(HOT) (R),116,2.36,,
커피_비닐라 라떼 아이스(ICED),41,1.11,,
커피_빅바나 디카페인 바닐라 라떼 아이스(ICED),56,1.22,2.54,7.0
커피_빅바나 디카페인 카페 라떼 아이스(ICED),30,1.28,1.72,2.26
커피_빅바나 디카페인 크리미 라떼 아이스(ICED),74,0.86,5.55,4.95
커피_빅바나 바닐라 라떼 아이스(ICED),56,1.25,2.52,6.99
커피_빅바나 카페 라떼 아이스(ICED),30,1.32,1.7,2.24
커피_빅바나 크리미 라떼 아이스(ICED),74,0.9,5.53,4.94
커피_빅바나 클래식밀크커피 아이스(ICED),36,0.43,0.63,7.13
커피_빅포즈 아메리카노,3,0.0,0.0,0.63
커피_빽’s 카페 라떼 아이스(ICED),32,1.6,,
커피_빽’s 카페 라떼 아이스(ICED) 빽사이즈,29,1.47,,
커피_빽’s 카페 라떼 핫(HOT),84,2.67,,
커피_사케라또 비안코 오버 아이스(ICED) (Tall),76,0.85,,
커피_사케라또 아포가토 (Tall),82,1.13,,
커피_살인미숫 아이스(ICED),122,3.68,,
커피_샤케아메리카노 아이스(ICED) (L),2,0.21,0.0,0.0
커피_샥 라떼 아이스(ICED),73,2.19,,
커피_샷 토피넛 라떼 아이스(ICED),78,1.72,,
커피_샷 토피넛 라떼 핫(HOT),99,2.56,,
커피_솔티카라멜크림 라떼 아이스(ICED) (S),77,1.69,,
커피_숏카페 라떼 아이스(ICED) (Short),34,1.35,,
커피_숏카페 라떼 핫(HOT) (Short),41,1.69,,
커피_슈크림 젤라또 카페 라떼 아이스(ICED) (L),57,1.85,,
커피_슈크림 젤라또 카페 라떼 아이스(ICED) (R),63,2.0,,
커피_스위티 소금 라떼 아이스(ICED),48,1.13,1.46,7.4
커피_스위티 소금 라떼 핫(HOT),78,2.14,2.8,10.75
커피_스타벅스 돌체 라떼 아이스(ICED) (Tall),65,2.82,,
커피_바닐라라떼 디카페인 (K(코끼리)),75,2.92,,
커피_스타벅스 돌체 라떼 핫(HOT) (Tall),72,3.38,,
커피_스파클링 시트러스 에스프레소 (Tall),18,0.0,,
커피_스페니쉬연유카페 라떼 아이스(ICED) (L),95,3.59,,
커피_스페니쉬연유카페 라떼 아이스(ICED) (Max),90,3.38,,
커피_스페니쉬연유카페 라떼 아이스(ICED) (R),85,3.14,,
커피_스페니쉬연유카페 라떼 핫(HOT) (L),49,1.9,,
커피_스페니쉬연유카페 라떼 핫(HOT) (R),52,1.97,,
커피_스페셜티 바닐라 라떼 (R),75,2.51,1.59,
커피_스페셜티 아메리카노 (R),6,0.37,0.02,
커피_스페셜티 카라멜마끼아또 (R),87,2.51,1.62,
커피_스페셜티 카페 라떼 (R),55,2.72,1.75,
커피_스페셜티 카페모카 (R),80,2.6,1.62,
커피_스페셜티 카푸치노 (R),56,2.78,1.8,
커피_시그니처 더 블랙 콜드 브루 보틀,5,0.0,,
커피_시그니처 라떼 아이스(ICED) (EX),75,1.18,,
커피_시그니처 라떼 핫(HOT) (EX),90,1.38,,
커피_시그니처 라떼 핫(HOT) (L),84,1.32,,
커피_시그니처 바닐라빈 라떼 아이스(ICED) (L),44,1.1,,6.7
커피_시그니처 바닐라빈 라떼 아이스(ICED) (ML),42,0.99,,6.34
커피_시그니처 바닐라빈 라떼 핫(HOT),52,1.55,,7.18
커피_시그니처 아메리카노 아이스(ICED),0,0.02,0.0,0.12
커피_시그니처 아메리카노 핫(HOT),1,0.02,0.0,0.15
커피_시그니처 콜드브루 (L),3,0.22,,
커피_시그니처 콜드브루 (R),3,0.0,,
커피_시그니처 콜드브루 라떼 (L),29,1.33,,
커피_시그니처 콜드브루 라떼 (R),31,1.39,,
커피_시그니처 콜드브루 라일락 바닐라빈 라떼 (L),69,1.78,,
커피_시그니처 콜드브루 라일락 바닐라빈 라떼 (R),63,1.67,,
커피_시그니처 콜드브루 모카 프라페노 (L),75,1.11,,
커피_시그니처 콜드브루 모카 프라페노 (R),75,1.11,,
커피_시그니처 콜드브루 바닐라 플로트 (R),70,1.39,,
커피_시그니처 콜드브루 브라운 슈가 버블 라떼 (R),70,1.39,,
커피_시그니처 콜드브루 오리지널 프라페노 (L),65,0.89,,
커피_시그니처 콜드브루 오리지널 프라페노 (R),65,0.83,,
커피_시그니처 콜드브루 카라멜 마끼아또 (L),32,1.56,,
커피_시그니처 콜드브루 카라멜 마끼아또 (R),39,1.67,,
커피_시그니처 콜드브루 카라멜 프라페노 (L),74,0.89,,
커피_시그니처 콜드브루 카라멜 프라페노 (R),74,0.83,,
커피_시그니처 콜드브루 티라미수 젤라또 프라페노 (R),129,1.94,,
커피_시그니처 콜드브루 헤이즐넛 라떼 (L),43,1.56,,
커피_시그니처 콜드브루 헤이즐넛 라떼 (R),43,1.39,,
커피_시그니처 크림 커피 아이스(ICED) (R),32,0.81,,
커피_시그니처아메리카노 아이스(ICED),0,0.02,0.0,0.12
커피_시그니처아메리카노 핫(HOT),1,0.02,0.0,0.15
커피_시그니처콜드브루 아이스(ICED),2,0.14,0.02,0.35
커피_시나몬 라떼 아이스(ICED),46,1.12,1.54,6.73
커피_시나몬 라떼 핫(HOT),73,2.02,2.76,9.7
커피_시나몬 카페 라떼 아이스(ICED),45,1.48,,
커피_시나몬 카페 라떼 핫(HOT),68,2.11,,
커피_시나몬 크림 모카 (L),87,2.72,,
커피_시나몬 크림 모카 (R),90,2.79,,
커피_신촌 라떼 아이스(ICED),108,3.14,,
커피_신촌 라떼 핫(HOT),108,3.14,,
커피_싱글오리진 동티모르,3,0.32,,0.65
커피_싱글오리진 동티모르 아이스(ICED),2,0.21,,0.43
커피_싱글오리진 디카페인,3,0.32,,0.65
커피_싱글오리진 디카페인 아이스(ICED),2,0.21,,0.43
커피_싱글오리진 스페셜티,3,0.32,,0.65
커피_싱글오리진 스페셜티 아이스(ICED),2,0.21,,0.43
커피_싱글오리진 시다모,3,0.32,,0.65
커피_싱글오리진 시다모 아이스(ICED),2,0.21,,0.43
커피_싱글오리진 예가체프,3,0.32,,0.65
커피_싱글오리진 예가체프 아이스(ICED),2,0.21,,0.43
커피_싱글오리진 케냐 AA,3,0.32,,0.65
커피_싱글오리진 케냐AA 아이스(ICED),2,0.21,,0.43
커피_싱글오리진 콜롬비아,3,0.32,,0.65
커피_싱글오리진 콜롬비아 아이스(ICED),2,0.21,,0.43
커피_아메리치노 라떼 아이스(ICED),49,1.78,,6.67
커피_아메리치노 아이스(ICED),3,0.49,,0.49
커피_아메리카노,4,0.18,,
커피_아메리카노,0,0.0,,
커피_아메리카노,6,0.37,0.02,
커피_아메리카노,2,0.12,0.05,0.38
커피_아메리카노,4,0.23,0.03,0.66
커피_아메리카노 1리터,4,0.18,,
커피_아메리카노 DRIP 아이스(ICED) (J),3,0.15,,
커피_아메리카노 DRIP 아이스(ICED) (L),3,0.0,,
커피_아메리카노 DRIP 핫(HOT) (J),4,0.21,,
커피_아메리카노 DRIP 핫(HOT) (L),4,0.0,,
커피_아메리카노 ESP 아이스(ICED) (J),2,0.15,,
커피_아메리카노 ESP 아이스(ICED) (L),2,0.0,,
커피_아메리카노 ESP 핫(HOT) (J),3,0.21,,
커피_아메리카노 ESP 핫(HOT) (L),2,0.0,,
커피_아메리카노 I’m B 아이스(ICED) (L),1,0.08,,
커피_아메리카노 I’m B 아이스(ICED) (M),1,0.05,,
커피_아메리카노 I’m B 핫(HOT) (L),0,0.03,,
커피_아메리카노 I’m B 핫(HOT) (M),1,0.07,,
커피_아메리카노 I’m D 아이스(ICED) (L),1,0.1,,
커피_아메리카노 I’m D 아이스(ICED) (M),1,0.05,,
커피_아메리카노 I’m D 핫(HOT) (L),1,0.03,,
커피_아메리카노 I’m D 핫(HOT) (M),1,0.08,,
커피_아메리카노 다크로스트 (K(코끼리)),2,0.62,0.0,0.0
커피_딥초콜릿 카페 라떼,48,1.52,0.86,
커피_아메리카노 다크로스트 (L),2,0.21,0.0,0.0
커피_아메리카노 다크로스트 (R),2,0.28,0.0,0.0
커피_아메리카노 다크퍼플 아이스(ICED) (K(코끼리)),2,0.62,,
커피_아메리카노 다크퍼플 아이스(ICED) (L),2,0.21,,
커피_아메리카노 다크퍼플 아이스(ICED) (R),2,0.28,,
커피_아메리카노 다크퍼플 핫(HOT) (K(코끼리)),2,0.62,,
커피_아메리카노 다크퍼플 핫(HOT) (L),2,0.21,,
커피_아메리카노 다크퍼플 핫(HOT) (R),2,0.28,,
커피_아메리카노 디카페인 (K(코끼리)),2,0.62,0.0,0.0
커피_아메리카노 디카페인 (L),2,0.21,0.0,0.0
커피_아메리카노 디카페인 (R),2,0.28,0.0,0.0
커피_아메리카노 마일드 그린 아이스(ICED) (K(코끼리)),2,0.62,,
커피_아메리카노 마일드 그린 아이스(ICED) (L),2,0.21,,
커피_아메리카노 마일드 그린 아이스(ICED) (R),2,0.28,,
커피_아메리카노 마일드 그린 핫(HOT) (K(코끼리)),2,0.62,,
커피_아메리카노 마일드 그린 핫(HOT) (L),2,0.21,,
커피_아메리카노 마일드 그린 핫(HOT) (R),2,0.28,,
커피_아메리카노 아이스(ICED),2,0.15,,
커피_아메리카노 아이스(ICED),1,0.0,,
커피_아메리카노 아이스(ICED),3,0.48,,0.48
커피_아메리카노 아이스(ICED),0,0.0,,
커피_아메리카노 아이스(ICED),3,0.28,,
커피_아메리카노 아이스(ICED),2,0.17,,
커피_아메리카노 아이스(ICED),3,0.19,,
커피_아메리카노 아이스(ICED),2,0.14,0.03,0.23
커피_아메리카노 아이스(ICED),2,0.13,,
커피_아메리카노 아이스(ICED),2,0.0,,
커피_아메리카노 아이스(ICED),0,0.03,0.0,0.08
커피_아메리카노 아이스(ICED),1,0.07,,
커피_아메리카노 아이스(ICED),2,0.0,,
커피_아메리카노 아이스(ICED),2,0.12,,
커피_아메리카노 아이스(ICED),2,0.28,,
커피_아메리카노 아이스(ICED),3,0.0,0.0,0.51
커피_아메리카노 아이스(ICED),1,0.08,,
커피_아메리카노 아이스(ICED),2,0.0,,
커피_아메리카노 아이스(ICED),2,0.17,,
커피_아메리카노 아이스(ICED),3,0.15,,
커피_아메리카노 아이스(ICED) (EX),2,0.19,,
커피_아메리카노 아이스(ICED) (J),1,0.15,,
커피_아메리카노 아이스(ICED) (L),1,0.0,,
커피_아메리카노 아이스(ICED) (L),3,0.2,,
커피_아메리카노 아이스(ICED) (L),4,0.22,,
커피_아메리카노 아이스(ICED) (L),4,0.43,,
커피_아메리카노 아이스(ICED) (L),4,0.17,,
커피_아메리카노 아이스(ICED) (L),4,0.3,,
커피_아메리카노 아이스(ICED) (L),16,0.04,,
커피_아메리카노 아이스(ICED) (R),3,0.21,,
커피_아메리카노 아이스(ICED) (R),4,0.27,,
커피_아메리카노 아이스(ICED) (R),4,0.31,,
커피_아메리카노 아이스(ICED) (R),3,0.28,,
커피_아메리카노 아이스(ICED) (R),9,0.03,,
커피_아메리카노 아이스(ICED) (R),4,0.17,,
커피_아메리카노 아이스(ICED) (S),3,0.28,,
커피_아메리카노 아이스(ICED) (V),4,0.35,,
커피_아메리카노 아이스(ICED) (V),4,0.17,,
커피_아메리카노 아이스(ICED) (XL),3,0.21,,
커피_아메리카노 아이스(ICED) (더벤티),2,0.1,,
커피_아메리카노 아이스(ICED) 빅사이즈,2,0.13,,
커피_아메리카노 아이스(ICED) 빽사이즈,2,0.42,0.0,0.0
커피_아메리카노 프리미엄마일드 (K(코끼리)),2,0.62,0.0,0.0
커피_아메리카노 프리미엄마일드 (L),2,0.21,0.0,0.0
커피_아메리카노 프리미엄마일드 (R),2,0.28,0.0,0.0
커피_아메리카노 핫(HOT),2,0.15,,
커피_아메리카노 핫(HOT),1,0.0,,
커피_아메리카노 핫(HOT),0,0.0,,
커피_아메리카노 핫(HOT),2,0.28,,
커피_아메리카노 핫(HOT),2,0.15,,
커피_아메리카노 핫(HOT),3,0.0,,
커피_아메리카노 핫(HOT),3,0.28,,
커피_아메리카노 핫(HOT),2,0.17,,
커피_아메리카노 핫(HOT),4,0.23,,
커피_아메리카노 핫(HOT),2,0.15,0.02,0.34
커피_아메리카노 핫(HOT),3,0.19,,
커피_아메리카노 핫(HOT),2,0.0,,
커피_아메리카노 핫(HOT),0,0.04,0.0,0.11
커피_아메리카노 핫(HOT),1,0.08,,
커피_아메리카노 핫(HOT),3,0.15,,
커피_아메리카노 핫(HOT),3,0.21,,
커피_아메리카노 핫(HOT),3,0.0,,
커피_아메리카노 핫(HOT),1,0.08,,
커피_아메리카노 핫(HOT),3,0.0,0.0,0.51
커피_아메리카노 핫(HOT),4,0.5,,0.5
커피_아메리카노 핫(HOT) (EX),2,0.19,,
커피_아메리카노 핫(HOT) (J),1,0.0,,
커피_아메리카노 핫(HOT) (L),4,0.43,,
커피_아메리카노 핫(HOT) (L),19,0.05,,
커피_아메리카노 핫(HOT) (L),3,0.21,,
커피_아메리카노 핫(HOT) (L),6,0.38,,
커피_아메리카노 핫(HOT) (L),1,0.0,,
커피_아메리카노 핫(HOT) (L),4,0.44,,
커피_아메리카노 핫(HOT) (L),4,0.21,,
커피_아메리카노 핫(HOT) (R),4,0.21,,
커피_아메리카노 핫(HOT) (R),3,0.28,,
커피_아메리카노 핫(HOT) (R),6,0.37,,
커피_아메리카노 핫(HOT) (R),4,0.21,,
커피_아메리카노 핫(HOT) (R),11,0.03,,
커피_아메리카노 핫(HOT) (R),4,0.27,,
커피_아메리카노 핫(HOT) (S),4,0.28,,
커피_아메리카노 핫(HOT) (XL),3,0.21,,
커피_아메리카노 핫(HOT) 빅사이즈,3,0.16,,
커피_아메리키토 아이스(ICED) (Max),4,0.29,,
커피_아몬드 라떼 아이스(ICED),41,1.34,,
커피_아몬드 라떼 아이스(ICED),40,1.39,,
커피_아몬드 라떼 핫(HOT),62,2.18,,
커피_아몬드 라떼 핫(HOT),60,2.24,,
커피_아몬드 비엔나 커피,24,0.26,,
커피_아몬드 크림 콜드브루,17,0.34,,
커피_아이스크림 라떼 아이스(ICED),62,0.83,,
커피_아이스크림 바닐라 라떼 아이스(ICED),73,1.55,,
커피_아이스크림 카페 라떼,60,1.45,,
커피_아이스크림 카페 라떼 아이스(ICED),50,1.55,,
커피_아이스크림 카페모카 아이스(ICED),72,2.25,,
커피_아이스크림카페 라떼 아이스(ICED) (L),44,1.27,,
커피_아이스크림카페 라떼 아이스(ICED) (Max),47,1.35,,
커피_아이스크림카페 라떼 아이스(ICED) (R),54,1.41,,
커피_아인슈페너,69,0.33,,
커피_아인슈페너 라떼 아이스(ICED),60,1.33,,
커피_아인슈페너 라떼 아이스(ICED),51,1.01,2.53,5.8
커피_아인슈페너 아이스(ICED),128,1.33,,
커피_아인슈페너 아이스(ICED),43,0.46,,
커피_아인슈페너 아이스(ICED),23,0.17,,
커피_아인슈페너 아이스(ICED),25,0.24,,
커피_아인슈페너 아이스(ICED),32,0.25,1.51,4.19
커피_아인슈페너 아이스(ICED),60,1.26,,
커피_아인슈페너 아이스(ICED),83,1.39,,
커피_아인슈페너 아이스(ICED) (R),60,0.56,,
커피_아인슈페너 아이스(ICED) (하프벤티),120,1.43,,
커피_아인슈페너 핫(HOT),21,0.15,,
커피_아인슈페너 핫(HOT),115,1.69,,
커피_아인슈페너 핫(HOT),25,0.24,,
커피_아인슈페너 핫(HOT) (R),62,0.56,,
커피_아포가또 (S),120,2.48,,
커피_아포가토,181,3.3,10.32,18.64
커피_아포가토,103,1.52,,
커피_아포가토,138,2.67,,
커피_아포가토,217,5.46,,
커피_아포가토,90,2.48,1.84,
커피_아포가토,82,0.13,,
커피_아포가토 (R),102,0.85,,
커피_아포가토 오리지널,117,1.99,,
커피_아포카토,114,1.67,,
커피_아포카토,90,2.46,,
커피_앗메리카노 아이스(ICED),2,0.0,,
커피_앗메리카노 아이스(ICED) 빽사이즈,2,0.42,,
커피_앗메리카노 핫(HOT),4,0.0,,
커피_약과 크림커피 아이스(ICED),86,1.52,,
커피_약과 크림커피 핫(HOT),93,1.86,,
커피_어른커피,51,0.1,1.68,8.78
커피_얼그레이 아메리카노 DRIP 아이스(ICED) (J),2,0.0,,
커피_얼그레이 아메리카노 DRIP 아이스(ICED) (L),3,0.0,,
커피_얼그레이 아메리카노 DRIP 핫(HOT) (J),3,0.0,,
커피_얼그레이 아메리카노 DRIP 핫(HOT) (L),3,0.0,,
커피_얼그레이 아메리카노 ESP 아이스(ICED) (J),2,0.15,,
커피_얼그레이 아메리카노 ESP 아이스(ICED) (L),2,0.0,,
커피_얼그레이 아메리카노 ESP 핫(HOT) (J),3,0.21,,
커피_얼그레이 아메리카노 ESP 핫(HOT) (L),3,0.0,,
커피_에소프레소 핫(HOT) (더블),17,0.0,,
커피_에소프레소 핫(HOT) (싱글),17,0.0,,
커피_에스프레소,3,0.18,,
커피_에스프레소,17,1.0,,
커피_에스프레소,20,0.0,,
커피_에스프레소,3,0.3,0.0,0.9
커피_에스프레소,33,0.0,0.0,6.67
커피_에스프레소,17,1.0,,
커피_에스프레소 (L),27,1.67,,
커피_에스프레소 (L),35,1.67,,
커피_에스프레소 (R),27,1.67,,
커피_에스프레소 (R),11,0.03,,
커피_에스프레소 (S),35,0.0,,
커피_에스프레소 (Solo),35,0.0,,
커피_에스프레소 (Solo),23,0.0,,
커피_에스프레소 도피오 (S),35,2.5,,
커피_에스프레소 도피오 핫(HOT),3,0.17,0.05,0.36
커피_에스프레소 마끼아또,30,2.5,,2.5
커피_에스프레소 마끼아또,24,1.43,,
커피_에스프레소 마끼아또,57,2.86,,
커피_에스프레소 마끼아또 (S),57,2.86,,
커피_에스프레소 마끼아또 핫(HOT),35,2.5,,
커피_에스프레소 마끼야토 핫(HOT),17,1.0,,
커피_에스프레소 마키아또 (Solo),45,4.55,,
커피_에스프레소 블랙 N2,4,0.21,,
커피_에스프레소 콘 파나 (Solo),136,0.0,,
커피_에스프레소 콘파냐,80,2.0,6.0,4.0
커피_에스프레소 콘파냐,49,1.0,,
커피_에스프레소 콘파냐 핫(HOT),17,1.0,,
커피_에스프레소 콘파냐 핫(HOT),118,2.5,,
커피_에스프레소 토피넛 라떼 아이스(ICED) (L),103,1.29,,
커피_에스프레소 토피넛 라떼 아이스(ICED) (R),90,1.17,,
커피_에스프레소 토피넛 라떼 핫(HOT) (L),129,2.34,,
커피_에스프레소 토피넛 라떼 핫(HOT) (R),125,2.36,,
커피_에스프레소 핫(HOT),1,0.09,0.03,0.19
커피_에스프레소 핫(HOT),27,0.0,,
커피_에스프레소 핫(HOT),17,1.0,,
커피_에스프레소 핫(HOT) (더블),21,0.0,,
커피_에스프레소 핫(HOT) (싱글),21,0.0,,
커피_에티오피아 게라,1,0.06,,
커피_연남 라떼 아이스(ICED),110,3.14,,
커피_연남 라떼 핫(HOT),110,3.14,,
커피_연라떼 아이스(ICED) (L),59,1.8,,
커피_연라떼 아이스(ICED) (R),56,1.6,,
커피_연라떼 핫(HOT) (L),91,3.01,,
커피_연라떼 핫(HOT) (R),89,2.99,,
커피_연유 라떼 아이스(ICED),121,2.58,,
커피_연유 라떼 아이스(ICED),64,2.03,,
커피_연유 라떼 아이스(ICED),59,2.0,3.05,6.04
커피_연유 라떼 아이스(ICED),61,1.96,2.4,7.85
커피_연유 라떼 핫(HOT),94,3.15,3.92,11.21
커피_연유 라떼 핫(HOT),54,2.2,1.83,7.29
커피_연유 라떼 핫(HOT),113,2.67,,
커피_연유 라떼 핫(HOT),76,2.54,,
커피_연유 카페 라떼,70,2.5,,
커피_연유 카페 라떼 아이스(ICED),68,1.45,,
커피_연유 카페 라떼 아이스(ICED) (EX),78,2.21,,
커피_연유 카페 라떼 아이스(ICED) (L),67,1.88,,
커피_연유 카페 라떼 핫(HOT),80,2.17,,
커피_연유 카페 라떼 핫(HOT) (EX),92,2.77,,
커피_연유 카페 라떼 핫(HOT) (L),73,2.26,,
커피_연유 콜드브루,68,1.93,,
커피_연유 콜드브루 (EX),66,2.06,,
커피_연유 콜드브루 플로트 (L),74,2.27,,
커피_연유 콜드브루 플로트 (R),66,1.95,,
커피_연유 콜드브루 플로트 (V),72,2.31,,
커피_연유 크러쉬 카페 라떼 (XL),41,1.06,,
커피_연유라떼 아이스(ICED),61,2.0,,
커피_연유라떼 아이스(ICED) (더벤티),72,2.29,,
커피_연유라떼 핫(HOT),71,2.5,,
커피_옛날 커피 아이스(ICED),43,0.64,,
커피_오리엔탈 라떼 아이스(ICED),56,1.71,2.2,7.32
커피_오리엔탈 라떼 핫(HOT),98,3.55,4.19,11.61
커피_오션 클라우디 콜드브루,59,1.14,1.97,
커피_오트카페 라떼 아이스(ICED),26,0.34,,
커피_오트카페 라떼 핫(HOT),39,0.51,,
커피_오트카페라떼 아이스(ICED),26,0.33,,
커피_오트카페라떼 아이스(ICED) (더벤티),29,0.42,,
커피_오트카페라떼 핫(HOT),39,0.5,,
커피_왕할메가커피 아이스(ICED),49,0.32,1.52,8.46
커피_원조커피 아이스(ICED),60,0.42,,
커피_원조커피 아이스(ICED) 빽사이즈,68,0.53,,
커피_원조커피 제로슈거 아이스(ICED),46,0.56,,
커피_원조커피 제로슈거 아이스(ICED) 빽사이즈,53,0.63,,
커피_원조커피 제로슈거 핫(HOT),79,0.85,,
커피_원조커피 핫(HOT),100,0.63,,
커피_이탈리안 아포가또,120,2.48,,
커피_자이언트 아메리카노,3,0.0,,
커피_자이언트 아메리카노 아이스(ICED),3,0.0,,
커피_저당 바닐라 라떼 (Grande),32,2.5,,
커피_저칼로리 바닐라 라떼 (Venti),11,1.04,,
커피_정말 맛있는 프로틴 돌체 라떼 (Venti),58,4.18,,
커피_정말 맛있는 프로틴 바닐라 라떼 (Venti),61,3.35,,
커피_제로슈가 스위트 아메리카노 아이스(ICED),0,0.03,0.0,2.37
커피_제로슈가 스위트 아메리카노 핫(HOT),0,0.04,0.0,3.08
커피_제주 말차 카페 라떼 아이스(ICED),50,1.69,,
커피_제주 말차 카페 라떼 핫(HOT),66,2.11,,
커피_제주 비자림 콜드 브루 (Grande),72,2.11,,
커피_청자다방커피,40,0.83,,
커피_초코 라떼,65,1.46,1.79,10.8
커피_카라멜 라떼 마끼아또 아이스(ICED) (L),46,1.57,,
커피_카라멜 라떼 마끼아또 아이스(ICED) (R),52,1.54,,
커피_카라멜 라떼 마끼아또 아이스(ICED) (V),73,2.1,,
커피_카라멜 라떼 마끼아또 핫(HOT) (L),72,2.25,,
커피_카라멜 라떼 마끼아또 핫(HOT) (R),69,2.55,,
커피_카라멜 라떼 아이스(ICED),48,1.97,,
커피_카라멜 라떼 아이스(ICED),31,1.36,,
커피_카라멜 라떼 아이스(ICED) (Grande),59,1.25,,
커피_카라멜 라떼 아이스(ICED) (L),51,1.45,,
커피_카라멜 라떼 아이스(ICED) (Mini Venti),52,1.23,,
커피_카라멜 라떼 아이스(ICED) (R),45,1.3,,
커피_카라멜 라떼 아이스(ICED) (Tall),59,1.39,,
커피_카라멜 라떼 아이스(ICED) (Venti),50,1.11,,
커피_카라멜 라떼 핫(HOT),60,2.82,,
커피_카라멜 라떼 핫(HOT),50,2.17,,
커피_카라멜 라떼 핫(HOT) (Grande),61,1.67,,
커피_카라멜 라떼 핫(HOT) (L),84,2.5,,
커피_카라멜 라떼 핫(HOT) (Mini Venti),53,1.4,,
커피_카라멜 라떼 핫(HOT) (R),76,2.4,,
커피_카라멜 라떼 핫(HOT) (Tall),63,1.95,,
커피_카라멜 라떼 핫(HOT) (Venti),51,1.25,,
커피_카라멜 마끼아또,61,1.39,,
커피_카라멜 마끼아또 아이스(ICED),45,1.11,,
커피_카라멜 마끼아또 아이스(ICED),59,1.97,,
커피_카라멜 마끼아또 아이스(ICED),36,1.2,,
커피_카라멜 마끼아또 아이스(ICED),60,1.33,,
커피_카라멜 마끼아또 아이스(ICED),59,1.71,2.2,8.05
커피_카라멜 마끼아또 아이스(ICED),69,1.56,,
커피_카라멜 마끼아또 아이스(ICED) (EX),51,1.32,,
커피_카라멜 마끼아또 아이스(ICED) (Grande),68,1.25,,
커피_카라멜 마끼아또 아이스(ICED) (L),54,1.69,,
커피_카라멜 마끼아또 아이스(ICED) (L),52,1.16,,
커피_카라멜 마끼아또 아이스(ICED) (L),48,1.15,,
커피_카라멜 마끼아또 아이스(ICED) (L),72,2.22,,
커피_카라멜 마끼아또 아이스(ICED) (L),47,1.32,,
커피_카라멜 마끼아또 아이스(ICED) (M),47,1.15,,
커피_카라멜 마끼아또 아이스(ICED) (Mini Venti),62,1.23,,
커피_카라멜 마끼아또 아이스(ICED) (R),54,1.71,,
커피_카라멜 마끼아또 아이스(ICED) (R),54,1.67,,
커피_카라멜 마끼아또 아이스(ICED) (R),50,0.91,,
커피_카라멜 마끼아또 아이스(ICED) (Tall),60,1.39,,
커피_카라멜 마끼아또 아이스(ICED) (Venti),61,1.11,,
커피_카라멜 마끼아또 핫(HOT),61,1.39,,
커피_카라멜 마끼아또 핫(HOT),69,2.82,,
커피_카라멜 마끼아또 핫(HOT),43,1.3,,
커피_오늘의 커피 (Tall),1,0.0,,
커피_카라멜 마끼아또 핫(HOT),69,1.56,,
커피_카라멜 마끼아또 핫(HOT),69,1.56,,
커피_카라멜 마끼아또 핫(HOT),80,2.58,2.9,10.97
커피_카라멜 마끼아또 핫(HOT) (EX),62,1.84,,
커피_카라멜 마끼아또 핫(HOT) (Grande),75,1.67,,
커피_카라멜 마끼아또 핫(HOT) (L),83,2.19,,
커피_카라멜 마끼아또 핫(HOT) (L),87,2.52,,
커피_카라멜 마끼아또 핫(HOT) (L),62,2.44,,
커피_카라멜 마끼아또 핫(HOT) (L),54,1.69,,
커피_카라멜 마끼아또 핫(HOT) (L),43,1.09,,
커피_카라멜 마끼아또 핫(HOT) (M),44,1.24,,
커피_카라멜 마끼아또 핫(HOT) (Mini Venti),68,1.4,,
커피_카라멜 마끼아또 핫(HOT) (R),83,2.25,,
커피_카라멜 마끼아또 핫(HOT) (R),60,1.94,,
커피_카라멜 마끼아또 핫(HOT) (R),87,2.51,,
커피_카라멜 마끼아또 핫(HOT) (Tall),71,1.67,,
커피_카라멜 마끼아또 핫(HOT) (Venti),65,1.39,,
커피_카라멜 마끼야또 아이스(ICED),44,1.59,,
커피_카라멜 마끼야또 핫(HOT),73,2.09,,
커피_카라멜 마키아또 아이스(ICED),45,1.41,,
커피_카라멜 마키아또 아이스(ICED) (Tall),54,1.69,,
커피_카라멜 마키아또 핫(HOT),64,2.26,,
커피_카라멜 마키아또 핫(HOT) (Tall),56,2.25,,
커피_카라멜 카페 라떼 아이스(ICED) (J),46,1.38,,
커피_카라멜 카페 라떼 아이스(ICED) (L),46,1.48,,
커피_카라멜 카페 라떼 핫(HOT),80,2.45,,
커피_카라멜 카페 라떼 핫(HOT) (J),75,2.54,,
커피_카라멜 카페 라떼 핫(HOT) (L),75,2.66,,
커피_카라멜마끼아또,40,2.02,0.88,6.03
커피_카라멜마끼아또,51,1.22,,
커피_카라멜마끼아또 다크로스트 (K(코끼리)),82,2.46,,
커피_카라멜마끼아또 다크로스트 (L),81,2.54,,
커피_카라멜마끼아또 다크로스트 (R),81,2.54,,
커피_카라멜마끼아또 디카페인 (K(코끼리)),82,2.46,,
커피_카라멜마끼아또 디카페인 (L),81,2.54,,
커피_카라멜마끼아또 디카페인 (R),81,2.54,,
커피_카라멜마끼아또 아이스(ICED),43,0.91,1.18,6.84
커피_카라멜마끼아또 아이스(ICED),50,1.71,,7.48
커피_카라멜마끼아또 아이스(ICED),55,0.99,,
커피_카라멜마끼아또 아이스(ICED),44,1.2,,
커피_카라멜마끼아또 아이스(ICED),107,2.11,,
커피_카라멜마끼아또 아이스(ICED),47,1.17,,
커피_카라멜마끼아또 아이스(ICED),41,1.2,1.08,6.67
커피_카라멜마끼아또 아이스(ICED),51,1.18,,
커피_카라멜마끼아또 아이스(ICED) (K(코끼리)),82,2.46,,
커피_카라멜마끼아또 아이스(ICED) (L),81,2.54,,
커피_카라멜마끼아또 아이스(ICED) (L),36,0.9,,1.9
커피_카라멜마끼아또 아이스(ICED) (ML),37,0.85,,1.83
커피_카라멜마끼아또 아이스(ICED) (R),81,2.54,,
커피_카라멜마끼아또 아이스(ICED) (더벤티),51,1.36,,
커피_카라멜마끼아또 아이스(ICED) 빅사이즈,59,1.17,,
커피_카라멜마끼아또 프리미엄마일드 (K(코끼리)),82,2.46,,
커피_카라멜마끼아또 프리미엄마일드 (L),81,2.54,,
커피_카라멜마끼아또 프리미엄마일드 (R),81,2.54,,
커피_카라멜마끼아또 핫(HOT),61,1.83,,
커피_카라멜마끼아또 핫(HOT),41,1.51,1.35,5.82
커피_카라멜마끼아또 핫(HOT),84,2.44,,
커피_카라멜마끼아또 핫(HOT),51,1.23,,
커피_카라멜마끼아또 핫(HOT),73,2.54,,10.18
커피_카라멜마끼아또 핫(HOT),98,2.32,,
커피_카라멜마끼아또 핫(HOT),55,1.34,1.76,8.19
커피_카라멜마끼아또 핫(HOT),97,2.18,,
커피_카라멜마끼아또 핫(HOT) (K(코끼리)),82,2.46,,
커피_카라멜마끼아또 핫(HOT) (L),81,2.54,,
커피_카라멜마끼아또 핫(HOT) (ML),48,1.41,,2.82
커피_카라멜마끼아또 핫(HOT) (R),81,2.54,,
커피_카라멜마끼아또 핫(HOT) 빅사이즈,94,2.18,,
커피_카라멜마끼아토,81,2.44,3.94,9.05
커피_카라멜마끼야또 아이스(ICED),40,1.25,,
커피_카라멜마끼야또 아이스(ICED),59,1.35,,
커피_카라멜마끼야또 아이스(ICED) (EX),42,1.26,,
커피_카라멜마끼야또 아이스(ICED) (L),78,2.0,,
커피_카라멜마끼야또 아이스(ICED) (R),52,1.16,,
커피_카라멜마끼야또 핫(HOT),71,1.86,,
커피_카라멜마끼야또 핫(HOT),52,1.83,,
커피_카라멜마끼야또 핫(HOT) (EX),63,2.28,,
커피_카라멜마끼야또 핫(HOT) (L),114,3.53,,
커피_카라멜마끼야또 핫(HOT) (R),97,3.21,,
커피_카라멜마키아또 아이스(ICED),54,1.27,,
커피_카라멜마키아또 아이스(ICED) (L),55,1.48,,
커피_카라멜마키아또 아이스(ICED) (Max),52,1.52,,
커피_카라멜마키아또 아이스(ICED) (R),58,1.69,,
커피_카라멜마키아또 핫(HOT),75,1.69,,
커피_카라멜마키아또 핫(HOT) (L),66,2.11,,
커피_카라멜마키아또 핫(HOT) (R),68,2.25,,
커피_카라멜모카 아이스(ICED) (L),77,1.43,,
커피_카라멜모카 아이스(ICED) (R),78,1.08,,
커피_카라멜모카 핫(HOT),70,2.82,,
커피_카라멜모카 핫(HOT) (L),116,2.39,,
커피_카라멜모카 핫(HOT) (R),112,2.26,,
커피_카카오 젤라또 카페 라떼 아이스(ICED) (L),59,1.85,,
커피_카카오 젤라또 카페 라떼 아이스(ICED) (R),65,2.0,,
커피_카테킨 아메리카노 (Grande),3,0.53,,
커피_카테킨 아메리카노 (Venti),2,0.21,0.0,0.0
커피_카페 라떼,27,1.34,,
커피_카페 라떼,18,1.07,0.63,1.92
커피_카페 라떼,37,1.39,,
커피_카페 라떼 다크로스트 (K(코끼리)),43,2.0,,
커피_카페 라떼 다크로스트 (L),43,1.9,,
커피_카페 라떼 다크로스트 (R),58,1.97,,
커피_카페 라떼 디카페인 (K(코끼리)),43,2.0,,
커피_카페 라떼 디카페인 (L),43,1.9,,
커피_카페 라떼 디카페인 (R),58,1.97,,
커피_카페 라떼 아이스(ICED),29,1.35,,
커피_카페 라떼 아이스(ICED),28,1.34,,
커피_카페 라떼 아이스(ICED),32,1.36,,
커피_카페 라떼 아이스(ICED),27,1.2,,
커피_카페 라떼 아이스(ICED),29,1.49,,2.55
커피_카페 라떼 아이스(ICED),32,1.39,,
커피_카페 라떼 아이스(ICED),26,1.31,,
커피_카페 라떼 아이스(ICED),31,1.97,,
커피_카페 라떼 아이스(ICED),26,1.22,1.46,2.2
커피_카페 라떼 아이스(ICED),32,3.3,,
커피_카페 라떼 아이스(ICED),27,1.41,,
커피_카페 라떼 아이스(ICED),25,1.44,1.1,2.25
커피_카페 라떼 아이스(ICED),30,1.31,,
커피_카페 라떼 아이스(ICED),34,1.35,,
커피_카페 라떼 아이스(ICED),36,1.58,,
커피_카페 라떼 아이스(ICED),28,1.41,,
커피_카페 라떼 아이스(ICED),27,1.39,,
커피_카페 라떼 아이스(ICED),28,1.24,,
커피_카페 라떼 아이스(ICED),31,1.36,,
커피_카페 라떼 아이스(ICED),29,1.27,1.66,2.16
커피_카페 라떼 아이스(ICED) (EX),27,1.32,,
커피_카페 라떼 아이스(ICED) (Grande),33,1.25,,
커피_카페 라떼 아이스(ICED) (J),31,1.54,,
커피_카페 라떼 아이스(ICED) (K(코끼리)),43,2.0,,
커피_카페 라떼 아이스(ICED) (L),32,1.7,,
커피_카페 라떼 아이스(ICED) (L),27,1.32,,
커피_카페 라떼 아이스(ICED) (L),33,1.48,,
커피_카페 라떼 아이스(ICED) (L),35,1.53,,
커피_카페 라떼 아이스(ICED) (L),25,1.56,,
커피_카페 라떼 아이스(ICED) (L),52,1.8,,
커피_카페 라떼 아이스(ICED) (L),28,1.31,,
커피_카페 라떼 아이스(ICED) (L),43,1.9,,
커피_카페 라떼 아이스(ICED) (L),27,1.65,,
커피_카페 라떼 아이스(ICED) (L),29,1.27,,
커피_카페 라떼 아이스(ICED) (L),21,1.0,,1.7
커피_카페 라떼 아이스(ICED) (M),28,1.3,,
커피_카페 라떼 아이스(ICED) (ML),21,0.99,,1.69
커피_카페 라떼 아이스(ICED) (Max),30,1.35,,
커피_카페 라떼 아이스(ICED) (Mini Venti),30,1.23,,
커피_카페 라떼 아이스(ICED) (R),27,1.64,,
커피_카페 라떼 아이스(ICED) (R),23,1.06,,
커피_카페 라떼 아이스(ICED) (R),30,1.62,,
커피_카페 라떼 아이스(ICED) (R),58,1.97,,
커피_카페 라떼 아이스(ICED) (R),33,1.3,,
커피_카페 라떼 아이스(ICED) (R),24,1.67,,
커피_카페 라떼 아이스(ICED) (R),31,1.37,,
커피_카페 라떼 아이스(ICED) (R),34,1.41,,
커피_카페 라떼 아이스(ICED) (S),23,1.13,,
커피_카페 라떼 아이스(ICED) (Tall),33,1.39,,
커피_카페 라떼 아이스(ICED) (Tall),31,1.69,,
커피_카페 라떼 아이스(ICED) (V),38,1.9,,
커피_카페 라떼 아이스(ICED) (V),27,1.65,,
커피_카페 라떼 아이스(ICED) (Venti),28,1.11,,
커피_카페 라떼 아이스(ICED) 빅사이즈,31,1.36,,
커피_카페 라떼 아이스(ICED) 빽사이즈,29,1.48,,
커피_카페 라떼 프리미엄마일드 (K(코끼리)),43,2.0,,
커피_카페 라떼 프리미엄마일드 (L),43,1.9,,
커피_카페 라떼 프리미엄마일드 (R),58,1.97,,
커피_카페 라떼 핫(HOT),47,2.26,,
커피_카페 라떼 핫(HOT),41,2.09,,
커피_카페 라떼 핫(HOT),30,1.69,1.37,2.62
커피_카페 라떼 핫(HOT),60,2.64,,
커피_카페 라떼 핫(HOT),33,1.38,,
커피_카페 라떼 핫(HOT),54,2.32,3.04,3.91
커피_카페 라떼 핫(HOT),50,2.17,,
커피_카페 라떼 핫(HOT),58,2.5,,
커피_카페 라떼 핫(HOT),44,2.24,,
커피_카페 라떼 핫(HOT),53,1.69,,
커피_카페 라떼 핫(HOT),50,2.17,,
커피_카페 라떼 핫(HOT),50,2.63,,4.21
커피_카페 라떼 핫(HOT),37,1.39,,
커피_카페 라떼 핫(HOT),40,1.96,,
커피_카페 라떼 핫(HOT),43,2.82,,
커피_카페 라떼 핫(HOT),59,2.58,3.23,4.52
커피_카페 라떼 핫(HOT),32,1.56,,
커피_카페 라떼 핫(HOT),44,1.86,,
커피_카페 라떼 핫(HOT),46,2.18,,
커피_카페 라떼 핫(HOT),64,2.79,,
커피_카페 라떼 핫(HOT) (EX),44,2.15,,
커피_카페 라떼 핫(HOT) (Grande),41,1.67,,
커피_카페 라떼 핫(HOT) (J),36,1.69,,
커피_카페 라떼 핫(HOT) (K(코끼리)),43,2.0,,
커피_카페 라떼 핫(HOT) (L),49,2.22,,
커피_카페 라떼 핫(HOT) (L),85,3.35,,
커피_카페 라떼 핫(HOT) (L),34,1.62,,
커피_카페 라떼 핫(HOT) (L),49,2.33,,
커피_카페 라떼 핫(HOT) (L),43,1.9,,
커피_카페 라떼 핫(HOT) (L),57,2.5,,
커피_카페 라떼 핫(HOT) (L),55,2.73,,
커피_카페 라떼 핫(HOT) (L),37,1.69,,
커피_카페 라떼 핫(HOT) (L),32,1.7,,
커피_카페 라떼 핫(HOT) (M),39,1.81,,
커피_카페 라떼 핫(HOT) (ML),29,1.41,,2.39
커피_카페 라떼 핫(HOT) (Mini Venti),39,1.4,,
커피_카페 라떼 핫(HOT) (R),30,1.62,,
커피_카페 라떼 핫(HOT) (R),25,1.27,,
커피_카페 라떼 핫(HOT) (R),55,2.73,,
커피_카페 라떼 핫(HOT) (R),46,2.22,,
커피_카페 라떼 핫(HOT) (R),48,2.25,,
커피_카페 라떼 핫(HOT) (R),58,2.57,,
커피_카페 라떼 핫(HOT) (R),58,1.97,,
커피_카페 라떼 핫(HOT) (R),69,2.59,,
커피_카페 라떼 핫(HOT) (S),25,1.13,,
커피_카페 라떼 핫(HOT) (Tall),51,2.82,,
커피_카페 라떼 핫(HOT) (Tall),45,1.95,,
커피_카페 라떼 핫(HOT) (Venti),34,1.25,,
커피_카페 라떼 핫(HOT) 빅사이즈,60,2.63,,
커피_카페 모카 DRIP 아이스(ICED) (J),51,1.23,,
커피_카페 모카 DRIP 아이스(ICED) (L),52,1.27,,
커피_카페 모카 DRIP 핫(HOT) (J),73,1.9,,
커피_카페 모카 DRIP 핫(HOT) (L),64,1.69,,
커피_카페 모카 ESP 아이스(ICED) (J),54,1.38,,
커피_카페 모카 ESP 아이스(ICED) (L),56,1.48,,
커피_카페 모카 ESP 핫(HOT) (J),78,2.11,,
커피_카페 모카 ESP 핫(HOT) (L),68,1.93,,
커피_카페 모카 아이스(ICED),45,1.51,,
커피_카페 모카 아이스(ICED),44,1.52,,
커피_카페 모카 아이스(ICED),67,1.74,3.16,7.83
커피_카페 모카 아이스(ICED),58,1.8,,
커피_카페 모카 아이스(ICED) (EX),66,1.32,,
커피_카페 모카 아이스(ICED) (L),63,1.78,,
커피_카페 모카 아이스(ICED) (L),66,1.5,,
커피_카페 모카 아이스(ICED) (L),53,1.63,,
커피_카페 모카 아이스(ICED) (L),54,1.69,,
커피_카페 모카 아이스(ICED) (R),54,1.71,,
커피_카페 모카 아이스(ICED) (R),63,1.67,,
커피_카페 모카 아이스(ICED) (R),74,1.6,,
커피_카페 모카 아이스(ICED) (Tall),70,1.97,,
커피_카페 모카 아이스(ICED) (V),79,1.93,,
커피_카페 모카 핫(HOT),65,2.41,,
커피_카페 모카 핫(HOT),67,2.39,,
커피_카페 모카 핫(HOT),67,1.74,3.16,7.83
커피_카페 모카 핫(HOT),84,2.35,,
커피_카페 모카 핫(HOT) (EX),81,2.3,,
커피_카페 모카 핫(HOT) (L),98,2.44,,
커피_카페 모카 핫(HOT) (L),80,2.07,,
커피_카페 모카 핫(HOT) (L),53,1.63,,
커피_카페 모카 핫(HOT) (L),80,2.6,,
커피_카페 모카 핫(HOT) (R),80,2.59,,
커피_카페 모카 핫(HOT) (R),74,1.58,,
커피_카페 모카 핫(HOT) (R),98,2.5,,
커피_카페 모카 핫(HOT) (Tall),82,2.82,,
커피_카페 시트러스,118,1.51,,
커피_카페 아메리카노 아이스(ICED),1,0.08,,
커피_카페 아메리카노 아이스(ICED) (EX),4,0.15,,
커피_카페 아메리카노 아이스(ICED) (L),3,0.19,,
커피_카페 아메리카노 아이스(ICED) (Tall),3,0.28,,
커피_카페 아메리카노 핫(HOT),1,0.08,,
커피_카페 아메리카노 핫(HOT) (EX),4,0.15,,
커피_카페 아메리카노 핫(HOT) (L),3,0.19,,
커피_카페 아메리카노 핫(HOT) (Tall),3,0.28,,
커피_카페 연유다 아이스(ICED),53,1.46,,8.78
커피_카페 피에노,193,1.77,,
커피_카페 헤이 오트 아이스(ICED) (L),47,0.64,,
커피_카페 헤이 오트 아이스(ICED) (R),42,0.56,,
커피_카페 헤이 오트 핫(HOT) (L),80,1.14,,
커피_카페 헤이 오트 핫(HOT) (R),81,1.11,,
커피_카페라떼,57,2.72,3.72,3.11
커피_카페라떼 아이스(ICED),27,1.33,,
커피_카페라떼 아이스(ICED),26,1.02,1.35,2.2
커피_카페라떼 아이스(ICED) (더벤티),30,1.46,,
커피_카페라떼 핫(HOT),35,1.37,1.83,2.79
커피_카페모카,39,1.24,,
커피_카페모카,39,0.86,1.11,6.37
커피_카페모카,82,2.22,,
커피_카페모카,72,2.76,2.08,10.46
커피_카페모카 아이스(ICED),91,1.7,,
커피_카페모카 아이스(ICED),107,2.81,,
커피_카페모카 아이스(ICED),54,0.91,2.55,6.7
커피_카페모카 아이스(ICED),67,1.7,,
커피_카페모카 아이스(ICED),70,1.67,,
커피_카페모카 아이스(ICED),56,1.24,,
커피_카페모카 아이스(ICED),79,1.35,,
커피_카페모카 아이스(ICED),50,1.18,1.79,7.34
커피_카페모카 아이스(ICED),78,1.45,,
커피_카페모카 아이스(ICED),54,1.24,,
커피_카페모카 아이스(ICED),51,1.83,,
커피_카페모카 아이스(ICED),59,1.69,,
커피_카페모카 아이스(ICED),50,1.08,,
커피_카페모카 아이스(ICED),59,1.59,,8.18
커피_카페모카 아이스(ICED),56,1.11,,
커피_카페모카 아이스(ICED),71,1.45,,
커피_카페모카 아이스(ICED),65,2.25,,
커피_카페모카 아이스(ICED),59,1.46,3.17,6.34
커피_카페모카 아이스(ICED) (EX),64,1.46,,
커피_카페모카 아이스(ICED) (Grande),74,1.67,,
커피_카페모카 아이스(ICED) (L),53,1.4,,
커피_카페모카 아이스(ICED) (L),54,1.0,,6.4
커피_카페모카 아이스(ICED) (L),72,1.48,,
커피_카페모카 아이스(ICED) (L),53,1.63,,
커피_카페모카 아이스(ICED) (L),91,2.62,,
커피_카페모카 아이스(ICED) (L),84,1.46,,
커피_카페모카 아이스(ICED) (M),54,1.4,,
커피_카페모카 아이스(ICED) (ML),58,0.99,,6.62
커피_카페모카 아이스(ICED) (Max),63,1.52,,
커피_카페모카 아이스(ICED) (Mini Venti),73,1.4,,
커피_카페모카 아이스(ICED) (R),74,1.6,,
커피_카페모카 아이스(ICED) (R),78,1.22,,
커피_카페모카 아이스(ICED) (R),73,1.69,,
커피_카페모카 아이스(ICED) (R),70,2.65,,
커피_카페모카 아이스(ICED) (Tall),66,1.39,,
커피_카페모카 아이스(ICED) (V),79,1.93,,
커피_카페모카 아이스(ICED) (Venti),65,1.39,,
커피_카페모카 아이스(ICED) (더벤티),76,1.98,,
커피_카페모카 아이스(ICED) 빅사이즈,58,1.42,,
커피_카페모카 핫(HOT),82,2.22,,
커피_카페모카 핫(HOT),78,1.96,,
커피_카페모카 핫(HOT),75,2.41,,9.88
커피_카페모카 핫(HOT),102,3.23,5.48,10.0
커피_카페모카 핫(HOT),64,1.82,,
커피_카페모카 핫(HOT),107,2.81,,
커피_카페모카 핫(HOT),104,2.33,,
커피_카페모카 핫(HOT),67,2.75,,
커피_카페모카 핫(HOT),99,2.72,,
커피_카페모카 핫(HOT),104,2.33,,
커피_카페모카 핫(HOT),82,2.26,3.28,10.74
커피_카페모카 핫(HOT),77,1.54,,
커피_카페모카 핫(HOT),102,2.48,,
커피_카페모카 핫(HOT),85,2.54,,
커피_카페모카 핫(HOT),62,1.76,,
커피_카페모카 핫(HOT) (EX),83,2.44,,
커피_카페모카 핫(HOT) (Grande),81,1.88,,
커피_카페모카 핫(HOT) (L),57,1.68,,
커피_카페모카 핫(HOT) (L),128,4.23,,
커피_카페모카 핫(HOT) (L),116,2.39,,
커피_카페모카 핫(HOT) (L),78,2.39,,
커피_카페모카 핫(HOT) (L),79,2.33,,
커피_카페모카 핫(HOT) (M),60,1.88,,
커피_카페모카 핫(HOT) (ML),71,1.55,,7.74
커피_카페모카 핫(HOT) (Mini Venti),76,1.58,,
커피_카페모카 핫(HOT) (R),112,2.43,,
커피_카페모카 핫(HOT) (R),105,3.74,,
커피_카페모카 핫(HOT) (R),84,2.75,,
커피_카페모카 핫(HOT) (R),79,2.25,,
커피_카페모카 핫(HOT) (Tall),77,1.95,,
커피_카페모카 핫(HOT) (Venti),70,1.53,,
커피_카페모카 핫(HOT) 빅사이즈,94,2.57,,
커피_카푸치노,54,2.67,3.38,3.23
커피_카푸치노 (L),20,1.33,,
커피_카푸치노 (R),22,1.39,,
커피_카푸치노 다크로스트 (R),40,3.1,,
커피_카푸치노 아이스(ICED),25,1.08,,
커피_카푸치노 아이스(ICED),21,0.93,,
커피_카푸치노 아이스(ICED),26,1.16,,
커피_카푸치노 아이스(ICED),27,1.32,,
커피_카푸치노 아이스(ICED),22,1.18,1.1,1.93
커피_카푸치노 아이스(ICED),19,1.11,,
커피_카푸치노 아이스(ICED),21,1.32,,1.84
커피_카푸치노 아이스(ICED),23,1.2,,
커피_카푸치노 아이스(ICED),24,1.22,1.22,1.95
커피_카푸치노 아이스(ICED),28,1.69,,
커피_카푸치노 아이스(ICED) (Grande),29,1.04,,
커피_카푸치노 아이스(ICED) (L),25,1.0,,
커피_카푸치노 아이스(ICED) (L),44,1.84,,
커피_카푸치노 아이스(ICED) (L),19,0.9,,1.7
커피_카푸치노 아이스(ICED) (ML),19,0.85,,1.69
커피_카푸치노 아이스(ICED) (Mini Venti),27,1.05,,
커피_카푸치노 아이스(ICED) (R),39,1.53,,
커피_카푸치노 아이스(ICED) (R),19,0.68,,
커피_카푸치노 아이스(ICED) (Tall),29,1.11,,
커피_카푸치노 아이스(ICED) (Tall),32,1.69,,
커피_카푸치노 아이스(ICED) (Venti),25,0.97,,
커피_카푸치노 프리미엄마일드 (R),40,3.1,,
커피_카푸치노 핫(HOT),46,2.0,,
커피_카푸치노 핫(HOT),60,2.64,,
커피_카푸치노 핫(HOT),24,1.13,,
커피_카푸치노 핫(HOT),46,2.5,,4.06
커피_카푸치노 핫(HOT),32,1.27,1.69,2.71
커피_카푸치노 핫(HOT),29,1.3,,
커피_카푸치노 핫(HOT),56,2.58,3.23,4.19
커피_카푸치노 핫(HOT),41,2.54,,
커피_카푸치노 핫(HOT),46,2.0,,
커피_카푸치노 핫(HOT),42,2.26,,
커피_카푸치노 핫(HOT),25,1.39,1.08,2.32
커피_카푸치노 핫(HOT),31,1.39,,
커피_카푸치노 핫(HOT) (Grande),40,1.67,,
커피_카푸치노 핫(HOT) (L),58,2.9,,
커피_카푸치노 핫(HOT) (L),56,2.77,,
커피_카푸치노 핫(HOT) (L),40,1.9,,
커피_카푸치노 핫(HOT) (L),56,2.39,,
커피_카푸치노 핫(HOT) (L),76,2.9,,
커피_카푸치노 핫(HOT) (ML),30,1.41,,2.68
커피_카푸치노 핫(HOT) (Mini Venti),36,1.4,,
커피_카푸치노 핫(HOT) (R),55,2.5,,
커피_카푸치노 핫(HOT) (R),57,2.44,,
커피_카푸치노 핫(HOT) (R),62,2.06,,
커피_카푸치노 핫(HOT) (R),41,1.69,,
커피_카푸치노 핫(HOT) (R),56,2.79,,
커피_카푸치노 핫(HOT) (Tall),31,1.69,,
커피_카푸치노 핫(HOT) (Tall),44,1.67,,
커피_카푸치노 핫(HOT) (Venti),33,1.25,,
커피_커반 믹스커피 아이스(ICED) (Grande),34,1.88,,
커피_커반 믹스커피 아이스(ICED) (Mini Venti),32,1.75,,
커피_커반 믹스커피 아이스(ICED) (Tall),32,1.67,,
커피_커반 믹스커피 아이스(ICED) (Venti),32,1.81,,
커피_커피 더블 베네프레소 (S),72,1.43,,
커피_커피 스타벅스 더블 샷,60,1.45,,
커피_커피 아이스(ICED) (Tall),1,0.0,,
커피_커피에 바나나 아이스(ICED) (Grande),76,1.25,,
커피_커피에 바나나 아이스(ICED) (Mini Venti),74,1.23,,
커피_커피에 바나나 아이스(ICED) (Tall),75,1.39,,
커피_커피에 바나나 아이스(ICED) (Venti),66,1.11,,
커피_커피에 바나나 핫(HOT) (Grande),89,1.88,,
커피_커피에 바나나 핫(HOT) (Mini Venti),88,1.75,,
커피_커피에 바나나 핫(HOT) (Tall),88,1.95,,
커피_커피에 바나나 핫(HOT) (Venti),77,1.39,,
커피_케냐 니에리,1,0.06,,
커피_코코넛 라떼 아이스(ICED),43,1.33,,
커피_코코넛 라떼 아이스(ICED) (L),60,1.2,,5.2
커피_코코넛 라떼 아이스(ICED) (ML),55,1.13,,4.93
커피_코코넛 라떼 핫(HOT),53,1.83,,
커피_코코넛 라떼 핫(HOT),65,1.69,,5.77
커피_콘슈페너 아이스(ICED),98,1.47,,
커피_콜드 브루 라떼 아이스(ICED),22,1.18,,
커피_콜드 브루 몰트 (Tall),142,1.97,,
커피_콜드 브루 아메리카노 아이스(ICED),2,0.3,0.0,0.0
커피_콜드 브루 오트 라떼 (Tall),34,0.28,,
커피_콜드 브루 플로트 (Tall),63,0.85,,
커피_콜드브루,4,0.32,0.0,
커피_콜드브루,3,0.0,,
커피_콜드브루,5,0.24,0.24,0.49
커피_콜드브루,3,0.33,,
커피_콜드브루,1,0.0,,
커피_콜드브루 (L),5,0.22,,
커피_콜드브루 (R),4,0.02,,
커피_콜드브루 니트로,3,0.24,,
커피_콜드브루 디카페인 (L),3,0.22,,
커피_콜드브루 디카페인 (R),3,0.0,,
커피_콜드브루 디카페인 라떼 아이스(ICED),24,1.34,,
커피_콜드브루 디카페인 라떼 핫(HOT),26,1.46,,
커피_콜드브루 디카페인 아이스(ICED) (L),1,0.0,,
커피_콜드브루 디카페인 아이스(ICED) (M),1,0.0,,
커피_콜드브루 디카페인 핫(HOT) (L),1,0.0,,
커피_콜드브루 디카페인 핫(HOT) (M),1,0.0,,
커피_콜드브루 딜라이트 아이스(ICED),56,1.98,,
커피_콜드브루 라떼,29,1.33,,
커피_콜드브루 라떼,29,1.58,0.83,
커피_콜드브루 라떼,32,1.45,,
커피_콜드브루 라떼,22,1.11,,
커피_콜드브루 라떼,21,0.89,,
커피_콜드브루 라떼 (EX),32,1.47,,
커피_콜드브루 라떼 (L),24,1.19,,
커피_콜드브루 라떼 (L),24,1.2,,
커피_콜드브루 라떼 (R),23,0.91,,
커피_콜드브루 라떼 (R),23,1.14,,
커피_콜드브루 라떼 (V),25,1.17,,
커피_콜드브루 라떼 디카페인 (L),30,0.67,,
커피_콜드브루 라떼 디카페인 (R),31,0.83,,
커피_콜드브루 라떼 디카페인 아이스(ICED) (L),26,1.16,,
커피_콜드브루 라떼 디카페인 아이스(ICED) (M),26,1.15,,
커피_콜드브루 라떼 디카페인 핫(HOT) (L),29,1.32,,
커피_콜드브루 라떼 디카페인 핫(HOT) (M),37,1.66,,
커피_콜드브루 라떼 보틀,43,2.0,,
커피_콜드브루 라떼 아이스(ICED),26,1.12,,
커피_콜드브루 라떼 아이스(ICED),28,1.18,,
커피_콜드브루 라떼 아이스(ICED),32,1.7,,
커피_콜드브루 라떼 아이스(ICED),46,1.97,,
커피_콜드브루 라떼 아이스(ICED),29,1.35,,
커피_콜드브루 라떼 아이스(ICED),24,1.13,,
커피_콜드브루 라떼 아이스(ICED),24,1.12,,
커피_콜드브루 라떼 아이스(ICED),32,1.27,1.69,2.48
커피_콜드브루 라떼 아이스(ICED),27,1.18,,
커피_콜드브루 라떼 아이스(ICED) (Grande),44,1.25,,
커피_콜드브루 라떼 아이스(ICED) (L),27,1.54,,
커피_콜드브루 라떼 아이스(ICED) (L),27,1.26,,
커피_콜드브루 라떼 아이스(ICED) (L),21,1.06,,
커피_콜드브루 라떼 아이스(ICED) (L),22,1.0,,1.7
커피_콜드브루 라떼 아이스(ICED) (M),26,1.24,,
커피_콜드브루 라떼 아이스(ICED) (ML),24,0.99,,1.69
커피_콜드브루 라떼 아이스(ICED) (Max),34,1.02,,
커피_콜드 브루 (Tall),1,0.0,,
커피_콜드브루 라떼 아이스(ICED) (Mini Venti),41,1.23,,
커피_콜드브루 라떼 아이스(ICED) (R),18,0.92,,
커피_콜드브루 라떼 아이스(ICED) (R),27,1.54,,
커피_콜드브루 라떼 아이스(ICED) (Tall),45,1.39,,
커피_콜드브루 라떼 아이스(ICED) (Venti),36,1.11,,
커피_콜드브루 라떼 연유,59,2.17,,
커피_콜드브루 라떼 핫(HOT),44,2.11,,
커피_콜드브루 라떼 핫(HOT),28,1.52,,
커피_콜드브루 라떼 핫(HOT) (Grande),52,1.25,,
커피_콜드브루 라떼 핫(HOT) (L),30,2.2,,
커피_콜드브루 라떼 핫(HOT) (M),37,1.74,,
커피_콜드브루 라떼 핫(HOT) (Tall),58,1.39,,
커피_콜드브루 라떼 핫(HOT) (Venti),40,0.97,,
커피_콜드브루 라떼 흑당,51,1.5,,
커피_콜드브루 라일락 바닐라빈 라떼 디카페인 (L),68,1.78,,
커피_콜드브루 라일락 바닐라빈 라떼 디카페인 (R),61,1.67,,
커피_콜드브루 모카 프라페노 디카페인 (L),104,1.11,,
커피_콜드브루 모카 프라페노 디카페인 (R),104,1.11,,
커피_콜드브루 바닐라 라떼,40,0.89,,
커피_콜드브루 바닐라 플로트 디카페인 (R),69,1.39,,
커피_콜드브루 바닐라크림 아이스(ICED) (L),55,1.06,,5.92
커피_콜드브루 바닐라크림 아이스(ICED) (ML),50,1.13,,5.07
커피_콜드브루 버터스카치 슈페너 아이스(ICED),74,1.35,,
커피_콜드브루 브라운 슈가 버블 라떼 디카페인 (L),56,0.89,,
커피_콜드브루 아메리카노,3,0.24,,
커피_콜드브루 아메리카노,2,0.06,,
커피_콜드브루 아메리카노 (EX),3,0.15,,
커피_콜드브루 아메리카노 (L),4,0.2,,
커피_콜드브루 아메리카노 (R),3,0.29,,
커피_콜드브루 아메리카노 (V),4,0.17,,
커피_콜드브루 아메리카노 보틀,5,0.33,,
커피_콜드브루 아이스(ICED),1,0.14,0.03,0.09
커피_콜드브루 아이스(ICED),2,0.17,,
커피_콜드브루 아이스(ICED),2,0.16,0.0,0.33
커피_콜드브루 아이스(ICED),3,0.28,,
커피_콜드브루 아이스(ICED),2,0.14,,
커피_콜드브루 아이스(ICED),1,0.0,,
커피_콜드브루 아이스(ICED) (L),3,0.21,,
커피_콜드브루 아이스(ICED) (L),1,0.05,,
커피_콜드브루 아이스(ICED) (M),1,0.08,,
커피_콜드브루 아이스(ICED) (Max),3,0.17,,
커피_콜드브루 아이스(ICED) (R),3,0.22,,
커피_콜드브루 아이스(ICED) (더벤티),2,0.21,,
커피_콜드브루 아이스볼 라떼,37,0.47,,
커피_콜드브루 아이스크림 라떼,37,0.47,,
커피_콜드브루 아인슈페너,20,0.48,,
커피_콜드브루 아인슈페너 아이스(ICED),80,1.41,,
커피_콜드브루 아인슈페너 아이스(ICED),27,0.14,,0.99
커피_콜드브루 연유 라떼,54,0.03,,
커피_콜드브루 연유 라떼 아이스(ICED),53,1.83,,
커피_콜드브루 연유 라떼 핫(HOT),78,2.75,,
커피_콜드브루 오리지널 프라페노 디카페인 (L),76,1.11,,
커피_콜드브루 오리지널 프라페노 디카페인 (R),75,1.11,,
커피_콜드브루 원액,13,0.8,,
커피_콜드브루 카라멜 마끼아또,54,1.39,,
커피_콜드브루 카라멜 마끼아또 디카페인 (L),40,1.78,,
커피_콜드브루 카라멜 마끼아또 디카페인 (R),40,1.67,,
커피_콜드브루 카라멜 프라페노 디카페인 (L),112,1.11,,
커피_콜드브루 카라멜 프라페노 디카페인 (R),113,1.11,,
커피_콜드브루 커피 아이스(ICED),2,0.24,,0.48
커피_콜드브루 크림넛,61,1.69,,
커피_콜드브루 핫(HOT),3,0.21,,
커피_콜드브루 핫(HOT),2,0.17,0.03,0.22
커피_콜드브루 핫(HOT) (L),1,0.1,,
커피_콜드브루 핫(HOT) (M),1,0.08,,
커피_콜드브루 헤이즐넛 라떼 디카페인 (L),42,0.67,,
커피_콜드브루 헤이즐넛 라떼 디카페인 (R),40,0.56,,
커피_콜드브루 화이트 비엔나,64,1.45,,
커피_콜드브루 흑당 라떼 아이스(ICED),44,1.13,,
커피_콜드브루 흑당 라떼 핫(HOT),71,1.9,,
커피_콜드브루디카페인 아이스(ICED),1,0.08,,
커피_콜드브루디카페인 핫(HOT),2,0.1,,
커피_콜드브루라떼 아이스(ICED),43,1.97,,
커피_콜드브루라떼 아이스(ICED),27,1.33,,
커피_콜드브루라떼 아이스(ICED),28,1.18,1.15,3.33
커피_콜드브루라떼 아이스(ICED) (더벤티),29,1.46,,
커피_콜드브루라떼 핫(HOT),55,2.82,,
커피_콜드브루라떼 핫(HOT),28,1.52,1.4,2.25
커피_콜드브루오리지널 아이스(ICED),1,0.14,,
커피_콜드브루오리지널 핫(HOT),2,0.17,,
커피_쿠키&크림 번버거 + 아메리카노 SET,88,1.32,,
커피_큐브 라떼 아이스(ICED),52,1.9,2.13,6.19
커피_큐브 아이스(ICED),42,1.69,,
커피_크러쉬 아메리카노 (XL),0,0.0,,
커피_크리미 라떼 아이스(ICED),77,0.93,5.81,5.15
커피_클래식 밀크커피 아이스(ICED),37,0.38,0.67,7.41
커피_클래식 밀크커피 핫(HOT),48,0.49,0.88,9.63
커피_클래식 아포가토 (Tall),68,1.13,,
커피_토피넛 라떼 아이스(ICED),58,1.33,,
커피_토피넛 라떼 핫(HOT),66,1.67,,
커피_토피넛 라떼 핫(HOT),83,3.1,,
커피_토피넛 샷 라떼 아이스(ICED),61,1.49,,
커피_토피넛 샷 라떼 아이스(ICED),60,1.52,,
커피_토피넛 샷 라떼 핫(HOT),87,2.37,,
커피_토피넛 샷 라떼 핫(HOT),85,2.41,,
커피_티라미수 라떼,62,1.29,,
커피_티라미수 라떼 아이스(ICED),70,1.34,,
커피_티라미수 라떼 핫(HOT),68,1.79,,
커피_티라미수 번버거 + 아메리카노 SET,82,1.4,,
커피_티라미수 젤라또 카페 라떼 아이스(ICED) (L),65,1.67,,
커피_티라미수 젤라또 카페 라떼 아이스(ICED) (R),57,1.75,,
커피_팔공믹스 냉커피 아이스(ICED),65,0.21,,
커피_팔공믹스 냉커피 아이스(ICED) 빅사이즈,73,0.21,,
커피_팔공믹스 핫커피 핫(HOT),83,0.24,,
커피_팔공믹스 핫커피 핫(HOT) 빅사이즈,77,0.22,,
커피_펌킨스파이스 라떼 아이스(ICED),43,1.12,1.42,6.39
커피_펌킨스파이스 라떼 핫(HOT),70,2.06,2.65,9.31
커피_프렌치 마롱 카페 라떼 아이스(ICED) (R),81,1.19,,
커피_프렌치 마롱 카페 라떼 핫(HOT) (R),116,2.2,,
커피_프렌치바닐라 라떼 아이스(ICED),62,1.12,,
커피_프렌치바닐라 라떼 아이스(ICED) 빅사이즈,65,1.06,,
커피_프렌치바닐라 라떼 핫(HOT),103,2.18,,
커피_프렌치바닐라 라떼 핫(HOT) 빅사이즈,99,2.13,,
커피_프리미엄 블렌드 딥 라떼 아이스(ICED),31,1.41,,
커피_프리미엄 블렌드 딥 라떼 핫(HOT),40,1.98,,
커피_프리미엄 블렌드 아메리카노 아이스(ICED),4,0.28,,
커피_프리미엄 블렌드 아메리카노 핫(HOT),4,0.28,,
커피_플랫화이트 아이스(ICED),36,1.45,,
커피_플랫화이트 핫(HOT),51,2.25,,
커피_피넛 라떼 아이스(ICED),113,3.33,,
커피_피스타치오 카페 라떼 아이스(ICED),59,0.95,1.73,9.96
커피_피스타치오 카페 라떼 핫(HOT),91,1.84,3.05,13.95
커피_할메가 미숫커피 아이스(ICED),70,1.08,1.9,12.13
커피_할메가커피 아이스(ICED),48,0.32,1.49,8.26
커피_허니아메리카노 아이스(ICED),15,0.03,0.0,3.78
커피_허니아메리카노 핫(HOT),20,0.04,0.0,4.91
커피_허니큐브 아이스(ICED) (L),63,2.33,,
커피_허니큐브 아이스(ICED) (R),60,1.97,,
커피_헤이오트 라떼 아이스(ICED) (L),47,0.64,,
커피_헤이오트 라떼 아이스(ICED) (R),42,0.56,,
커피_헤이오트 라떼 아이스(ICED) (V),50,0.65,,
커피_헤이오트 라떼 핫(HOT) (L),80,1.14,,
커피_헤이오트 라떼 핫(HOT) (R),81,1.11,,
커피_헤이즐넛,21,0.17,,
커피_헤이즐넛 다크리카노 아이스(ICED),25,0.17,,
커피_헤이즐넛 다크리카노 핫(HOT),25,0.17,,
커피_헤이즐넛 딥 라떼 아이스(ICED),52,1.35,,
커피_헤이즐넛 딥 라떼 핫(HOT),63,1.86,,
커피_헤이즐넛 라떼,21,1.17,1.06,1.72
커피_헤이즐넛 라떼,46,1.18,,
커피_헤이즐넛 라떼 아이스(ICED),60,1.62,,
커피_헤이즐넛 라떼 아이스(ICED),39,0.98,1.22,5.85
커피_헤이즐넛 라떼 아이스(ICED),48,1.28,,
커피_헤이즐넛 라떼 아이스(ICED),40,1.24,1.24,6.04
커피_헤이즐넛 라떼 아이스(ICED),31,1.36,,
커피_헤이즐넛 라떼 아이스(ICED),61,1.59,,
커피_헤이즐넛 라떼 아이스(ICED) (L),38,1.22,,
커피_헤이즐넛 라떼 아이스(ICED) (L),80,1.82,,
커피_헤이즐넛 라떼 아이스(ICED) (L),33,0.9,,1.6
커피_콜드브루 아이스(ICED),3,1.97,,
커피_헤이즐넛 라떼 아이스(ICED) (M),38,1.2,,
커피_헤이즐넛 라떼 아이스(ICED) (ML),34,0.85,,1.55
커피_헤이즐넛 라떼 아이스(ICED) (R),61,1.6,,
커피_헤이즐넛 라떼 핫(HOT),41,1.54,1.37,5.57
커피_헤이즐넛 라떼 핫(HOT),67,2.11,,
커피_헤이즐넛 라떼 핫(HOT),88,2.49,,
커피_헤이즐넛 라떼 핫(HOT),50,2.17,,
커피_헤이즐넛 라떼 핫(HOT),85,2.54,,
커피_헤이즐넛 라떼 핫(HOT),75,2.58,3.23,9.35
커피_헤이즐넛 라떼 핫(HOT) (L),105,3.33,,
커피_헤이즐넛 라떼 핫(HOT) (L),44,1.52,,
커피_헤이즐넛 라떼 핫(HOT) (M),49,1.71,,
커피_헤이즐넛 라떼 핫(HOT) (ML),44,1.41,,2.39
커피_헤이즐넛 라떼 핫(HOT) (R),95,3.03,,
커피_헤이즐넛 스타벅스 더블 샷,60,1.45,,
커피_헤이즐넛 아메리카노 I’m B 아이스(ICED) (L),13,0.08,,
커피_헤이즐넛 아메리카노 I’m B 아이스(ICED) (M),13,0.05,,
커피_헤이즐넛 아메리카노 I’m B 핫(HOT) (L),12,0.03,,
커피_헤이즐넛 아메리카노 I’m B 핫(HOT) (M),14,0.07,,
커피_헤이즐넛 아메리카노 I’m D 아이스(ICED) (L),13,0.1,,
커피_헤이즐넛 아메리카노 I’m D 아이스(ICED) (M),14,0.05,,
커피_헤이즐넛 아메리카노 I’m D 핫(HOT) (L),12,0.03,,
커피_헤이즐넛 아메리카노 I’m D 핫(HOT) (M),14,0.08,,
커피_헤이즐넛 아메리카노 아이스(ICED),16,0.14,0.03,3.8
커피_헤이즐넛 아메리카노 핫(HOT),14,0.15,0.02,3.32
커피_헤이즐넛 카페 라떼,41,1.11,,
커피_헤이즐넛 카페 라떼 아이스(ICED),43,1.19,,
커피_헤이즐넛 카페 라떼 핫(HOT),129,2.77,,
커피_헤이즐넛 커피 아이스(ICED),36,0.41,,
커피_헤이즐넛 커피 아이스(ICED),35,0.37,,
커피_헤이즐넛 커피 핫(HOT),44,0.47,,
커피_헤이즐넛 커피 핫(HOT),45,0.51,,
커피_헤이즐넛 크림콜드브루 아이스(ICED),40,0.17,,
커피_헤이즐넛딥라떼 아이스(ICED),50,1.33,,
커피_헤이즐넛딥라떼 아이스(ICED) (더벤티),59,1.56,,
커피_헤이즐넛딥라떼 핫(HOT),60,1.83,,
커피_헤이즐넛라떼 아이스(ICED),34,0.86,1.15,4.83
커피_헤이즐넛라떼 핫(HOT),44,1.27,1.69,5.54
커피_헤이즐넛아메리카노,2,0.17,0.01,0.31
커피_헤이즐넛아메리카노 아이스(ICED),16,0.14,,
커피_헤이즐넛아메리카노 아이스(ICED),21,0.03,0.0,5.01
커피_헤이즐넛아메리카노 핫(HOT),27,0.04,0.0,6.51
커피_헤이즐넛아메리카노 핫(HOT),14,0.15,,
커피_헤이즐넛크림콜드브루 아이스(ICED),42,0.33,,
커피_헤이즐넛크림콜드브루 아이스(ICED) (더벤티),49,0.31,,
커피_헥사메리카노 아이스(ICED),1,0.04,0.0,0.2
커피_헥사메리카노 핫(HOT),1,0.06,0.0,0.26
커피_화이트 모카 핫(HOT) (L),115,1.96,,
커피_화이트 모카 핫(HOT) (R),112,2.06,,
커피_화이트 아메리카노 아이스(ICED),26,0.21,,
커피_화이트 아메리카노 아이스(ICED),11,0.49,0.62,0.85
커피_화이트 아메리카노 아이스(ICED) (Grande),19,0.42,,
커피_화이트 아메리카노 아이스(ICED) (Mini Venti),21,0.53,,
커피_화이트 아메리카노 아이스(ICED) (Tall),16,0.28,,
커피_화이트 아메리카노 아이스(ICED) (Venti),22,0.42,,
커피_화이트 아메리카노 핫(HOT),14,0.64,0.8,1.11
커피_화이트 아메리카노 핫(HOT),36,0.42,,
커피_화이트 아메리카노 핫(HOT) (Grande),19,1.88,,
커피_화이트 아메리카노 핫(HOT) (Mini Venti),21,2.11,,
커피_화이트 아메리카노 핫(HOT) (Tall),16,1.67,,
커피_화이트 아메리카노 핫(HOT) (Venti),22,2.08,,
커피_화이트 초콜렛 모카 아이스(ICED),75,1.21,,
커피_화이트 초콜렛 모카 아이스(ICED) (EX),62,1.22,,
커피_화이트 초콜렛 모카 핫(HOT),84,1.85,,
커피_화이트 초콜렛 모카 핫(HOT) (EX),79,2.05,,
커피_화이트 초콜릿 모카 아이스(ICED) (EX),76,1.32,,
커피_화이트 초콜릿 모카 아이스(ICED) (L),68,1.32,,
커피_화이트 초콜릿 모카 아이스(ICED) (Tall),73,1.97,,
커피_화이트 초콜릿 모카 핫(HOT) (EX),90,2.15,,
커피_화이트 초콜릿 모카 핫(HOT) (L),79,1.69,,
커피_화이트 초콜릿 모카 핫(HOT) (Tall),97,3.1,,
커피_화이트모카 아이스(ICED),57,1.06,,
커피_화이트모카 아이스(ICED) (L),91,1.38,,
커피_화이트모카 아이스(ICED) (R),85,1.1,,
커피_화이트모카 핫(HOT),102,2.19,,
커피_화이트초콜릿모카 아이스(ICED),53,1.17,1.75,8.17
커피_화이트초콜릿모카 핫(HOT),86,2.24,3.23,11.82
커피_흑당 아인슈페너 아이스(ICED),89,1.69,,
커피_흑당 아인슈페너 핫(HOT),89,1.69,,
커피_흑당 카페라떼 아이스(ICED),50,1.02,1.35,8.29
커피_흑당 콜드브루,58,1.21,,
커피_흑당 콜드브루 (EX),57,1.32,,
커피_흑당커피 아이스(ICED) (M),50,1.27,,
커피_흑당콜드브루,60,1.21,,
커피_흑당콜드브루 (EX),61,1.38,,
커피_흑임자카페 라떼 아이스(ICED) (L),101,2.33,,
커피_흑임자카페 라떼 아이스(ICED) (Max),91,2.03,,
커피_흑임자카페 라떼 아이스(ICED) (R),86,1.93,,
커피_흑임자카페 라떼 핫(HOT) (L),98,2.75,,
커피_흑임자카페 라떼 핫(HOT) (R),100,2.82,,
케이크_11겹 작은 바움쿠헨,357,5.71,,
케이크_11겹 작은 바움쿠헨 케이크,357,5.71,,
케이크_ITS 스윗콘 케이크,255,5.04,,
케이크_ITS 티라미수 케이크,295,4.17,,
케이크_TWG밀크티파운드 케이크,370,4.35,,
케이크_The 촉촉 초콜릿 생크 림케이크,386,5.83,,
케이크_가나슈초콜릿 케이크 (조각),350,4.44,26.67,41.11
케이크_갸또쇼콜라 케이크,349,4.64,,
케이크_겹겹이크레이프딸기,264,3.69,,
케이크_고구마 케이크 (조각),267,3.33,,
케이크_고구마 케이크 1호,280,3.0,,
케이크_고구마 케이크 3호,263,3.0,,
케이크_고구마건포도롤 케이크,335,8.0,,
케이크_고구마마스카포네티라미수,279,3.83,,
케이크_고구마무스 케이크,244,3.33,,
케이크_고구마밀크생크림 케이크,243,4.45,,
케이크_고구마반생크림반 케이크,220,3.0,12.0,25.0
케이크_고구마스틱 케이크,236,4.44,,
케이크_고구마케이크1호,270,3.87,,
케이크_고구마케이크2호,272,3.76,,
케이크_고구마케이크3호,269,3.69,,
케이크_곰곰이너만생각해 케이크,295,4.0,,
케이크_귀여운 노랑치즈 케이크,398,6.0,,27.5
케이크_그뤼에르치즈무스 케이크,352,4.69,,
케이크_그린티 롤케이크,325,6.67,,
케이크_그린티 롤케이크,306,5.71,,
케이크_글레이즈드 초콜릿 케이크,410,3.75,,
케이크_기분이 초코 생크림,328,4.44,23.33,27.78
케이크_까망베르 밀크치즈 케이크 (홀),318,5.0,,
케이크_까망베르 케이크 (조각),321,5.33,,
케이크_까망베르치즈 케이크 1호,267,5.83,,
케이크_까망베르치즈 케이크 2호,267,5.9,,
케이크_까망쿠키속리얼말차브라우니,438,5.48,,
케이크_까망쿠키치즈(조각),307,4.92,,
케이크_꿀고구마 생크림 케이크,235,3.0,14.0,26.0
케이크_너트 브라우니,449,5.88,25.88,48.24
케이크_노티드 메가 스마일 우유 케이크,308,5.0,16.82,34.32
케이크_녹차바스크치즈 케이크,363,5.26,,
케이크_녹차티라미수 케이크,289,3.96,,
케이크_뉴욕 치즈 케이크,347,4.72,,
케이크_뉴욕 치즈케이크,369,5.56,,
케이크_뉴욕슈치즈 케이크 (조각),374,7.1,,
케이크_뉴욕치즈 케이크,257,4.62,,
케이크_뉴욕치즈 케이크,340,5.4,,
케이크_뉴욕치즈 케이크,317,4.76,,
케이크_뉴욕치즈 케이크 (조각),353,8.0,,
케이크_뉴욕치즈 케이크 케이크 (조각),304,4.9,,
케이크_다크쇼콜라 케이크,413,9.13,,
케이크_다크초코 케이크,375,3.75,,
케이크_다크초콜릿 롤 케이크,242,4.55,,
케이크_다크초콜릿 케이크,375,3.75,15.0,
케이크_다크포레누아 케이크,322,5.22,7.57,
케이크_다크피칸브라우니,470,6.0,,
케이크_달콤 부드러운 호박고구마 케이크,250,3.0,,
케이크_달토끼의 당근 케이크,324,4.3,,
케이크_당 충전100 쇼콜라 케이크,704,10.0,,
케이크_당근 치즈 케이크,317,4.64,,
케이크_당근 치즈 케이크,372,4.62,,
케이크_당근 케이크 (조각),324,4.2,,
케이크_당근 케이크 (조각),588,6.0,,
케이크_당근 케이크 (홀),453,5.0,,
케이크_당근 크림치즈 케이크,360,4.0,,
케이크_당근 현무암 케이크,290,3.81,,
케이크_당근당근 케이크,315,7.0,,
케이크_당근치즈브라우니,370,5.56,,
케이크_더 진한 캐롯 케이크 (조각),338,4.62,,
케이크_더 진한 캐롯 케이크 (홀),370,3.97,,
케이크_더블베리숲 치즈 케이크,378,6.96,,
케이크_더블치즈 케이크,311,7.78,,
케이크_더블퍼지 케이크,445,4.76,,
케이크_더스퀘어 고구마 케이크,210,4.0,,
케이크_더스퀘어 딸기요거트 케이크,206,2.5,,
케이크_더스퀘어 딸기우유생크림 케이크,183,2.0,,
케이크_더스퀘어 딸기초코생크림 케이크,271,2.86,,
케이크_더스퀘어 라떼아트 케이크,363,4.17,,
케이크_더스퀘어 순수(秀)우유 케이크,300,4.55,,
케이크_데블스 초코 케이크,426,5.0,,
케이크_돌체티라미수 케이크,274,4.62,,
케이크_듀얼 치즈 케이크,330,7.06,,
케이크_듬뿍생딸기생크림 케이크 (12CM),265,3.0,18.0,24.0
케이크_듬뿍생딸기생크림 케이크 (15CM),265,3.0,17.0,25.0
케이크_딸기 블라썸 케이크,280,3.0,18.0,19.0
케이크_딸기 생크림 케이크,306,3.75,,
케이크_딸기 치즈케이크 쏘스윗박스,269,4.72,,
케이크_딸기 쿠키앤크림 크레이프,296,4.3,,
케이크_딸기 크레이프 케이크,223,2.86,,
케이크_딸기 포레누아 사각 케이크,275,3.57,,
케이크_딸기&치즈 케이크 (조각),275,4.0,18.0,25.0
케이크_딸기는 파티 중,217,4.14,,
케이크_딸기모찌 롤케이크,309,1.82,,
케이크_딸기몽마르뜨케이크1호,273,4.28,,
케이크_딸기생크림 케이크 (조각),261,3.42,,
케이크_딸기생크림 케이크 1호,245,2.95,,
케이크_딸기생크림 케이크 2호,240,2.73,,
케이크_딸기생크림카스테라,342,6.0,,
케이크_딸기소보로컵 케이크,337,2.41,,
케이크_딸기쉬폰 케이크,348,5.0,,
케이크_딸기와우유 생크림 1호,283,4.61,,
케이크_딸기와우유 생크림 2호,278,4.46,,
케이크_딸기와우유 생크림 3호,278,4.32,,
케이크_딸기와우유생크림1호,287,4.61,,
케이크_딸기와우유생크림2호,280,4.46,,
케이크_딸기와우유생크림3호,286,4.43,,
케이크_딸기요거생크림 케이크,237,2.9,,
케이크_딸기요거생크림 케이크 (조각),237,2.63,,
케이크_딸기우유생크림 케이크 (조각),275,3.33,,
케이크_딸기크레이프 케이크,239,4.8,,
케이크_딸기티라미수 케이크,265,1.77,,
케이크_딸기포레누아 케이크,311,4.38,,33.13
케이크_떠먹는 마스카포네 티라미수 케이크,301,4.44,,27.41
케이크_떠먹는 스트로베리 초코크런치 케이크,305,4.44,,35.56
케이크_떠먹는 유자 티라미수 케이크,274,3.5,,
케이크_떠먹는 제로 티라미수,288,5.04,,
케이크_떠먹는 커피쿠키 케이크,340,3.96,,
케이크_떠먹는 쿠키앤크림 케이크,271,2.97,,
케이크_떠먹는 티라미수,263,2.67,,
케이크_떠먹는 티라미수 케이크,262,3.23,,
케이크_떠먹는 티라미수 케이크,263,2.67,,
케이크_떠먹는 티라미수 케이크,314,4.26,,
케이크_떠먹는고구마밀크생크림 케이크,250,4.4,,
케이크_떠먹는딸기레어치즈 케이크,279,4.29,,
케이크_떠먹는블루베리요거트생크림 케이크,265,3.24,,
케이크_떠먹는스트로베리초콜릿생크림 케이크,289,3.76,,
케이크_떠먹는아이스박스 케이크,339,3.68,,
케이크_떠먹는티라미수 케이크,299,4.86,,
케이크_떠먹는티라미수 케이크,319,6.6,,
케이크_뚜레쥬르올스타케이크,274,4.56,,
케이크_라운드 쇼콜라 케이크,340,5.59,,
케이크_라즈베리 쇼콜라 케이크,428,4.8,,
케이크_러블리블랙포레스트케이크,323,4.31,,
케이크_러블리생크림케이크,273,3.2,,
케이크_레드벨벳 요거트 롤케이크,323,5.78,,
케이크_레드벨벳 케이크,422,6.21,,
케이크_레드벨벳 케이크,274,2.64,,
케이크_레드벨벳 케이크,418,4.1,,
케이크_레드벨벳 케이크,303,5.0,,
케이크_레드벨벳 케이크,305,4.76,,
케이크_레드벨벳 케이크 (조각),379,4.26,,
케이크_레드벨벳 케이크 (조각),278,2.61,,
케이크_레드벨벳 케이크 (홀),394,5.0,,
케이크_레드벨벳 케이크 (홀),379,3.91,,
케이크_레드벨벳 크림치즈 케이크,408,3.2,,
케이크_레드벨벳크림치즈 케이크 (조각),437,4.3,,
케이크_레몬 마스카포네 케이크,225,4.17,,
케이크_레몬 슈가 파운드 케이크,431,5.6,21.6,54.4
케이크_레몬 케이크,356,5.79,,
케이크_레몬 파운드 케이크,404,4.0,,
케이크_레몬치즈 케이크 (조각),375,6.88,,
케이크_레몬케이크,360,4.0,,
케이크_레몬티케이크,417,3.33,,
케이크_레이어 초코 케이크,364,4.35,,
케이크_레인보우 케이크 (조각),316,4.6,,
케이크_롤케이크,312,7.36,11.83,44.01
케이크_리모네 케이크 (조각),303,3.36,,
케이크_리모네 케이크 (홀),290,3.0,,
케이크_리얼 다크 타르트 (조각),429,5.83,,
케이크_리얼 카라멜 치즈 케이크 (조각),555,8.0,,
케이크_리얼브라우니,421,5.71,,
케이크_리얼생크림 케이크 2호,250,3.13,,
케이크_리얼치즈브라우니,385,6.15,,
케이크_리치 가나슈 With 젤라또 (조각),345,4.87,,
케이크_리치 가나슈 케이크,333,6.06,,
케이크_마스카포네 생크림 믹스드베리 케이크,233,2.53,,
케이크_마스카포네 티라미수,270,4.0,22.0,23.0
케이크_마스카포네 티라미수 케이크,280,4.71,,
케이크_마스카포네 티라미수 케이크,315,5.38,,
케이크_마스카포네 티라미수 케이크,224,4.95,,
케이크_마스카포네생크림 케이크 자몽/오렌지,231,1.94,,
케이크_마스카포네티라미수,302,4.14,,
케이크_마스카포네티라미수,301,6.67,,
케이크_마스카포네티라미수 케이크,286,5.51,,
케이크_마이넘버원,280,4.0,19.0,24.0
케이크_마이투썸하트 케이크,299,4.82,,
케이크_마카롱 케이크,336,5.1,,
케이크_말렌카 케이크 월넛,394,6.5,20.0,47.0
케이크_말렌카 케이크 코코아,408,6.7,21.0,48.0
케이크_말렌카 케이크 코코아,408,6.7,21.0,48.0
케이크_말렌카 케이크 호두,394,6.5,20.0,47.0
케이크_말차 갸또 케이크,368,5.52,,
케이크_말차갸또 케이크,398,5.0,,45.0
케이크_말차에퐁당딸기케이크,254,3.69,,
케이크_맛있는 롤케이크,351,5.56,,
케이크_맛있는딸기 롤케이크,341,5.56,,
케이크_맛있는초코 롤케이크,356,6.67,,
케이크_망고 크레이프 볼,246,3.85,17.69,20.0
케이크_망고요거생크림케이크,200,3.06,,
케이크_멘지락 쑥팥 생크림 케이크,295,5.0,,
케이크_모어댄쿠키앤크림 케이크 1호,243,1.7,,
케이크_모카케이크 2호,426,4.0,,
케이크_몽쉘 케이크,380,4.95,19.8,44.56
케이크_무화과파운드,421,5.1,21.1,52.7
케이크_미니 딸기 트리 케이크 (조각),183,2.15,,
케이크_미니소프트 딸기치즈 케이크,330,5.0,,
케이크_미니소프트 바나나치즈 케이크,325,5.0,,
케이크_미니쌀보리찜 케이크,300,5.0,,
케이크_미니쌀쑥찜 케이크,280,4.44,,
케이크_미니쌀옥수수찜 케이크,269,4.44,,
케이크_믹스드베리초콜릿생크림 케이크,248,3.94,,
케이크_민트초코티라미수 케이크,362,3.53,,
케이크_밀크 크레이프 케이크,225,3.0,,
케이크_밀크 크레이프 케이크,225,3.0,,
케이크_밀크레이프 케이크,288,7.9,,
케이크_밀크레이프 케이크,288,7.88,,
케이크_밀크생크림초콜릿수플레 케이크,288,4.96,,
케이크_밀크생크림초콜릿수플레 케이크 (조각),295,4.55,,
케이크_밀크티갸또 케이크,378,5.0,,50.0
케이크_밀키프로마쥬무스 딸기 케이크 (조각),300,5.16,,
케이크_밀키프로마쥬무스 케이크 딸기,267,4.68,,
케이크_밀키프로마쥬무스 케이크 믹스드베리,274,4.67,,
케이크_밀키프로마쥬무스 케이크 청포도,261,4.48,,
케이크_밀키프로마쥬무스 케이크 체리,277,4.8,,
케이크_바스크 치즈 케이크,352,5.3,,
케이크_바스크 치즈 케이크,353,7.5,,
케이크_바스크 치즈 케이크,362,5.39,24.55,29.94
케이크_바스크 치즈 케이크,330,5.36,25.0,21.43
케이크_바스크 치즈 케이크,343,6.0,,
케이크_바스크치즈 케이크,337,5.5,27.0,18.5
케이크_바스크치즈 케이크,119,2.0,,
케이크_바스크치즈 케이크,328,8.0,,
케이크_반)고구마반생크림반케이크,220,3.0,,
케이크_밤이통통케이크,322,4.38,,
케이크_백년초콜릿 크런치 케이크,475,3.33,,
케이크_버터파운드 케이크,426,5.0,,
케이크_번트 치즈 케이크,413,5.5,,
케이크_번트치즈 케이크,312,5.5,,30.0
케이크_베리베리 딸기 요거트 케이크,255,3.57,,
케이크_베리치즈브라우니,420,6.0,,
케이크_벨지안가나슈 케이크 (조각),527,6.71,,
케이크_벨지안멜팅가니슈 케이크,372,4.37,,
케이크_보랏빛 블루베리 쉬폰,265,3.0,16.0,29.0
케이크_봄이쑥절미생크림 케이크,288,5.1,,
케이크_부드러운 백설기찜 케이크,259,5.0,,
케이크_부드러운 쑥찜 케이크,267,5.0,,
케이크_부드러운 쿠키 앤 크림 케이크,212,4.26,,
케이크_부드러운 티라미수 롤케이크,328,5.93,,
케이크_부드러운고구마라떼케이크,281,4.45,,
케이크_부드러운그린티쉬폰 케이크 2호,305,3.86,,
케이크_부드러운블루베리쉬폰,315,3.61,,
케이크_부드러운블루베리쉬폰 케이크 2호,302,3.75,,
케이크_부드러운블루베리쉬폰2호,301,3.69,,
케이크_부드러운초코가나슈케이크,345,4.6,,
케이크_부드러운초코쉬폰2호,329,4.39,,
케이크_브라우니,496,8.3,33.9,39.5
케이크_브라우니,73,5.46,,
케이크_브라우니,488,10.0,,
케이크_브라우니,520,7.5,,
케이크_블라썸그릭요거트무스 케이크,268,3.86,,
케이크_블랙 롤케이크,365,5.77,,
케이크_블랙쿠키 치즈 케이크 (조각),336,5.45,,
케이크_블랙쿠키 치즈 케이크 (홀),335,5.94,,
케이크_블랙쿠키 케이크,304,4.12,,
케이크_블랙포레스트 케이크 (조각),311,4.44,22.22,25.56
케이크_블레싱 레드베리 미니 케이크,203,3.53,,
케이크_블레싱 초코베리 미니 케이크,226,4.12,,
케이크_블레싱레드베리 (4단),200,3.0,13.0,18.0
케이크_블레싱레드베리 케이크,195,4.0,,
케이크_블레싱초코베리 케이크,240,4.0,16.0,19.0
케이크_블루베리 롤케이크,321,6.0,,
케이크_블루베리 요거트 케이크,261,2.22,,
케이크_블루베리 요거트 케이크,261,2.22,,
케이크_블루베리 요거트 케이크(조각),272,4.44,,
케이크_블루베리 치즈 스틱 케이크,344,6.67,,
케이크_블루베리 케이크,604,11.25,,
케이크_블루베리 쿠키 치즈 케이크,390,4.0,,
케이크_블루베리 쿠키 치즈 케이크 (조각),379,5.0,,
케이크_블루베리 크레이프 케이크,225,2.86,,
케이크_블루베리 크림치즈 케이크,281,4.65,,
케이크_블루베리쉬폰 케이크,348,5.0,,
케이크_블루베리쉬폰 케이크,236,3.11,,
케이크_블루베리스틱 케이크,271,6.67,,
케이크_블루베리요거트 케이크,295,4.0,21.0,23.0
케이크_블루베리요거트팡도르,376,3.78,,
케이크_블루베리크로넛,382,7.2,21.6,39.7
케이크_빅토리아 케이크,419,4.6,24.9,44.2
케이크_쁘띠 까망베르 치즈 케이크,305,6.0,,
케이크_쁘띠딸기생크림케이크,246,4.23,,
케이크_쁘띠베리쇼콜라갸또,331,3.82,,
케이크_쁘띠복숭아 케이크,252,4.2,,
케이크_쁘띠복숭아케이크,259,6.29,,
케이크_쁘띠자몽생크림케이크,252,4.76,,
케이크_쁘띠티라미수,309,5.34,,
케이크_쁘띠한라봉&오렌지케이크,248,4.14,,
케이크_사르르 연유수플레,325,5.0,20.0,30.0
케이크_사르르고구마케이크빵,311,5.65,,
케이크_사르르티라미수생크림쉬폰,295,3.76,,
케이크_산딸기크로넛,390,7.0,22.9,38.6
케이크_상큼한 블루베리쉬폰,280,3.0,17.0,29.0
케이크_상큼한 유자 케이크,324,3.48,,32.17
케이크_새코롬 돌코롬 한라봉 케이크,317,5.0,,
케이크_새콤달콤후르츠파운드 케이크,360,4.64,,
케이크_생딸기 레어치즈 타르트 (조각),275,4.17,18.33,22.5
케이크_생딸기 프레지에,280,4.0,20.0,21.0
케이크_생딸기요거트 케이크,265,4.0,17.0,25.0
케이크_생딸기치즈 케이크,250,3.0,18.0,18.0
케이크_생초코초코케이크,348,5.03,,
케이크_생크림 롤케이크,296,4.29,,
케이크_생크림 롤케이크,338,6.67,,
케이크_생크림 롤케이크 플레인,308,4.7,,
케이크_생크림 카스텔라 케이크,303,5.58,4.58,
케이크_생크림 케이크 1호A,262,3.2,,
케이크_생크림 케이크 1호B,292,4.57,,
케이크_생크림 케이크 2호A,278,4.45,,
케이크_생크림 케이크 2호B,288,4.49,,
케이크_생크림 케이크 3호A,279,4.32,,
케이크_생크림 케이크 3호B,289,4.5,,
케이크_생크림 케이크 4호A,264,4.32,,
케이크_생크림 케이크 4호B,262,3.94,,
케이크_생크림 케이크 5호A,251,3.78,,
케이크_생크림 케이크 5호B,261,3.93,,
케이크_생크림 케이크 6호A,256,3.91,,
케이크_생크림 케이크 6호B,252,3.9,,
케이크_생크림바스크치즈 케이크,311,5.08,,
케이크_생크림소프트쉬폰 케이크,378,21.95,,
케이크_생크림케이크,237,3.45,12.54,27.62
케이크_샤이닝생크림케이크2호,283,4.14,,
케이크_설향 딸기 미니 케이크,211,2.26,,
케이크_세븐 레이어 가나슈 케이크,433,6.0,,
케이크_세븐 레이어 가나슈 케이크 (조각),413,5.0,,
케이크_세븐컬러스 조각 케이크,320,5.0,22.0,27.0
케이크_소프트쁘띠파운드 케이크 (10입),461,6.0,,
케이크_쇼콜라 그라데이션 케이크,349,5.22,,31.3
케이크_쇼콜라 로쉐 케이크,338,3.0,,
케이크_쇼콜라 롤케이크,330,3.0,,
케이크_쇼콜라 케이크,355,4.7,,
케이크_쇼콜라 케이크,397,9.47,,
케이크_쇼콜라 크레이프 케이크,338,3.0,,
케이크_쇼콜라가나슈생크림 케이크,351,4.2,,
케이크_쇼콜라갸또(조각),341,3.66,,
케이크_쇼콜라생크림(조각),363,5.26,,
케이크_쇼콜라하트케이크,395,4.36,,
케이크_수플레 치즈 케이크,369,6.35,,
케이크_수플레 치즈 케이크,336,7.27,,
케이크_수플레 치즈 케이크,290,7.06,,
케이크_수플레 치즈 케이크,282,5.88,,
케이크_수플레 치즈 케이크 (조각),313,5.49,,
케이크_수플레 치즈 케이크 (홀),315,5.99,,
케이크_수플레 치즈케이크,369,6.35,,
케이크_수플레치즈 케이크,359,7.06,15.29,
케이크_수플레치즈 케이크,274,5.88,,
케이크_순 우유 화이트 롤 케이크,310,6.09,,
케이크_순 우유&초코 하프앤 하프 롤 케이크,361,5.63,,
케이크_순매직딸기 케이크,251,2.35,,
케이크_순매직베리 케이크,292,3.47,,
커피_카페 라떼 핫(HOT) (L),38,1.88,,
케이크_순수 우유 케이크 (조각),433,6.0,,
케이크_순수우유 카스테라 케이크,386,11.0,,
케이크_순수우유 케이크,266,6.0,,
케이크_순우유 허니 케이크,310,5.14,,
케이크_순우유딸기무스 케이크,254,3.88,,
케이크_쉬폰에반하다 케이크 딸기,339,5.0,,
케이크_쉬폰에반하다 케이크 블루베리,309,4.0,,
케이크_쉬폰에반하다 케이크 초코,348,5.0,,
케이크_쉬폰에반하다 케이크 화이트,339,4.0,,
케이크_슈크림 가득 바움쿠헨 케이크,330,4.09,,
케이크_스노우화이트치즈 케이크,350,7.0,,
케이크_스모키 번트 치즈 케이크,341,5.71,,24.29
케이크_스위트 녹차 쌀롤,308,4.62,,
케이크_스위트 쌀 롤,308,6.15,,
케이크_스위트 쌀롤,292,4.62,,
케이크_스위트 초코롤,308,4.62,,
케이크_스위트 초코쌀 롤,305,7.69,,
케이크_스윗밀크 롤 케이크,232,5.26,,
케이크_스윗베리생크림케이크1호,269,4.13,,
케이크_스윗베리생크림케이크2호,277,4.42,,
케이크_스윗베리생크림케이크3호,275,4.28,,
케이크_스윗크레이프 케이크,266,4.0,,
케이크_스트로베리 굿굿 생크림,281,3.75,18.75,25.0
케이크_스트로베리 바닐라스푼 케이크,313,4.0,,34.86
케이크_스트로베리 서프라이즈 케이크,275,3.0,,
케이크_스트로베리 요거트 케이크,292,4.44,,36.67
케이크_스트로베리 크레이프 케이크,250,5.0,,
케이크_스트로베리리치생크림 케이크,263,2.98,,
케이크_스트로베리리치생크림케이크,263,2.98,,
케이크_스트로베리마스카포네티라미수,269,3.47,,
케이크_스트로베리마스카포네티라미수 케이크,271,3.63,,
케이크_스트로베리블라썸생크림케이크,243,3.15,,
케이크_스트로베리서프라이즈 케이크,275,3.0,19.0,22.0
케이크_스트로베리쇼콜라갸또,269,3.5,,
케이크_스트로베리쇼콜라갸또케이크,270,3.49,,
케이크_스트로베리초코 케이크,312,4.38,10.05,
케이크_스트로베리초콜릿생크림 케이크,215,3.58,,
케이크_스트로베리퀸케이크,217,3.56,,
케이크_스트로베리포레누아 케이크,311,4.19,8.75,
케이크_스틱 치즈 케이크,320,8.0,18.0,30.0
케이크_스틱 케이크 레드벨벳,397,5.26,,
케이크_스틱 케이크 초콜릿,529,5.26,,
케이크_시그니처 듀얼 케이크,371,6.59,,
케이크_시그니처 생딸기 우유생크림케이크,265,3.0,,
케이크_시나몬크로넛,397,8.0,19.8,46.8
케이크_시카고치즈 케이크 2호,372,8.3,,
케이크_시카도치즈 케이크 3호,372,8.33,,
케이크_실키 롤케이크,339,6.0,,
케이크_아메리칸 치즈 케이크,373,6.16,,
케이크_애플 시나몬 치즈 케이크,316,4.0,,
케이크_얼그레이 갸또 케이크,372,4.44,,
케이크_얼그레이 밀크티 케이크 (조각),330,4.0,,
케이크_얼그레이 밀크티 케이크 (홀),340,3.89,,
케이크_얼그레이 샌드케이크,338,4.62,,
케이크_얼그레이 생크림 케이크,371,5.56,,
케이크_얼그레이 쉬폰 케이크,301,3.61,,
케이크_얼그레이 케이크 (조각),389,5.1,,
케이크_얼그레이쇼콜라타르트 케이크,386,4.9,,
케이크_얼그레이티라미수 케이크,314,4.0,,
케이크_얼그레이화이트타르트 케이크,394,4.9,,
케이크_오 마이 초코 케이크 (조각),279,4.35,,
케이크_오 마이 초코 케이크 (홀),190,2.95,,
케이크_오레오 사각 케이크,338,5.88,,
케이크_오레오 크림치즈 케이크,304,3.64,,
케이크_오레오티라미수 케이크,305,3.96,,
케이크_오렌지쇼콜라파운드 케이크,358,4.55,,
케이크_오리지널 티라미수 케이크,307,6.04,,
케이크_오리지널 티라미수 케이크 (홀),297,3.96,,
케이크_오리지널티라미수,298,3.2,,
케이크_오색 치즈 크림 케이크,317,3.96,,
케이크_오해피복숭아 케이크,287,4.55,,
케이크_오해피복숭아케이크,268,7.92,,
케이크_오해피한라봉&오렌지케이크,257,3.6,,
케이크_요거생크림 케이크 1호,216,2.96,,
케이크_요거생크림 케이크 2호,199,2.93,,
케이크_요거생크림 케이크 3호,214,3.09,,
케이크_요거하트 케이크,250,3.78,,
케이크_용감한쿠키카라멜마스카포네생크림 케이크,333,4.03,,
케이크_우리당근 케이크 (미니),364,4.0,,
케이크_우리쌀 막걸리로 만든 강낭콩참쑥빵,211,4.85,0.55,46.67
케이크_우리쌀 막걸리로 만든 우리 오미자빵,214,4.85,0.61,47.27
케이크_우리쌀베리무스 케이크,256,4.19,,
케이크_우유 고구마케이크,312,5.22,,28.7
케이크_우유 생크림 케이크,310,3.75,,
케이크_우유 생크림케이크딸기 1호 A타입,270,4.0,,
케이크_우유 생크림케이크딸기 1호 B타입,275,4.0,,
케이크_우유가득생크림 케이크 1호,250,3.0,17.0,21.0
케이크_우유가득생크림 케이크 2호,250,4.0,17.0,21.0
케이크_우유가득생크림케이크 1호,275,3.0,,
케이크_우유가득생크림케이크 2호,275,3.0,,
케이크_우유듬뿍생크림 케이크(블라썸) 1호,260,4.0,18.0,20.0
케이크_우유듬뿍생크림 케이크(블라썸) 2호,255,4.0,17.0,21.0
케이크_우유듬뿍생크림 케이크(블라썸) 3호,265,4.0,18.0,21.0
케이크_우유듬뿍생크림 케이크(선샤인) 1호,260,3.0,18.0,21.0
케이크_우유듬뿍생크림 케이크(선샤인) 2호,260,4.0,18.0,21.0
케이크_우유듬뿍생크림 케이크(선샤인) 3호,265,4.0,18.0,22.0
케이크_우유듬뿍생크림 케이크(선샤인) 6호,270,4.0,19.0,21.0
케이크_우유치즈 케이크,274,6.32,,
케이크_우유퐁당생크림 케이크 1호,270,4.0,19.0,23.0
케이크_우유퐁당생크림 케이크 2호,275,4.0,19.0,24.0
케이크_우유퐁당생크림케이크 1호,260,3.0,,
케이크_우유퐁당생크림케이크 2호,270,4.0,,
케이크_윈터 티라미수 케이크,326,4.47,,
케이크_유메이크리스마일(바닐라초콜릿카라멜무스) 케이크,283,4.39,,
케이크_유메이크미스마일(바닐라초콜릿카라멜무스) 케이크 (조각),298,4.65,,
케이크_유자 파운드 케이크,375,4.69,,
케이크_이디야 티라미수 케이크,130,2.0,,
케이크_인절미 케이크,442,8.44,,
케이크_인절미브라우니,450,7.14,,
케이크_인절미티라미수 케이크,265,5.21,,
케이크_장미요거생크림 케이크 1호,284,4.35,,
케이크_저당 초코 생크림 케이크,263,5.97,11.94,32.84
케이크_저당그릭요거트케이크,245,4.0,,
케이크_제주 녹차 생크림 롤케이크,332,5.45,,
케이크_제주 땅콩 생크림 롤케이크,345,4.85,,
케이크_젤라또 브라우니,340,3.89,,
케이크_진한 마스카포네 티라미스 케이크,299,4.83,,
케이크_진한우유생크림 케이크 1호,175,3.08,,
케이크_진한우유생크림 케이크 2호,123,2.74,,
케이크_진한우유생크림케이크1호,250,3.08,,
케이크_진한우유생크림케이크2호,249,3.04,,
케이크_진한우유퐁당바닐라케이크,266,5.67,,
케이크_진한초코퍼지 케이크,415,5.0,,
케이크_진한치즈 케이크 2호,344,7.0,,
케이크_진한크림치즈 가득 클래식 치즈 케이크,325,7.0,22.0,26.0
케이크_쫀득제주말차브라우니,440,7.14,,
케이크_쫀득카카오브라우니,440,4.76,,
케이크_청담스타 얼 그레이 밀크 케이크,310,4.0,,
케이크_청담스타 오 허니 케이크,348,5.0,,
케이크_청순 밀크 샌드 케이크,311,4.44,,
케이크_초코 글레이즈 케이크 (홀),315,4.06,,
케이크_초코 롤케이크,291,4.29,,
케이크_초코 블라썸 케이크,325,4.0,23.0,28.0
케이크_초코 생크림 케이크,346,4.29,,
케이크_초코 스틱 케이크,357,5.71,,
케이크_초코 치즈 스틱 케이크,442,4.44,,
케이크_초코 케이크 (조각),376,5.88,,
케이크_초코 티라미수 케이크,358,5.26,,
케이크_초코골드레이어,300,4.4,,
케이크_초코모찌 롤케이크,290,4.55,,
케이크_초코무스 케이크,320,3.53,,
케이크_초코무스 케이크,373,6.24,,
케이크_초코무스 케이크,348,6.78,,
케이크_초코무스케이크,348,6.78,,
케이크_초코미니 롤,318,6.0,,
케이크_초코바닐라 마블쉬폰,315,4.0,20.0,30.0
케이크_초코바스크치즈 케이크,363,5.26,,
케이크_초코반 딸기반,290,4.0,20.0,25.0
케이크_초코생크림 케이크 1호,287,4.14,,
케이크_초코생크림 케이크 2호,294,4.45,,
케이크_초코생크림 케이크 3호,302,4.77,,
케이크_초코생크림뉴욕롤,436,5.81,25.58,43.02
케이크_초코생크림케이크1호,273,4.14,,
케이크_초코생크림케이크2호,275,4.2,,
케이크_초코생크림케이크3호,285,4.49,,
케이크_초코쉬폰 케이크,320,4.71,,
케이크_초코스틱 케이크,324,6.67,,
케이크_초코코팅 케이크 2호,434,5.0,,
케이크_초코크런치생크림 케이크 1호,319,5.0,,
케이크_초코크레이프 케이크,355,7.4,,
케이크_초코크로넛,409,8.0,22.5,43.6
케이크_초코티라미수 케이크,322,4.71,,
케이크_초코파운드 케이크,419,5.0,,
케이크_초콜릿 칩 브라우니,458,4.94,28.4,71.61
케이크_초콜릿듬뿍이파운드 케이크,443,5.53,,
케이크_초콜릿머드 케이크 (조각),419,2.9,,
케이크_초콜릿무스 케이크,370,4.75,,
케이크_초콜릿케이크,420,5.31,24.96,43.6
케이크_촉촉한 클래식 치즈케이크,305,6.0,,
케이크_촉촉한미니치즈 케이크,360,7.5,,
케이크_쵸코 무스 케이크,311,3.53,,
케이크_쵸코 티라미수 케이크,319,4.71,,
케이크_치즈 스틱 케이크,296,8.0,,
케이크_치즈 스틱케이크,522,4.44,33.33,48.89
케이크_치즈 케이크,334,6.0,23.0,25.0
케이크_치즈 케이크,532,4.29,,
케이크_치즈 케이크,359,7.06,,
케이크_치즈무스 케이크,363,8.75,,
케이크_치즈스틱 케이크,236,4.44,,
케이크_치즈케이크,329,7.23,20.63,28.64
케이크_치즈타르트바움쿠헨 케이크,376,7.4,,
케이크_카라멜부케케이크,373,3.5,,
케이크_카라멜크레이프 케이크,277,6.7,,
케이크_카사타 요거트 블루베리 케이크 (조각),280,2.95,,
케이크_카사타 카푸치노 케이크 (조각),325,5.22,,
케이크_칸탈로프 케이크 (조각),291,3.52,,
케이크_칸탈로프 케이크 (홀),291,3.04,,
케이크_캐롯 케이크,283,5.5,7.5,
케이크_케이크속에순우유 케이크,334,5.51,,
케이크_케이크속에순우유 케이크 (조각),289,4.23,,
케이크_콩티라미수 케이크,296,8.33,,
케이크_콰트로 치즈 파운드 케이크,406,6.25,,
케이크_쿠키 앤 크림 스틱 치즈 케이크,350,8.0,20.0,34.0
케이크_쿠키 앤 크림 케이크,352,6.09,,
케이크_쿠키바닐라생크림케이크,321,4.69,,
케이크_쿠키앤크림 아이스박스 케이크,395,2.63,,25.79
케이크_쿠키앤크림 케이크,336,2.48,,
케이크_쿠키앤크림 케이크 쏘스윗박스,292,2.96,,
케이크_쿠키앤크림 케이크 쏘스윗박스 파티팩,295,2.99,,
케이크_쿨내진동 민트초코 케이크,385,4.0,,
케이크_퀀즈캐롯 케이크,318,4.47,,
케이크_퀀즈캐롯 케이크 (조각),321,3.91,,
케이크_크런치 다크 초코 롤 케이크,403,6.07,,
케이크_크런치 쿠키 마스카포네 케이크,372,5.45,,
케이크_크레이프 에멘탈 치즈 케이크,330,5.0,,
케이크_크림치즈 브리오슈 보스톡 케이크,404,5.6,,
케이크_클라우드 치즈 케이크,443,6.67,,
케이크_클래식 고구마 케이크,315,4.0,17.0,38.0
케이크_클래식 쇼콜라 케이크,436,5.75,,
케이크_클래식 치즈 케이크 (조각),306,6.67,20.0,24.44
케이크_클래식가토쇼콜라 케이크,315,4.46,,
케이크_클래식가토쇼콜라 케이크 (조각),317,4.0,,
케이크_클래식롤,338,7.5,,55.0
케이크_클래식쇼콜라,429,7.7,24.5,44.3
케이크_클래식오브치즈 케이크,289,5.87,,
케이크_클래식오브치즈 케이크 (조각),294,5.88,,
케이크_클래식오브치즈케이크(조각),300,5.88,,
케이크_클래식오브치즈케이크3호,289,6.0,,
케이크_투썸얼그레이밀크티쉬폰 케이크,336,5.55,,
케이크_투썸얼그레이밀크티쉬폰 케이크 (조각),341,5.31,,
케이크_트리플 베리 생크림 라운드 케이크,247,3.03,,
케이크_트리플 베리 생크림 케이크,258,3.85,,
케이크_트리플 베리 요거트 케이크,280,4.0,,
케이크_트리플 베리 치즈 스윗박스 케이크,263,3.23,,
케이크_트리플 초코 라운드 케이크,277,5.24,,
케이크_트리플 초코 케이크,304,9.9,,
케이크_트리플베리생크림 케이크,229,3.07,,
케이크_트리플베리생크림 케이크 (조각),238,3.17,,
케이크_트리플쇼콜라무스 케이크,248,4.28,,
케이크_트리플쇼콜라무스 케이크 (조각),252,4.07,,
케이크_티라미수,295,5.0,18.7,26.6
케이크_티라미수,326,4.46,,
케이크_티라미수 롤 케이크,361,4.17,,
케이크_티라미수 스틱 케이크,267,6.67,,
케이크_티라미수 스푼 케이크,301,5.06,,26.58
케이크_티라미수 케이크,291,5.29,,
케이크_티라미수 케이크,301,6.67,,
케이크_티라미수 케이크,321,6.25,10.0,
케이크_티라미수 케이크,363,6.25,,
케이크_티라미수 케이크,321,5.88,,
케이크_티라미수 케이크,307,5.0,,
케이크_티라미수 케이크,351,6.31,,
케이크_티라미수 케이크 쏘스윗박스,284,5.26,,
케이크_티라미수 케이크 쏘스윗박스 파티팩,280,5.3,,
케이크_티라미수컵 케이크,330,3.92,,
케이크_티라미수케이크,321,5.88,,
케이크_티라미수크레이프 케이크,304,7.8,,
케이크_티라미슈 케이크,290,5.06,,
케이크_티라미스 케이크 (조각),334,7.5,,
케이크_티아라 딸기 생크림 케이크,259,3.0,,
케이크_파베쇼콜라 케이크,259,5.45,,22.73
케이크_파티생크림 케이크 5호A,261,3.82,,
케이크_파티생크림 케이크 5호B,260,4.17,,
케이크_파티팩고구마밀크생크림 케이크,246,4.52,,
케이크_파티팩딸기레어치즈 케이크,283,4.64,,
케이크_파티팩블루베리요거트생크림 케이크,265,3.6,,
케이크_파티팩스트로베리초콜릿생크림 케이크,287,3.83,,
케이크_파티팩아이스박스 케이크,339,4.13,,
케이크_파티팩티라미수 케이크,299,4.86,,
케이크_패밀리생크림 케이크 4호A,275,4.36,,
케이크_패밀리생크림 케이크 4호B,272,3.96,,
케이크_페스티벌생크림 케이크 6호A,256,3.91,,
케이크_페스티벌생크림 케이크 6호B,263,4.0,,
케이크_퐁당리얼쇼콜라,420,4.55,,
케이크_퐁당쇼콜라바움쿠헨 케이크,450,6.9,,
케이크_푸딩크림샌드,281,5.06,,
케이크_프렌치 블루베리 치즈 케이크 (조각),588,8.0,,
케이크_플라워베리생크림 케이크 1호,291,4.78,,
케이크_플라워베리생크림 케이크 2호,421,6.67,,
케이크_플라워베리생크림 케이크 3호,288,4.39,,
케이크_플라워베리생크림케이크1호,292,4.78,,
케이크_플라워베리생크림케이크2호,288,4.5,,
케이크_플라워베리생크림케이크3호,288,4.39,,
케이크_플레인 저당 그릭요거트 미니케이크,269,10.77,,
케이크_플레인 저당 그릭요거트 컵케이크,267,5.33,,
케이크_플레인 저당 그릭요거트 케이크,280,5.0,,
케이크_플레인 치즈 스틱 케이크,356,6.67,,
케이크_플레인 치즈 스틱케이크,369,6.67,,
케이크_플레인바스크치즈 케이크,353,5.26,,
케이크_피넛 크림 바나나 케이크,396,4.17,,
케이크_피스타치오티케이크,609,9.38,,
케이크_피치퀸케이크,199,3.07,,
케이크_필라델피아 치즈 케이크,340,6.6,,
케이크_필라델피아치즈 케이크,340,6.6,,
케이크_핑크 스트로베리머치 라운드 케이크,206,3.41,,
케이크_핑크블라썸생크림케이크2호,286,4.09,,
케이크_하츄핑도반한딸기생크림,286,2.96,,
케이크_한라봉홍차 케이크,252,3.85,,
케이크_한라산 녹차 치즈 바스크 케이크,352,5.52,,
케이크_한라산 모카 수플레,271,8.0,,
케이크_할리베어 초코홀릭 케이크,358,4.96,,
케이크_해피레인보우 케이크,359,4.0,,
케이크_허니 케이크,467,7.7,29.5,42.6
케이크_헤이즐넛마스카포네치즈 케이크,338,4.06,,
케이크_헤이즐넛초콜릿 케이크,383,6.25,,
케이크_호두 당근 케이크,449,7.14,,
케이크_호두브라우니,457,7.14,,
케이크_화이트 롤케이크,321,6.0,,
케이크_화이트 생크림 케이크 (조각),262,3.81,,
케이크_화이트 생크림 케이크 (홀),260,2.95,,
케이크_화이트 치즈 무스 케이크,363,5.08,,
케이크_화이트모찌 롤케이크,332,1.82,,
케이크_화이트미니 롤,344,6.0,,
케이크_화이트바닐라빈무스 케이크 (조각),292,3.85,,
케이크_화이트생크림 케이크 1호,251,3.0,,
케이크_화이트생크림 케이크 2호,292,3.0,,
케이크_화이트생크림 케이크 3호,291,3.0,,
케이크_화이트포레스트생크림 케이크,280,3.61,,
케이크_후르츠바스켓케이크,272,4.34,,
케이크_흑임자 갸또 쇼콜라 케이크,321,4.96,,
케이크_흑임자 크림 케이크,385,5.0,,
케이크_흑임자바스크치즈 케이크,344,6.0,27.5,18.5
케이크_히든하트레드벨벳 케이크,285,3.0,,
코다리조림,68,10.1,1.18,3.86
코다리조림,86,16.46,0.4,4.16
코다리조림,68,10.1,1.18,3.86
코다리조림,68,10.1,1.18,3.86
코다리조림_간장,77,10.5,0.76,6.68
코다리조림_간장,77,10.5,0.76,6.68
코다리조림_무,56,7.8,1.04,3.46
코다리조림_무,56,7.8,1.04,3.46
코다리조림_무,38,5.5,0.71,2.29
코다리조림_무,73,9.34,1.26,6.05
코다리찜,94,14.49,1.35,6.08
코다리찜,46,6.0,0.9,3.74
코다리찜,46,6.0,0.9,3.74
코다리찜,46,6.0,0.9,3.74
코다리찜,46,6.0,0.9,3.74
코코아_시그니처 초콜릿 아이스(ICED) (Tall),92,2.82,,
코코아_시그니처 초콜릿 핫(HOT) (Tall),141,4.23,,
코코아_아이스 초코 아이스(ICED),68,1.71,3.41,7.56
코코아_아이스 초콜릿 (L),83,2.07,,
코코아_아이스 초콜릿 (R),79,1.84,,
코코아_아이스초코 아이스(ICED),83,1.94,,10.8
코코아_플러피 판다 초콜릿 아이스(ICED) (Grande),88,2.33,,
코코아_플러피 판다 핫 초콜릿 핫(HOT) (Grande),99,2.54,,
코코아_핫 초코 핫(HOT),114,3.23,6.13,11.61
코코아_핫 초콜릿 (L),126,3.08,,
코코아_핫 초콜릿 (R),122,3.33,,
코코아_핫초코 아이스(ICED),71,1.69,,
코코아_핫초코 핫(HOT),89,2.54,,
코코아_핫초코 핫(HOT),112,2.98,,13.9
코코아_화이트초코 아이스(ICED),73,1.69,,
코코아_화이트초코 핫(HOT),91,2.54,,
콘치즈구이,132,3.2,7.24,13.35
콘치즈구이,105,2.3,3.81,15.24
콘치즈구이,224,9.51,12.85,17.56
콘치즈구이,105,2.3,3.81,15.24
콘치즈구이,105,2.3,3.81,15.24
콤부차_애플 망고 콤부차 (L),33,0.0,,
콤부차_애플 망고 콤부차 (V),33,0.0,,
콤부차_애플 히비스커스 콤부차 (L),32,0.0,,
콤부차_애플 히비스커스 콤부차 (V),35,0.0,,
콤부차_애플망고 콤부차 (L),33,0.0,,
콤부차_애플망고 콤부차 (V),34,0.0,,
콤부차_청포도 콤부차 (L),34,0.0,,
콤부차_청포도 콤부차 (V),35,0.0,,
콤부차_플레인 콤부차 (L),25,0.0,,
콤부차_플레인 콤부차 (V),30,0.0,,
콩국수,100,4.61,3.83,11.69
콩국수,81,3.9,3.35,8.92
콩국수,113,5.3,1.94,17.94
콩국수,129,6.0,2.21,20.48
콩국수,70,4.0,1.34,10.19
콩나물 국밥,60,2.6,0.73,10.69
콩나물 국밥,59,2.6,0.84,10.22
콩나물 느타리무침,46,3.1,2.8,4.31
콩나물 느타리무침,46,3.1,2.8,4.31
콩나물 느타리무침,45,3.0,2.8,4.25
콩나물 느타리무침,45,3.0,2.8,4.25
콩나물 된장국,23,2.8,0.68,2.07
콩나물 된장국,26,2.6,0.7,3.0
콩나물 선짓국_낙지,21,3.1,0.34,1.79
콩나물 선짓국_낙지,21,3.1,0.34,1.79
콩나물 선짓국_낙지,21,3.1,0.34,1.79
콩나물 황태국,30,4.6,0.87,0.99
콩나물 황태국,30,4.6,0.87,0.99
콩나물 황태국,30,4.6,0.87,0.99
콩나물 황태국,30,4.6,0.87,0.99
콩나물국,7,0.8,0.2,0.97
콩나물국,6,0.74,0.09,0.61
콩나물국,5,0.7,0.14,0.47
콩나물국_고추,9,1.1,0.3,1.12
콩나물국_고춧가루,8,0.8,0.25,0.92
콩나물국_고춧가루,7,0.9,0.23,0.94
콩나물국_고춧가루,7,0.8,0.22,0.93
콩나물국_김치,9,0.9,0.27,1.1
콩나물국_무,6,0.7,0.2,0.75
콩나물국_바지락,6,0.7,0.19,0.65
콩나물국_청양고추,8,0.9,0.25,0.97
콩나물국_청양고추,8,0.9,0.25,0.97
콩나물국_청양고추,8,0.9,0.25,0.96
콩나물국_청양고추,8,0.9,0.25,0.97
콩나물국_콩나물,7,0.83,0.2,1.01
콩나물국_콩나물_소고기,31,2.51,1.66,1.75
콩나물국_콩나물_소고기,29,2.31,1.63,1.53
콩나물국_콩나물만,7,0.79,0.22,0.95
콩나물국_콩나물만,7,0.85,0.23,1.01
콩나물국밥,60,2.66,0.73,10.69
콩나물냉채,27,2.1,0.79,4.05
콩나물냉채,27,2.1,0.79,4.05
콩나물냉채_오이,42,2.8,0.96,6.95
콩나물냉채_오이,58,4.0,1.28,9.5
콩나물냉채_오이,42,2.8,0.96,6.95
콩나물냉채_오이,59,3.8,1.3,9.85
콩나물무침,69,3.86,4.54,3.2
콩나물무침,19,1.6,1.15,1.45
콩나물무침_고추,29,2.6,1.54,2.64
콩나물무침_고추,29,2.6,1.54,2.64
콩나물무침_고추,29,2.6,1.54,2.65
콩나물무침_고춧가루,93,3.93,5.93,5.93
콩나물무침_고춧가루,19,1.6,0.93,1.92
콩나물무침_고춧가루,23,2.0,1.24,2.05
콩나물무침_당근,27,2.3,1.25,2.9
콩나물무침_당근,27,2.3,1.25,2.9
콩나물무침_당근,27,2.3,1.25,2.9
콩나물무침_당근,27,2.3,1.25,2.9
콩나물무침_당근_시금치,23,2.1,1.17,2.16
콩나물무침_당근_시금치,23,2.1,1.17,2.15
콩나물무침_당근_시금치,23,2.1,1.17,2.15
콩나물무침_당근_시금치,23,2.1,1.17,2.15
콩나물무침_부추,23,2.1,1.15,2.26
콩나물무침_부추,23,2.1,1.15,2.26
콩나물무침_부추,23,2.1,1.15,2.26
콩나물무침_부추,23,2.1,1.15,2.26
콩나물무침_소금,23,1.9,1.17,2.22
콩나물무침_소금,20,1.8,1.04,1.9
콩나물무침_소금,42,4.1,1.9,4.29
콩나물무침_시금치,21,2.0,1.12,1.82
콩나물무침_시금치,21,2.0,1.12,1.82
콩나물무침_시금치,21,2.0,1.12,1.82
콩나물무침_시금치,21,2.0,1.12,1.82
콩나물무침_콩나물_고춧가루,19,1.64,0.93,1.95
콩나물무침_콩나물_고춧가루,23,1.98,1.24,2.07
콩나물무침_콩나물_고춧가루제외,19,1.61,1.15,1.46
콩나물밥,123,4.68,1.58,22.39
콩나물밥_돼지고기,91,3.3,0.84,17.21
콩나물밥_소고기,96,2.8,0.85,18.93
콩나물밥_소고기,160,5.1,1.48,30.68
콩나물밥_소고기,131,3.9,1.14,25.47
콩나물밥_양념장,112,3.55,1.2,21.33
콩나물밥_양념장,110,3.17,0.92,21.8
콩나물밥_양념장,110,3.39,1.29,20.65
콩나물잡채,103,4.8,7.86,3.76
콩나물잡채,43,2.2,2.49,4.01
콩나물잡채,103,4.8,7.86,3.76
콩나물잡채,43,2.2,2.49,4.04
콩나물찌개,12,1.6,0.37,1.09
콩나물찜_해물,56,6.67,1.01,4.97
콩밥_강낭콩,173,4.38,0.39,38.04
콩밥_완두콩,138,2.95,0.16,31.25
콩비지찌개,69,6.74,3.08,3.57
콩비지찌개,42,4.0,1.44,3.11
콩비지찌개,41,2.7,1.15,5.17
콩비지찌개,39,3.02,1.06,4.46
콩조림,198,13.5,6.44,22.36
콩조림,198,13.5,6.44,22.36
콩조림,198,13.5,6.44,22.36
콩조림,198,13.5,6.44,22.36
콩조림(콩자반),271,19.3,4.2,39.1
콩조림(콩자반),281,17.97,7.73,34.83
크로와상,446,7.52,26.98,43.31
크로와상_AOP 버터 크라상,440,7.14,,
크로와상_AOP 버터 크루아상,436,7.14,,
크로와상_AOP버터 프렌치 크루아상,354,6.15,,36.92
크로와상_갈릭 크룽지,490,8.5,,
크로와상_갈릭대파 크로와상,415,9.09,,
크로와상_갈릭크림치즈 크로와상,443,6.67,,
크로와상_거문 오름 크루아상,477,8.54,,
크로와상_고구마크로,341,7.32,10.0,56.1
크로와상_기분좋은 초콜릿 크로와상,358,7.69,13.85,46.15
크로와상_꿀꿀바 크로와상,503,6.67,,
크로와상_녹차 크루키,406,7.06,,
크로와상_누네딸기 크로와상,383,5.56,,
크로와상_누텔라 초코 바나나 크로와상,201,3.2,4.8,33.6
크로와상_누텔라 크로와상,508,8.0,,
크로와상_다크 초콜릿 크루아상,371,6.25,,
크로와상_달콤바삭크룽지,411,3.57,,
크로와상_달콤한크림크라상,405,7.37,26.32,36.84
크로와상_딸기우유 크로와상,441,6.25,,
크로와상_레몬글레이즈 크로와상,450,9.09,,
크로와상_로띠크로,388,8.33,17.0,51.67
크로와상_리얼버터 오리지널 크로와상,490,10.0,,
크로와상_마약옥수수 크로와상,324,7.32,,
크로와상_말차 크로와상,380,8.57,,
크로와상_메이플 크로와상,477,9.09,,
크로와상_미니크라상,417,5.56,,
크로와상_미니크로와상,369,6.25,,
크로와상_미니크루키 더블초코칩,532,8.0,,
크로와상_미니크루키 오트밀레이즌,522,8.0,,
크로와상_미니크루키 피넛버터,544,10.0,,
크로와상_민트초코 크로와상,426,5.88,,
크로와상_바닐라 피칸 크로스트,415,5.36,,
크로와상_버터 크루아상,483,10.5,,
크로와상_블루베리아몬드 크루아상,259,6.36,,
크로와상_블루베리크로,356,5.26,14.0,50.53
크로와상_비스킷크림 크로와상,407,7.32,,
크로와상_사과크로,377,5.26,15.0,55.79
크로와상_산딸기크로,353,5.26,12.0,56.84
크로와상_생크림 크로와상,557,6.67,,
크로와상_생크림미니크로와상,312,3.85,,
크로와상_소시지 크루아상,230,11.0,,
크로와상_솔티연유버터 크로스트,419,5.71,,
크로와상_슈크림 크로와상,380,8.57,,
크로와상_슈크림크로,318,5.26,15.0,41.05
크로와상_스노우미니크라상,440,8.0,,
크로와상_스위트포테이토 크로플,436,5.56,,
크로와상_스윗 크룽지,495,8.5,,
크로와상_슬라이스햄치즈크로,391,9.76,21.0,41.46
크로와상_아몬드 크로와상,589,7.14,,
크로와상_아몬드 크루아상,482,10.8,,
크로와상_아몬드크라상,441,7.63,,
크로와상_앙버터 크로와상,445,5.0,,
크로와상_앙버터 크로플,474,4.76,,
크로와상_에그베이컨 크로와상,334,10.34,,
크로와상_에그소시지 크로와상,267,8.03,,27.07
크로와상_에그포테이토 크로와상,228,6.14,,25.59
크로와상_오레오 크로와상,431,6.25,,
크로와상_오리지널생크림크라상,430,6.41,,
크로와상_오리지널크라상,440,6.9,,
크로와상_우유크림크라상,400,5.0,,
크로와상_인절미 크로와상,429,5.71,,
크로와상_인절미콩고물크라상,388,6.12,,
크로와상_정통 크라상,405,7.14,,
크로와상_정통크로와상,433,6.12,,
크로와상_청크초코칩 크루키,446,5.6,,
크로와상_초코 크루키,379,7.06,,
크로와상_초코롤링크라상,386,6.52,,
크로와상_초코생크림 크로와상,475,5.56,,
크로와상_초코츄러스 크로와상,504,8.0,,
크로와상_초코칩 크루키,481,7.0,,
크로와상_초코크런치 크로와상,510,10.0,,
크로와상_초코트위스트크로,425,8.0,20.0,53.33
크로와상_초코퐁당크라상,456,6.8,,
크로와상_커스타드 크루아상,310,6.67,,
크로와상_커피카라멜크라상,393,5.36,,
크로와상_코코넛카야 크루아상,305,6.0,,
크로와상_크랜베리크로,417,6.25,17.0,59.38
크로와상_크루아상,433,6.67,,
크로와상_크루아상,361,7.41,,
크로와상_크룽지,495,10.53,,
크로와상_크룽지,165,2.13,,
크로와상_크룽지,572,22.0,,
크로와상_크룽지 With 젤라또,305,4.04,,
크로와상_크림치즈 크로와상,434,5.71,,
크로와상_토피넛 꽈루아상,332,5.98,,
크로와상_통팥크로,360,7.32,13.0,52.44
크로와상_티라미수 크로와상,453,6.67,,
크로와상_팥생크림 크로와상,446,5.71,,
크로와상_페페로니 크로플,426,11.11,,
크로와상_프렌치크라상,453,7.55,26.42,45.28
크로와상_플레인 꽈루아상,397,8.2,,
크로와상_해시브라운 크로플,808,40.0,,
크로와상_허니 고르곤졸라 크로와상,600,16.67,,
크로와상_헤이즐넛초코 크로와상,500,7.14,,
크로와상_후랑크 소세지 크로와상,306,8.0,,
크로와상_흑당 크로플,476,8.0,,
크로켓(고로케)_NEW김치 고로케,288,6.82,,
크로켓(고로케)_NEW김치고로케,267,5.83,,
크로켓(고로케)_NEW바베큐치킨고로케,261,5.22,,
크로켓(고로케)_NEW정통 고로케,300,8.33,,
크로켓(고로케)_NEW정통고로케,316,8.55,,
크로켓(고로케)_감자 고로케,304,5.0,,
크로켓(고로케)_감자고로케,245,4.36,,
크로켓(고로케)_게살고로케,248,7.04,,
크로켓(고로케)_게살크림 고로케,333,7.78,,
크로켓(고로케)_고구마 고로케,345,6.67,,
크로켓(고로케)_고기가득부추 고로케,314,9.0,,
크로켓(고로케)_고기듬뿍 갈릭마요 도로케,362,8.26,,
크로켓(고로케)_고기야채 고로케,294,7.78,,
크로켓(고로케)_김치고로게,243,6.52,,
크로켓(고로케)_까르보나라까망 고로케,338,6.67,,
크로켓(고로케)_꽃맛살 고로케,295,6.67,16.19,29.52
크로켓(고로케)_남해마늘로만든마늘치킨 고로케,286,10.0,,
크로켓(고로케)_납작김치고로전,304,6.4,,
크로켓(고로케)_단호박 고로케,344,6.67,,
크로켓(고로케)_돼지갈비 고로케,276,9.52,,
크로켓(고로케)_마늘치킨 고로케,286,10.0,,
크로켓(고로케)_매콤고추잡채고로케,295,7.62,,
크로켓(고로케)_매콤마라모찌 (6개입),313,1.39,19.44,44.44
크로켓(고로케)_매콤마요 감동란 코로케,296,9.0,,
크로켓(고로케)_매콤아삭 고로케,273,6.36,12.73,32.73
크로켓(고로케)_매콤에그마요 고로케,290,9.0,,
크로켓(고로케)_매콤치킨 고로케,324,11.11,,
크로켓(고로케)_매콤치킨커리 고로케,259,8.33,,
크로켓(고로케)_명품고기잡채고로케,239,7.83,,
크로켓(고로케)_명품잡채 고로케,275,5.83,15.0,30.0
크로켓(고로케)_명품카레 고로케,316,7.02,,
크로켓(고로케)_모짜렐라감자고로케,335,9.43,,
크로켓(고로케)_모짜렐라고로케,317,13.0,,
크로켓(고로케)_바삭쫄깃한 로제품은달걀,210,8.0,,
크로켓(고로케)_볶음김치 고로케,290,6.67,,
크로켓(고로케)_불고기피자 고로케,277,4.5,,
크로켓(고로케)_슈크림 고로케,335,6.67,,
크로켓(고로케)_야채 고로케,294,7.78,,
크로켓(고로케)_야채감자 고로케,304,6.09,16.52,32.17
크로켓(고로케)_야채감자 샐러드고로케,308,6.25,,
크로켓(고로케)_야채고로케,233,6.36,,
크로켓(고로케)_어니언크림치즈 고로케,338,7.69,,
크로켓(고로케)_오븐에구운 고로케,263,5.7,14.9,26.6
크로켓(고로케)_옥수수치즈 고로케,320,5.56,,
크로켓(고로케)_이탈리안 고로케,270,8.0,,
크로켓(고로케)_잡채 고로케,312,7.41,,
크로켓(고로케)_중화잡채 고로케,369,7.69,,
크로켓(고로케)_채소,301,7.13,16.38,31.19
크로켓(고로케)_추억의사라다 고로케,283,4.72,,
크로켓(고로케)_추억의사라다고로케,296,4.62,,
크로켓(고로케)_충남예산쪽파송송고로케,288,8.48,,
크로켓(고로케)_치즈퐁당감자 고로케,339,10.48,,
크로켓(고로케)_치킨듬뿍 고추마요 도로케,353,9.17,,
크로켓(고로케)_칠리꽃맛살 고로케,345,7.0,,
크로켓(고로케)_크림치즈 고로케,380,7.5,,
크로켓(고로케)_크림치즈고로케,288,5.73,,
크로켓(고로케)_피자 고로케,293,7.78,,
크로켓(고로케)_피자고로케,260,7.27,,
크로켓(고로케)_하와이안 비프,233,8.8,9.0,29.3
크로켓(고로케)_핫불고기고로케,238,10.35,,
크로켓(고로케)_화끈한 마라고로케,310,7.0,17.0,33.0
크로켓(고로케)_화끈한불닭고로케,265,11.0,,
크로플_감당해봐 대왕크로플,307,7.27,10.91,38.18
크로플_구슬 크로플 초코바닐라,335,5.04,,
크로플_구슬 크로플 캔디프로스,331,5.29,,
크로플_내맘담은 종합과자세트 크로플,237,4.62,9.62,31.54
크로플_녹차 아이스크림 크로플,183,3.41,8.78,21.46
크로플_누텔라 아이스크림 크로플,260,4.0,,
크로플_누텔라 위에 뛰노는 큐브치즈 크로플,357,6.67,16.67,41.11
크로플_누텔라 초코 딸기 크로플,255,4.0,13.0,28.0
크로플_누텔라 초코 바나나 크로플,250,5.0,13.0,25.0
크로플_누텔라 초코듬뿍 딸기 크로플 딸기청,363,6.0,15.0,43.0
크로플_누텔라 초코듬뿍 마시멜로 크로플,351,6.02,10.84,54.22
크로플_누텔라 초코듬뿍 바나나 크로플,223,4.0,7.2,33.6
크로플_누텔라 초코듬뿍 크로플,358,7.69,13.85,46.15
크로플_누텔라 초코범벅에 미치다,281,6.0,11.33,35.33
크로플_누텔라 초코범벅에 미치다 딸기,251,4.74,8.42,29.47
크로플_누텔라 초코범벅에 미치다 바나나,226,4.5,8.0,31.5
크로플_누텔라 초코범벅에 미치다 생딸기&바나나,216,4.0,7.11,28.89
크로플_누텔라 초코범벅에 미치다 이쁜 너를 위한 생딸기,251,4.74,8.42,29.47
크로플_누텔라 크로플,225,4.0,12.0,22.0
크로플_누텔라 크로플,307,6.82,,
크로플_누텔라 크로플,445,8.96,,
크로플_누텔라크로플,478,5.88,,
크로플_누텔라크림치즈 크로플,384,7.37,,
크로플_눈꽃 브라운치즈 크로플,361,8.57,17.14,40.0
크로플_눈꽃 카스텔라 범벅 크로플 생크림 카스텔라,239,5.56,8.89,32.22
크로플_눈꽃 카스텔라 범벅 크로플 커스터드 카스텔라,301,5.56,11.11,41.11
크로플_다크초코칩 크로플,401,5.4,,
크로플_단팥생크림 크로플,387,6.32,,
크로플_달콤고소 인절미 크로플,325,8.75,15.0,36.25
크로플_딸기 아이스크림 크로플,235,6.5,13.8,19.6
크로플_딸기 아이스크림 크로플,179,3.41,7.32,22.93
크로플_딸기 크로플,273,3.9,,
크로플_딸기크림 크로플,373,5.81,,
크로플_딸기크림크로플,383,5.81,,
크로플_땅콩범벅이 고소한 초코 크로플,458,10.91,27.27,54.55
크로플_로투스 크로플 생크림,267,5.0,10.0,36.0
크로플_로투스 크로플 초코커스터드크림,356,6.0,15.0,47.0
크로플_로투스 크로플 커스터드크림,323,6.0,13.0,44.0
크로플_루비자몽생크림 크로플,383,6.0,,
크로플_리얼초코 아이스크림 크로플,290,4.12,,
크로플_마약크림 딸기 크로플,221,4.0,14.0,25.0
크로플_마약크림 브륄레 크로플,232,4.0,15.0,21.0
크로플_마약크림 티라미슈 크로플,240,5.0,13.7,26.5
크로플_말차티라미수 크로플,351,6.67,,
크로플_망고 크로플,273,3.71,,
크로플_매력무엇 돼지바 크로플,375,5.0,9.17,67.5
크로플_메이플 크로플,360,5.33,,
크로플_목구멍이 포도 청포도 크로플 생크림,185,3.64,6.36,26.36
크로플_목구멍이 포도청포도 크로플 커스터드크림,235,4.55,8.18,33.64
크로플_바나나누텔라 크로플,294,5.22,,
크로플_바나나생크림누텔라 크로플,308,4.24,,
크로플_바닐라 아이스크림 크로플,231,6.8,15.2,18.0
크로플_바닐라 아이스크림 크로플,168,3.41,11.22,18.54
크로플_버터 크로플,425,9.09,,
크로플_베리크런치 아이스크림 크로플,244,3.16,,
크로플_붕X싸만코 크로플,221,5.0,11.46,18.5
크로플_붕어둥절 붕어싸만코 크로플,252,4.0,8.0,38.0
크로플_브라운 치즈 크로플,293,6.32,,
크로플_브라운 치즈 크로플,228,6.0,12.5,20.0
크로플_브라운치즈 아이스크림 크로플,425,9.09,,
크로플_블루베리 아이스크림 크로플,225,2.7,,
크로플_블루베리 크로플,343,3.55,,
크로플_블루베리생크림 크로플,338,4.29,,
크로플_블루베리요거트 아이스크림 크로플,175,3.41,7.32,23.41
크로플_블루베리크림 크로플,368,5.75,,
크로플_블루베리크림치즈 크로플,327,5.5,,
크로플_블루베리크림크로플,380,5.75,,
크로플_사과품은 크로플,220,4.0,,20.0
크로플_생딸기생크림 크로플,272,4.49,,
크로플_생초콜릿생크림 크로플,415,5.1,,
크로플_생크림 고구마구마 크로플,244,4.0,7.0,38.0
크로플_생크림 과일폭탄 크로플,245,7.3,14.0,27.7
크로플_생크림 돼지바 크로플,220,5.0,,15.8
크로플_생크림 듬뿍 딸기 크로플 딸기청,217,4.0,7.0,28.0
크로플_생크림 듬뿍 딸기 크로플 생딸기,112,3.23,4.52,19.35
크로플_생크림 듬뿍 망고 크로플,160,3.48,6.09,29.57
크로플_생크림 듬뿍 블루베리 크로플,163,3.64,6.36,30.0
크로플_생크림 딸기 크로플,235,4.0,14.0,23.0
크로플_생크림 딸기잼 크로플,360,5.0,7.0,68.0
크로플_생크림 로투스 크로플,265,4.3,15.2,27.5
크로플_생크림 망고 크로플,219,4.0,14.0,25.0
크로플_생크림 망고치즈케이크 크로플,253,6.0,13.0,27.0
크로플_생크림 블루베리 크로플,215,4.0,13.0,22.7
크로플_생크림 샤인머스캣 크로플,226,4.0,14.0,21.2
크로플_생크림 애플잼 크로플,457,4.0,7.0,91.0
크로플_생크림 오레오 크로플,288,5.0,15.5,33.0
크로플_생크림 위에 뛰노는 큐브퐁듀 크로플,275,5.0,12.5,33.33
크로플_생크림 큐브망고 크로스 크로플,206,3.81,6.67,30.48
크로플_생크림 큐브블루베리 크로스 크로플,208,3.81,6.67,30.48
크로플_생크림 크로플,386,5.71,,
크로플_생크림 크로플,376,5.32,,
크로플_생크림누텔라 크로플,401,5.98,,
크로플_생크림인절미 크로플,253,6.36,11.82,28.18
크로플_아몬드초코카라멜 크로플,392,6.02,,
크로플_아몬드카라멜 아이스크림 크로플,255,3.03,,
크로플_아이스크림 크로플,237,3.65,,
크로플_아이스크림 크로플,270,4.71,,
크로플_아이스크림 크로플,353,6.0,,
크로플_아이스크림 크로플,350,1.27,,
크로플_앙증맞은 앙버터 크로플,431,5.56,27.78,38.89
크로플_애플사과 시나몬 크로플,288,5.0,7.5,46.25
크로플_애플생크림 크로플,315,4.29,,
크로플_애플시나몬 크로플,288,4.81,,
크로플_약과 크림 크로플,345,7.83,,
크로플_오레오 크로플 생크림,235,4.55,9.09,36.36
크로플_오레오 크로플 초코커스터드크림,322,5.0,14.0,45.0
크로플_오레오 크로플 커스터드크림,289,5.0,12.0,42.0
크로플_오레오생크림 크로플,399,5.56,,
크로플_와플보다 맛있는 플레인 크로플 빵,275,7.0,0.8,60.0
크로플_인생팥 크로플,239,6.5,12.0,24.7
크로플_인절미 연유 크로플,486,7.5,,47.5
크로플_인절미 크로플,230,5.0,12.0,30.0
크로플_전여친 생각 크로플 생크림,360,5.0,7.0,68.0
크로플_전여친 생각 크로플 크림치즈,305,6.36,18.18,28.18
크로플_체다치즈 크로플,222,4.0,13.0,18.0
크로플_초땅 반반크로스 크로플,472,8.33,23.15,64.81
크로플_초코 아이스크림 크로플,234,7.0,14.9,18.7
크로플_초코 아이스크림 크로플,188,3.41,8.78,22.93
크로플_초코 크로플,493,6.67,,46.67
크로플_초코 크로플,100,2.35,,
크로플_초코벌집 크로플,463,7.41,,
크로플_초코젤라또 크로플,332,6.31,16.22,39.64
크로플_초코크림 크로플,381,5.88,,
크로플_초코크림크로플,389,5.88,,
크로플_초코퐁듀 크로플,463,7.41,,
크로플_치즈몽땅 크로플,300,10.23,19.32,32.95
크로플_치즈범벅 크로플,235,5.0,15.0,25.0
크로플_카라멜 브라운치즈 크로플,359,8.0,16.0,42.67
크로플_카라멜 크로플,404,6.87,,
크로플_카라멜 크로플,493,6.67,,46.67
크로플_카야 크로플,382,6.79,,
크로플_카야치즈 크로플,562,5.88,,
크로플_카이막 크로플,220,6.0,14.75,15.0
크로플_커스터드 브륄레 크로플,310,5.56,10.0,45.56
크로플_커스터드에 반한 딸기 크로플 딸기청,273,5.0,9.0,35.0
크로플_커스터드에 반한 딸기 크로플 생딸기,267,5.0,9.0,33.0
크로플_쿠앤크 아이스크림 크로플,182,3.41,8.29,21.95
크로플_쿠앤크 아이스크림 크로플,233,6.0,14.0,19.0
크로플_크로플,430,8.0,,
크로플_크로플 with 젤라또,329,4.74,,
크로플_크림치즈 엎은 누텔라 크로플,351,7.62,21.9,29.52
크로플_크림치즈 크로플,363,7.23,,
크로플_크림치즈&누텔라 크로플,242,5.0,13.8,28.0
크로플_트리플 치즈 크로플,368,7.68,,
크로플_티라미수 크로플,351,7.62,,
크로플_티라미수 크로플 생크림,267,10.0,13.0,26.0
크로플_티라미수 크로플 초코커스터드 크림,326,10.0,16.0,32.0
크로플_티라미수 크로플 커스터드 크림,304,10.0,15.0,30.0
크로플_티라미수크림 크로플,356,5.75,,
크로플_티라미수크림크로플,366,5.75,,
크로플_프렌치 아이스크림 크로플,205,2.73,,
크로플_플레인 크로플,414,7.81,,
크로플_플레인 크로플,507,7.14,,45.71
크로플_플레인 크로플,264,5.0,,
크로플_플레인 크로플,411,8.93,,
크로플_플레인 크로플,425,7.81,,
크로플_플레인 크로플,100,0.26,,
크로플_플레인크로플,425,8.93,,
크로플_플레인크로플,438,9.09,,
크로플_호호불어 호떡 크로플,299,6.67,10.67,38.67
크로플_황치즈크림에 스며든 뽀또 크로플,268,5.26,10.53,35.79
크로플_황치즈크림위에 뛰노는 큐브치즈 크로플,260,5.22,12.17,29.57
크림빵_고소한 흑임자크림빵,328,5.97,,
크림빵_골든크림메론빵,320,5.0,,
크림빵_그릭요거트슈,308,3.85,,
크림빵_까까웨뜨,407,7.41,,
크림빵_나눠먹는크림빵,428,7.0,,
크림빵_단팥생크림빵,297,4.88,13.82,38.21
크림빵_단팥우유크림빵,320,6.67,,44.0
크림빵_단팥크림빵,289,7.27,,
크림빵_단팥크림코팡,271,5.88,,
크림빵_단호박 미니 붕어빵,275,4.8,,
크림빵_동글동글순우유롤,361,7.54,,
크림빵_딸기샌드케이크 크림빵,252,4.0,,
크림빵_딸기흑임자크림빵,286,5.19,,
크림빵_땅콩크림빵,431,8.75,,
크림빵_리얼초코소라빵,301,5.88,,
크림빵_매직모카크림빵,423,6.73,,
크림빵_메론크림빵,322,5.77,12.5,47.12
크림빵_모카크림샌드빵,398,6.05,,
크림빵_미니붕어빵 커스타드,311,6.4,,
크림빵_민트초코 생크림 브레드,309,4.15,,
크림빵_밀크크림브레드,221,5.26,,
크림빵_바닐라 우유 크림슈,326,4.35,26.09,13.04
크림빵_바닐라슈,307,6.67,,
크림빵_바닐라크로캉롱슈,314,4.65,,
크림빵_반반 후.크.샌 연유와 옥수수,361,7.35,,
크림빵_베이비 슈,324,3.03,18.18,39.39
크림빵_베이비슈,317,3.33,,
크림빵_보슬보슬옥수수크림빵,344,6.67,16.67,41.11
크림빵_부드러운모카크림빵,407,5.71,,
크림빵_부드러운후레쉬크림샌드빵,386,6.2,,
크림빵_브리오슈슈크레,740,8.0,,
크림빵_사르르우유슈,283,3.33,,
크림빵_사르르초코슈,300,3.33,,
크림빵_생크림메론크림빵,328,5.17,14.66,43.1
크림빵_생크림빵,310,7.14,,
"크림빵_순,딸기산도",265,4.9,,
크림빵_순진우유크림빵,350,8.57,,
크림빵_슈슈 붕어빵,237,2.86,,
크림빵_슈크림 붕어빵,280,3.08,,
크림빵_슈크림 콩빵,357,5.13,,
크림빵_슈크림빵,298,7.14,,
크림빵_슈크림빵,312,8.24,,
크림빵_슈크림슈,304,4.35,,
크림빵_슈크림슈,320,8.0,,
크림빵_스노우 쿠키슈,331,4.62,,
크림빵_스노우쿠키슈,320,6.0,,
크림빵_스마일슈크림빵,300,6.94,,
크림빵_시원하게 즐기는 메론빵,327,5.45,,
크림빵_아몬드슈,277,6.67,,
크림빵_아이스 딸기라떼 와앙슈,287,4.0,13.33,37.33
크림빵_아이스 허니 와앙 슈,267,5.33,12.0,34.67
크림빵_아이스슈,283,3.33,,
크림빵_아이스허니와앙슈,267,5.33,,
크림빵_어니언크런치,248,8.7,,
크림빵_어둠의다크초코통통,400,6.67,,
크림빵_연유크림브레드,271,4.0,,
크림빵_옥수수콘크림샌드,313,6.09,14.78,38.26
크림빵_와앙 바닐라 슈크림빵,332,6.09,15.65,41.74
크림빵_왕구름크림빵,359,6.12,17.14,45.31
크림빵_요구르트 슈스틱,325,5.0,,38.33
크림빵_요구르트 슈스틱,275,5.0,20.0,21.67
크림빵_우유버터브레드,383,7.59,,
크림빵_우유생크림빵,327,4.81,,
크림빵_우유크림슈,304,4.35,21.74,21.74
크림빵_우유크림크로칸슈,415,10.0,28.0,34.0
크림빵_인생 딸기생크림빵,329,5.71,17.14,40.0
크림빵_인생크림빵 말차단팥,310,5.56,,
크림빵_인생크림빵 메론,295,4.55,,
크림빵_인생크림빵 애플망고,248,4.76,,
크림빵_인생크림빵 초코바나나,307,4.72,,
크림빵_자색고구마 미니 붕어빵,294,4.8,,
크림빵_진한쌀크림빵,325,5.59,,
크림빵_진한우유크림빵,271,7.14,,
크림빵_초코 미니 붕어빵,328,4.8,,
크림빵_초코 슈스틱,333,6.67,,
크림빵_초코 슈스틱,333,6.67,,36.67
크림빵_초코가나슈크림빵,299,7.79,,
크림빵_초코슈,300,8.0,,
크림빵_초코크로칸슈,277,3.64,,
크림빵_초코크림아몬드볼,400,8.75,,
크림빵_초콜릿크로캉롱슈,286,4.4,,
크림빵_촉촉브래드,296,7.27,,
크림빵_추억의 고구마생크림빵,368,6.36,17.27,42.73
크림빵_치즈크림빵,349,7.78,,
크림빵_치즈크림팡도르,326,6.32,,
크림빵_카스타드롤,292,7.69,,
크림빵_카스테라우유크림볼,329,5.63,,
크림빵_카페모카크림빵 (대),403,6.56,,
크림빵_카페모카크림빵 (소),393,6.67,,
크림빵_카페모카크림빵(대),416,7.05,,
크림빵_카페모카크림빵(소),406,7.74,,
크림빵_커스타드 크로칸 슈,427,10.0,,
크림빵_커스터드크로칸슈,356,8.33,23.33,28.33
크림빵_쿠키슈 생크림,343,4.29,18.57,40.0
크림빵_쿠키슈 커스터드초코크림,427,8.57,20.0,48.57
크림빵_쿠키슈 커스터드크림,377,4.29,15.71,44.29
크림빵_쿠키슈 황치즈크림,386,8.57,15.71,58.57
크림빵_크리미 크로칸 슈,272,3.64,6.36,
크림빵_크리미크로칸슈,272,3.64,,
크림빵_크림 치즈 크로칸 슈,449,8.0,,
크림빵_크림듬뿍초코크림아몬드볼,400,7.78,,
크림빵_크림소금빵,450,12.5,,
크림빵_크림코르네,272,3.51,,
크림빵_티라미수 크림 데니쉬,345,4.55,,
크림빵_팥크림빵빵,294,6.36,,
크림빵_후레쉬연유크림,454,9.52,,
크림빵_후레쉬연유크림빵,417,8.0,,
크림빵_후레쉬크림빵,404,6.41,,
크림빵_후레쉬크림빵,411,7.59,,
크림빵_후레쉬크림샌드빵,408,7.6,,
크림빵_후레쉬크림샌드빵 (소),408,7.2,,
크림빵_후레쉬크림샌드빵(소),408,7.2,,
크림빵_흑당크림브레드,268,3.68,,
키조개구이,75,8.7,3.41,1.86
타르트_까망베르치즈 타르트,314,6.47,,
타르트_뉴욕치즈타르트,390,8.0,,
타르트_리얼 다크 타르트,429,6.67,,
타르트_무화과 레어치즈 타르트,250,3.0,,
타르트_무화과타르트,476,8.98,,
타르트_미니 타르트 4종 세트,446,8.53,,
타르트_밀당 에그 타르트,400,4.21,,
타르트_소프트 에그타르트,330,6.0,,
타르트_쉬림프 피자 타르트,280,6.0,,
타르트_스모어마시멜로우타르트,420,6.0,,
타르트_씨앗타르트,417,11.71,,
타르트_아몬드타르트,426,11.71,,
타르트_에그 타르트,270,4.0,,
타르트_에그타르트,239,2.17,,
타르트_에그타르트,297,5.9,13.4,38.1
타르트_에그타르트,264,6.0,,
타르트_에그타르트,280,4.0,16.0,28.0
타르트_오렌지타르트,248,3.82,14.23,26.27
타르트_정통에그타르트,280,4.0,,
타르트_크림치즈 타르트,433,7.5,,
타르트_패스트리에빠진에그푸딩,457,9.57,,
타르트_호두듬뿍타르트,430,8.0,26.0,42.0
타르트_호두타르트,426,11.43,,
탄산음료_블랙티 레모네이드 피지오 (Tall),18,0.0,,
탄산음료_블루캔디소다 아이스(ICED),36,0.0,,
탄산음료_슬림 깔라만시 탄산수,5,0.05,,
탄산음료_슬림 청포도 탄산수,12,0.03,,
탄산음료_유자 패션 피지오 (Tall),41,0.0,,
탄산음료_체리콕콕 아이스(ICED),48,0.17,,
탄산음료_체리팡팡 아이스(ICED) (L),53,0.0,,12.79
탄산음료_쿨 라임 피지오 (Tall),30,0.0,,
탄산음료_파인소다 아이스(ICED) (L),31,0.0,,
탄산음료_패션 탱고티 레모네이드 피지오 (Tall),18,0.0,,
탄탄면_간편조리세트_마라 탄탄면,174,5.73,7.4,21.0
탕수어,185,8.5,5.02,25.43
탕수어,281,12.6,7.79,38.73
탕수어,281,12.6,7.71,38.96
탕수육,160,10.6,6.86,13.14
탕수육,225,13.1,9.15,21.14
탕수육,160,10.6,6.86,13.14
탕수육,113,6.7,4.4,11.21
탕수육_간편조리세트_김치피자탕수육,227,12.36,10.67,20.47
탕수육_새우,116,6.65,4.2,13.02
탕평채,97,3.55,3.81,12.26
탕평채,65,2.4,3.25,6.6
탕평채,73,2.4,4.34,6.29
탕평채,65,2.4,3.25,6.6
탕평채,73,2.4,4.34,6.29
토란국,34,1.9,1.45,3.56
토란국,16,1.0,0.12,2.61
토란국,34,1.9,1.45,3.56
토란국,33,1.9,1.42,3.45
토란대나물,32,0.9,1.68,3.88
토란대나물무침,68,5.14,3.38,4.22
토스트(식빵),84,2.5,1.33,15.55
토스트_갈릭스틱토스트,378,4.88,,
토스트_갈릭치즈토스트,407,7.14,,
토스트_구운햄치즈 토스트,304,11.0,,
토스트_누텔라 바나나 토스트,208,3.42,5.48,36.3
토스트_더블 버터 카야 토스트,335,4.74,,
토스트_뚜레1번가햄치즈토스트,186,8.57,,
토스트_뚜쥬맘계란토스트,232,9.49,,
토스트_마늘토스트,306,7.27,,
토스트_몬테크리스토 (H),262,8.0,,
토스트_새우오믈렛토스트,251,8.67,,
토스트_스위트토스트,419,6.45,,
토스트_쏙쏙토스트,323,9.3,,
토스트_오믈렛토스트,269,11.54,,
토스트_인절미 카야 토스트,261,5.43,,
토스트_인절미 토스트,301,5.88,,
토스트_인절미 토스트,342,8.99,,
토스트_자색 고구마 카야 토스트,256,5.83,,
토스트_전여친 생각 토스트,379,5.88,13.24,58.82
토스트_촉촉한 허니버터토스트,380,4.57,,
토스트_촉촉한햄치즈 토스트,253,10.0,,
토스트_카라멜버터토스트,332,6.84,,
토스트_카야 버터치즈 반반 토스트,285,6.32,11.58,43.16
토스트_카야 토스트,315,7.55,,
토스트_카야버터 토스트,321,5.26,13.68,43.16
토스트_카야치즈 토스트,249,7.37,8.42,43.16
토스트_콘치즈 프렌치토스트,241,8.82,,
토스트_통버터 프렌치토스트,289,6.32,,
토스트_트리플 치즈 카야 토스트,273,5.43,,
토스트_페퍼로니 피자 토스트,282,12.35,,
토스트_피자토스트,259,12.73,,
토스트_햄 치즈 프렌치 토스트,312,10.0,17.5,28.13
토스트_햄치즈 스크램블 토스트,290,11.0,,
토스트_햄치즈 토스트,283,12.86,,
토스트_허니버터토스트,335,6.0,,
톳나물_두부,30,2.67,1.6,2.55
톳나물_두부,52,3.7,1.95,6.75
톳나물무침,75,1.87,2.09,12.28
트위스터 샌드위치,56,3.6,2.96,3.3
트위스터 샌드위치,56,3.6,2.95,3.47
트위스터 샌드위치,56,3.6,2.95,3.47
파강회,42,1.2,1.71,6.33
파김치,49,2.5,0.58,8.51
파래무침,49,3.53,1.7,4.97
파래무침,49,3.6,1.11,8.65
파래무침,49,3.6,1.11,8.65
파래무침_무,21,1.3,0.51,3.92
파래무침_무,36,1.8,1.61,5.29
파래무침_무,38,1.8,1.62,5.56
파래무침_액젓,22,1.7,1.12,2.61
파래무침_파래_무,23,1.07,0.38,4.86
파래볶음,49,1.6,4.1,3.03
파래볶음,61,1.2,5.95,1.85
파래볶음,61,1.2,5.96,1.88
파래전,197,4.74,5.03,31.77
파무침,82,2.31,3.36,10.65
파무침,40,1.3,1.7,5.72
파무침,38,1.6,1.97,4.32
파무침,71,2.25,2.81,9.08
파무침,40,1.3,1.7,5.72
파무침,38,1.6,1.97,4.32
파운드케이크,226,3.5,11.79,26.67
파운드케이크_레몬 아이싱 파운드,440,5.71,,
파운드케이크_무화과 파운드 케이크,404,4.55,,44.55
파운드케이크_소보로쑥파운드,407,5.0,,
파운드케이크_솔트카라멜 파운드 케이크,434,5.56,,50.0
파운드케이크_초코청크파운드,393,3.82,,
파운드케이크_콰트로 치즈 파운드,406,6.25,,
파운드케이크_티타임레몬슈가파운드,415,4.44,,
파운드케이크_호두 파운드,385,6.15,,
파이/만주_THE호두파이(조각),460,7.94,,
파이/만주_겹겹이딸기파이,394,6.38,,
파이/만주_다크초콜릿롤,417,7.3,24.5,41.9
파이/만주_달콤한딸기롤파이,371,3.23,16.13,51.61
파이/만주_달콤한딸기롤파이 (2개입),363,3.23,16.13,50.0
파이/만주_달콤한딸기롤파이 (5개입),365,3.23,16.13,50.97
파이/만주_딸기잼롤파이,400,4.5,,
파이/만주_로스팅호두로더고소한호두파이 (조각),402,7.14,23.21,44.64
파이/만주_로스팅호두로더고소한호두파이(조각),400,5.0,,
파이/만주_리프파이,493,6.67,,
파이/만주_링고파이,345,3.0,,
파이/만주_만주,318,7.33,2.34,66.86
파이/만주_미니고구마파이,374,7.89,,
파이/만주_미니딸기필링파이,397,3.03,,
파이/만주_미니애플파이,346,5.41,,
파이/만주_미니크림치즈파이,400,6.06,,
파이/만주_베이컨 치즈 팟파이,269,9.38,,
파이/만주_블루베리 에그디쉬,264,5.54,,
파이/만주_빨미까레 녹차,438,6.25,22.5,48.75
파이/만주_빨미까레 초코,455,6.25,25.0,48.75
파이/만주_빨미까레 쿠앤크,403,6.25,21.25,45.0
파이/만주_뽀미파이 애플파이,347,6.76,,
파이/만주_사과파이,185,2.54,3.91,34.83
파이/만주_사르르리본파이,526,6.32,,
파이/만주_사르르미니리본파이(3개입),521,6.25,,
파이/만주_사르르미니리본파이(6개입),526,6.32,,
파이/만주_새콤달콤유자파이,364,5.61,,
파이/만주_생크림 가득 파이,358,5.4,22.3,33.9
파이/만주_스노우 화이트 애플 파이,290,3.33,,
파이/만주_스틱파이,476,6.32,,
파이/만주_쌀콩만주,328,8.5,4.5,63.3
파이/만주_알밤파이만주,400,6.67,,
파이/만주_약과 버터바,432,4.05,,
파이/만주_연유슈크림애플파이,332,4.0,,
파이/만주_이탈리안 에그디쉬,296,7.91,,
파이/만주_주상절리 파이,532,7.37,,
파이/만주_진한크림치즈롤파이,375,6.25,25.0,34.38
파이/만주_치킨 팟파이,253,15.88,,
파이/만주_카라멜애플파이,346,4.26,,
파이/만주_커스타드애플파이,341,3.53,,
파이/만주_크림치즈롤파이,412,5.29,,
파이/만주_클래식애플파이,313,4.0,18.67,34.67
파이/만주_파이만주,351,6.6,,
파이/만주_파이콘,514,6.8,,
파이/만주_플레인 에그디쉬,325,6.86,,
파이/만주_하트 파이,485,9.38,,
파이/만주_호두파이,380,6.0,,
파이/만주_황금파이만주,397,6.9,,
파전,216,6.2,11.26,20.92
파전,101,3.0,3.04,14.47
파전,195,4.56,9.35,23.2
파전_감자_김치,93,2.8,2.39,14.54
파전_감자_김치,93,2.8,2.39,14.54
파전_굴_김치,99,3.9,2.72,14.24
파전_돼지고기_김치,101,5.0,2.85,13.21
파전_해물,171,5.5,8.4,18.29
파전_해물,195,10.67,7.77,18.92
팔보채,137,12.7,7.52,3.17
팔보채,73,10.2,2.69,1.56
팔보채,90,12.42,2.9,3.42
팝콘,511,8.3,27.34,58.06
팝콘_카라멜,479,5.92,19.56,69.79
팟타이,146,3.98,6.2,18.54
팟타이_간편조리세트_비프 팟타이,231,7.04,12.58,22.5
팥밥,119,2.3,0.14,25.86
커피_카푸치노,31,1.39,,
팥밥,119,2.5,0.34,25.45
팥밥,119,2.6,0.34,25.37
팥빙수,99,2.4,0.81,20.82
팥빙수,99,2.2,0.82,20.99
팥빙수,99,2.2,0.82,20.99
팥빙수_팥빙수,118,1.88,,
팥빵_단팥빵,250,7.27,,
팥빵_단팥빵,314,9.3,,
팥빵_단팥빵,274,7.8,,
팥빵_단팥빵,308,10.53,,
팥빵_단팥소보로빵,386,10.0,,
팥빵_단팥앙금롤브레드,330,8.93,,
팥빵_딸기버터호두과자(20개입),334,6.0,10.0,46.0
팥빵_딸기버터호두과자(8개입),334,6.0,10.0,46.0
팥빵_레몬버터딸기버터호두과자(20개입),340,6.0,13.0,45.0
팥빵_레몬버터딸기버터호두과자(8개입),340,6.0,13.0,45.0
팥빵_레몬버터호두과자(20개입),346,6.0,16.0,44.0
팥빵_레몬버터호두과자(8개입),346,6.0,16.0,44.0
팥빵_미강빵,307,6.67,,
팥빵_미니붕어빵 통팥,291,6.4,,
팥빵_생크림 듬뿍이 단팥빵,280,7.37,,
팥빵_생크림단팥빵,271,6.2,,
팥빵_소보루단팥빵,356,7.1,17.9,50.0
팥빵_앙버터딸기버터호두과자(20개입),347,6.5,13.0,45.0
팥빵_앙버터딸기버터호두과자(8개입),347,6.5,13.0,45.0
팥빵_앙버터레몬버터호두버터(20개입),353,6.5,16.0,44.0
팥빵_앙버터레몬버터호두버터(8개입),353,6.5,16.0,44.0
팥빵_앙버터호두과자(20개입),359,7.0,16.0,44.0
팥빵_앙버터호두과자(8개입),359,7.0,16.0,44.0
팥빵_연유크림만난단팥빵,348,7.62,,
팥빵_완전소중한단팥빵,307,7.41,,
팥빵_우리쌀앙버터브레드 (H),252,3.45,,
팥빵_쫀득한 단팥빵,294,6.9,,
팥빵_추억의 팥절미빵,273,9.09,12.12,40.4
팥빵_팥 붕어빵,287,3.85,,
팥빵_팥 페스츄리 붕어빵,262,5.38,,39.23
팥빵_팥딸기버터호두과자(20개입),307,6.5,8.5,47.5
팥빵_팥딸기버터호두과자(8개입),307,6.5,8.5,47.5
팥빵_팥레몬버터호두과자(20개입),313,6.5,11.5,46.5
팥빵_팥레몬버터호두과자(8개입),313,6.5,11.5,46.5
팥빵_팥앙버터호두과자(20개입),320,7.0,11.5,46.5
팥빵_팥앙버터호두과자(8개입),320,7.0,11.5,46.5
팥빵_팥팥 붕어빵,249,4.29,,
팥빵_팥호두과자(20개입),280,7.0,7.0,49.0
팥빵_팥호두과자(8개입),280,7.0,7.0,49.0
팥빵_호두가오독오독씹히는단팥빵,407,10.28,,
팥빵_호두과자,304,6.15,,
팥빵_호두과자,290,7.5,,
팥빵_호두과자,258,15.0,3.33,43.33
팥빵_호두단팥빵,261,6.96,6.09,45.22
팥빵_호두통팥,362,9.7,17.1,42.3
팥빵_호밀찰보리빵,332,5.5,,
팥죽,121,4.3,0.27,24.91
팥죽,121,4.3,0.27,24.91
팥죽,83,3.0,0.18,17.12
팥죽,81,3.17,0.19,16.66
팥죽,69,2.7,0.16,13.65
페이스트리,466,8.31,29.66,41.5
페이스트리,457,8.56,26.28,46.45
페이스트리_64겹골든페스츄리,385,7.0,,
페이스트리_64겹페스트리,387,7.0,,
페이스트리_NEW후랑크패스트리,343,6.96,,
페이스트리_갈릭고구마페스츄리,329,4.76,,
페이스트리_갈릭페스트리,351,8.0,,
페이스트리_겹겹이데니쉬,409,6.95,,
페이스트리_겹겹이연유크림데니쉬,496,6.14,,
페이스트리_골든삭 뺑오쇼콜라,442,6.67,,
페이스트리_낙엽페스트리,348,8.33,,
페이스트리_넛츠크림치즈크럼블페이스트리,555,7.0,,
페이스트리_딸기롤페스츄리,333,5.56,,
페이스트리_딸기탑 마마츄리,241,3.91,,
페이스트리_라즈베리 퐁당 마마츄리,269,4.13,,
페이스트리_롤링 페이스트리,383,6.1,24.3,34.9
페이스트리_마카다미아 데니쉬,394,5.88,,
페이스트리_몽블랑 데니쉬,389,5.93,,
페이스트리_몽블랑 플레인,399,6.7,,
페이스트리_몽블랑의정석,420,7.42,,
페이스트리_미니소시지페스츄리,396,8.33,29.17,25.0
페이스트리_미니초코칩트위스트,409,4.55,22.73,45.45
페이스트리_바통쉬크레,462,7.69,,
페이스트리_밤패스트리,361,6.17,,
페이스트리_베이컨 포테이토 데니쉬,442,23.85,,
페이스트리_베이컨&치즈패스트리,424,8.86,,
페이스트리_블루베리 퐁당 마마츄리,266,4.04,,
페이스트리_블루베리패스트리크림북,398,6.56,,
페이스트리_블루베리품은 소보로 페스트리,441,7.0,,
페이스트리_비벼먹는 페스츄리 딸기,261,4.71,,
페이스트리_비벼먹는 페스츄리 초콜릿,398,6.99,,
페이스트리_비프볼로네제 페스츄리(1개입),333,6.67,,
페이스트리_비프카레페스츄리(1개입),317,6.67,,
페이스트리_뺑 오 쇼콜라,421,7.14,,
페이스트리_뺑오쇼콜라,398,6.78,,
페이스트리_뺑오쇼콜라,457,7.3,,
페이스트리_생크림소보루페스트리,341,6.0,,
페이스트리_소세지 페스츄리,314,11.67,,
페이스트리_소시지 양파 페이스트리,316,10.5,,
페이스트리_소시지페스트리,356,11.0,,
페이스트리_슈크림데니쉬,358,8.0,,
페이스트리_스위트갈릭고구마페스츄리,317,5.56,,
페이스트리_스위트밤블랑,413,6.63,,
페이스트리_스크류소시지,392,10.97,,
페이스트리_시나몬페스트리,411,12.0,,
페이스트리_아몬드 퀸아망,467,6.67,,
페이스트리_에그베이컨페이스트리,365,12.31,,
페이스트리_오렌지 페이스트리,277,4.46,16.68,27.61
페이스트리_오름 치즈 케이츄리,399,6.76,,
페이스트리_오코노미야키 페이스트리,241,9.0,12.7,22.6
페이스트리_쟌슨빌소시지페이스트리,275,9.0,,
페이스트리_정통소시지데니쉬,351,12.63,,
페이스트리_쫀득한페스트리,327,9.33,,
페이스트리_청포도 페이스트리,276,4.31,16.64,27.7
페이스트리_초코 퐁당 마마츄리,327,4.83,,
페이스트리_초코범벅페스츄리,446,6.15,,
페이스트리_초코칩쏙쏙트위스트,417,8.33,,
페이스트리_초코푀이테,321,10.71,,
페이스트리_촉촉한몽블랑,397,5.88,22.35,43.53
페이스트리_치즈소시지페스츄리,355,10.91,,
페이스트리_카라멜피칸소보로프,509,6.88,,
페이스트리_콘 치즈 데니쉬,432,8.15,,
페이스트리_콘크림치즈패스트리,453,9.47,,
페이스트리_쿠인아망,286,8.24,,
페이스트리_퀸아망,415,4.0,,
페이스트리_크림치즈데니쉬,384,6.32,25.26,30.53
페이스트리_크림치즈롤페스츄리,361,5.56,,
페이스트리_파삭크림롤,407,5.71,,
페이스트리_팥절미 페이스트리,381,11.72,,
페이스트리_패스트리크림북,429,7.14,,
페이스트리_페이스트리 앙버터,449,5.6,25.1,50.1
페이스트리_푀이테쇼콜라,350,6.67,,
페이스트리_프렌치뀐아망,485,5.88,29.41,50.0
페이스트리_햄감자말이페스트리,298,11.58,,
페이스트리_허니볼,277,6.0,,
페이스트리_허니치즈퐁당 마마츄리,319,10.96,,
페이스트리_현무암돌빵,421,6.56,,
페이스트리_화이트 마카다미아 데니쉬,401,6.58,,
페이스트리_회오리롱소시지패스트리,320,10.31,,
폭찹,124,12.2,5.35,5.73
폭찹,124,12.2,5.35,5.73
표고버섯볶음,35,1.7,2.11,3.96
표고버섯볶음,35,1.7,2.11,3.96
표고버섯볶음,34,1.7,2.06,4.0
표고버섯볶음,35,1.7,2.11,3.96
풋고추된장무침,45,1.9,0.92,7.94
풋고추된장무침,45,1.9,0.92,7.94
풋고추된장무침,45,1.9,0.92,7.94
풋고추된장무침_풋고추,124,2.37,7.35,12.0
풋고추볶음,70,1.93,3.23,8.25
풋고추찜,51,2.31,0.99,8.27
풋고추찜,55,2.3,1.03,9.58
풋마늘무침,71,4.14,1.04,11.27
풋마늘무침,38,1.31,0.82,8.05
풋마늘무침,62,1.8,2.72,9.59
프레즐,312,8.37,6.45,55.14
프레즐_갈릭 스틱,350,7.3,,
프레즐_갈릭 프레즐,309,7.27,,
프레즐_갈릭스틱,350,7.3,,
프레즐_고구마 크림치즈 스틱,264,5.95,,
프레즐_고구마 프레즐,268,12.74,6.6,40.09
프레즐_도그 프레즐,167,11.11,7.41,18.52
프레즐_버터 프레첼,350,7.4,,
프레즐_베이컨 치즈 고구마 크림치즈 스틱,266,7.84,,
프레즐_베이컨 치즈 옥수수 크림치즈 스틱,310,10.05,,
프레즐_불고기 프레즐,267,13.53,8.21,34.78
프레즐_소금빵 크림치즈 스틱,330,6.37,,
프레즐_시나몬 슈가 스틱,345,5.84,,
프레즐_시나몬 슈가 프레즐,354,6.25,,
프레즐_시나몬슈가 프레즐,312,6.42,,
프레즐_시나몬슈가스틱,305,5.81,,
프레즐_아몬드 고구마 크림치즈 스틱,303,5.79,,
프레즐_아몬드 스틱,340,7.29,,
프레즐_아몬드 옥수수 크림치즈 스틱,323,8.07,,
프레즐_아몬드 크림치즈 바이트,316,6.67,,
프레즐_아몬드 크림치즈 스틱,315,7.05,,
프레즐_아몬드 프레즐,339,6.42,,
프레즐_아몬드스틱,338,7.24,,
프레즐_아몬드크림치즈스틱,298,6.67,,
프레즐_압구정 프레첼,470,6.8,29.7,43.8
프레즐_어니언 스틱,322,7.48,,
프레즐_어니언 프레즐,308,7.34,,
프레즐_어니언스틱,322,7.48,,
프레즐_오곡 프레즐,308,8.33,,
프레즐_오리지날 프레즐,321,7.62,,
프레즐_오리지널 스틱,342,7.58,,
프레즐_오리지널 프레즐,315,7.48,,
프레즐_오리지널 프레즐,268,11.11,2.56,52.14
프레즐_오리지널스틱,342,7.58,,
프레즐_옥수수 크림치즈 스틱,317,7.74,,
프레즐_자이언트 페퍼로니 프레즐,337,11.67,,
프레즐_초코 프레즐,407,6.4,,
프레즐_커스타드 프레즐,378,7.2,,
프레즐_콘 샐러드 프레즐,215,10.19,5.09,32.41
프레즐_콘 프레즐,242,12.98,6.73,32.21
프레즐_콰트로 치즈 프레즐,327,13.33,,
프레즐_크림치즈 바이트,301,7.14,,
프레즐_크림치즈 스틱,301,7.01,,
프레즐_크림치즈 프레즐,272,9.8,6.54,43.79
프레즐_크림치즈 프레즐,253,7.07,,
프레즐_크림치즈 프레즐,149,10.0,,
프레즐_크림치즈 프레즐,315,7.0,,
프레즐_크림치즈 프레즐,253,8.08,,
프레즐_크림치즈 프렛즐,253,42.42,,
프레즐_크림치즈스틱,297,7.55,,
프레즐_파마산허브 프레즐,312,7.34,,
프레즐_페퍼로니 프레즐,322,13.51,,
프레즐_페퍼로니 프레즐,216,13.33,7.62,23.81
프레즐_프레즐,253,7.07,,
프레즐_플레인 프레즐,268,11.11,2.56,50.43
프레즐_할라피뇨 도그 프레즐,243,10.34,10.34,26.9
프레즐_햄치즈 프레첼,285,11.9,8.0,41.4
피망볶음,84,1.3,5.33,8.08
피망볶음,138,1.7,9.8,11.12
피자,231,11.5,9.48,23.49
피자,153,7.8,4.77,21.07
피자,219,12.1,7.94,23.36
피자,128,6.3,4.11,15.57
피자_12첩콤비네이션 (L),216,9.6,,
피자_12첩콤비네이션 (R),219,10.58,,
피자_12첩콤비네이션 피자 (L),236,10.83,,
피자_12첩콤비네이션 피자 (R),239,11.29,,
피자_1988 피자 (L),255,10.9,,
피자_1992브로 피자 (L),277,13.0,,
피자_2in1(한우불고기+밤스위트골드) 피자 (F),258,16.46,,
피자_2in1(한우불고기+밤스위트골드) 피자 (L),272,16.39,,
피자_2in1(한우불고기+밤스위트골드) 피자 (R),279,17.13,,
피자_4색 피자 (L),342,21.75,,
피자_4색 피자 (R),271,17.2,,
피자_7번가스페셜 피자 골드스윗 (L),266,13.25,,
피자_7번가스페셜 피자 골드스윗 (R),265,13.27,,
피자_7번가스페셜 피자 리코타링 (L),266,13.57,,
피자_7번가스페셜 피자 리코타링 (R),267,13.33,,
피자_7번가스페셜 피자 석쇠 (L),261,13.39,,
피자_7번가스페셜 피자 석쇠 (R),261,13.61,,
피자_7번가스페셜 피자 씬도우 (L),278,10.53,,
피자_7번가스페셜 피자 씬도우 (R),264,11.24,,
피자_7번가스페셜 피자 씬바샤삭 (L),278,10.53,,
피자_7번가스페셜 피자 씬바샤삭 (R),264,11.24,,
피자_7번가스페셜 피자 치즈링 (L),259,14.08,,
피자_7번가스페셜 피자 치즈링 (R),257,14.81,,
피자_88페퍼로니 (R),261,15.54,,
피자_88페퍼로니 피자 (XL),261,15.54,,
피자_8비트피자 오리지널,248,12.93,,
피자_BBQ리얼 시카고 피자 (L),255,12.02,,
피자_BBQ불고기 피자 마니아 에어도우 (L),256,12.29,,
피자_BBQ불고기 피자 마니아 에어도우 (M),250,12.65,,
피자_BBQ불고기 피자 마니아 파마산엣지 (L),247,12.54,,
피자_BBQ불고기 피자 마니아 파마산엣지 (M),250,12.95,,
피자_K-Rib&치즈 오리지널 (L),293,12.67,,
피자_K-불고기 피자,230,9.46,,
피자_K-불고기 피자 (L),272,12.05,,
피자_K-쌈장채끝스테이크 오리지널 (L),233,11.33,,
피자_LA BBQ 불고기 피자 씬 (L),308,15.71,,
피자_LA BBQ 불고기 피자 오리지널 (L),271,13.63,,
피자_LA BBQ 불고기 피자 오리지널 (M),274,13.8,,
피자_LA BBQ 불고기 피자 오리지널 파마산 치즈 (L),275,14.19,,
피자_LA BBQ 불고기 피자 오리지널 파마산 치즈 (M),279,14.36,,
피자_LA BBQ 불고기 피자 팬 (L),300,12.5,,
피자_LA BBQ 불고기리치골드 (L),258,11.87,,
피자_LA BBQ 불고기리치골드 (M),264,12.26,,
피자_LA BBQ 불고기씬 (L),289,13.98,,
피자_LA BBQ 불고기오리지널 (L),254,12.53,,
피자_LA BBQ 불고기오리지널 (M),260,12.69,,
피자_LA BBQ 불고기치즈크러스트 (L),257,12.69,,
피자_LA BBQ 불고기치즈크러스트 (M),266,13.54,,
피자_LA BBQ 불고기치즈크러스트 골드 (L),263,13.25,,
피자_LA BBQ 불고기치즈크러스트 골드 (M),270,13.99,,
피자_LA BBQ 불고기팬 (L),288,11.36,,
피자_LA BBQ불고기+페페로니 피자 씬 (L),328,16.3,,
피자_LA BBQ불고기+페페로니 피자 오리지날 (L),263,13.35,,
피자_LA BBQ불고기+페페로니 피자 오리지널 파마산엣지 (L),283,14.19,,
피자_LA BBQ불고기+페페로니 피자 팬 (L),310,12.75,,
피자_가든 스페셜 (F),214,8.4,,
피자_가든 스페셜 (P),213,8.26,,
피자_가든 스페셜 골드링 (F),227,9.42,,
피자_가든 스페셜 골드링 (L),227,9.68,,
피자_가든 스페셜 골드링 (P),227,9.26,,
피자_가든 스페셜 골드링 씬,237,8.95,,
피자_가든 스페셜 스파이시 갈릭 치즈롤 (F),225,9.59,,
피자_가든 스페셜 스파이시 갈릭 치즈롤 (L),225,9.46,,
피자_가든 스페셜 스파이시 갈릭 치즈롤 (P),226,9.58,,
피자_가든 스페셜 씬,238,9.32,,
피자_가든 스페셜 치즈롤 (F),221,9.33,,
피자_가든 스페셜 치즈롤 (L),220,9.31,,
피자_가든 스페셜 치즈롤 (P),220,9.26,,
피자_가든 스페셜 크루아상,255,8.46,,
피자_가든 스페셜 피자 골드링 (F),227,9.42,,
피자_가든 스페셜 피자 골드링 (L),227,9.68,,
피자_가든 스페셜 피자 골드링 (P),227,9.26,,
피자_가든 스페셜 피자 골드링씬 (F),237,8.94,,
피자_가든 스페셜 피자 씬 (F),238,9.32,,
피자_가든 스페셜 피자 오리지널 (F),214,8.4,,
피자_가든 스페셜 피자 오리지널 (L),214,8.22,,
에이드_청포도 에이드,35,0.17,,
피자_가든 스페셜 피자 오리지널 (P),213,8.26,,
피자_가든 스페셜 피자 오리지널 (R),213,8.37,,
피자_가든 스페셜 피자 치즈롤 (F),221,9.33,,
피자_가든 스페셜 피자 치즈롤 (L),220,9.31,,
피자_가든 스페셜 피자 치즈롤 (P),220,9.26,,
피자_가든 스페셜 하트씬,215,6.46,,
피자_가든스페셜 (L),213,8.21,,
피자_가든스페셜 (R),214,8.39,,
피자_가든스페셜 피자 (F),214,8.4,,
피자_가든스페셜 피자 (L),213,8.21,,
피자_가든스페셜 피자 (P),214,8.27,,
피자_가든스페셜 피자 (R),214,8.39,,
피자_갈릭 버터 쉬림프 피자 리치골드 (L),244,11.34,,
피자_갈릭 버터 쉬림프 피자 리치골드 (M),274,12.72,,
피자_갈릭 버터 쉬림프 피자 치즈크러스트 (L),241,11.83,,
피자_갈릭 버터 쉬림프 피자 치즈크러스트 (M),242,12.21,,
피자_갈릭 포테이토 피자,228,9.72,,
피자_갈릭 포테이토 피자 (L),243,10.23,,
피자_갈릭버터브레드 (1인),318,11.31,,
피자_갈릭버터쉬림프리치골드 (L),251,10.74,,
피자_갈릭버터쉬림프오리지널 (L),245,10.88,,
피자_갈릭버터쉬림프치즈크러스트 (L),250,11.33,,
피자_갈릭버터쉬림프치즈크러스트 골드 (L),255,11.89,,
피자_갈릭베이컨체다치즈 피자 (L),188,12.41,,
피자_갈릭베이컨포테이토 피자 (L),245,9.8,,
피자_갈릭비프스테이크 피자 (L),208,11.05,,
피자_갈릭비프스테이크 피자 (M),197,11.13,,
피자_갈릭쉬림프 피자 (L),292,12.17,,
피자_갈릭쉬림프 피자 (L),177,11.78,,
피자_갈릭쉬림프 피자 (L),215,5.29,,
피자_갈릭쉬림프 피자 (L),88,4.25,,
피자_갈릭쉬림프 피자 오리지널 (M),262,11.76,11.96,26.22
피자_갈릭쉬림프피자 오리지널,236,12.0,,
피자_갈릭쉬림플렉스피자오리지널(L),204,12.23,,
피자_갈릭스테이크 피자 (L),229,12.14,,
피자_갈릭스테이크 피자 (L),276,15.0,,
피자_갈릭스테이크 피자 오리지널 (M),258,10.68,9.95,30.12
피자_갈릭스테이크(L),292,12.0,,
피자_갈릭스테이크(M),292,12.0,,
피자_갈릭스테이크쉬림프 피자 (L),147,8.0,,
피자_갈릭페퍼스테이크 피자 (F),267,12.4,,
피자_갈릭페퍼스테이크 피자 (L),267,11.98,,
피자_갈릭페퍼스테이크 피자 (P),265,12.12,,
피자_갈릭홀릭 피자 (L),286,15.13,,
피자_갈릭홀릭 피자 (R),285,15.18,,
피자_갈비앤치킨 피자 씬 (L),207,10.0,,
피자_갈비앤치킨 피자 씬 (R),206,9.57,,
피자_갈비앤치킨씬(L),207,9.65,,
피자_갈비앤치킨씬(R),207,9.36,,
피자_감자 피자,264,12.03,,
피자_감자베이컨 피자 (L),285,6.31,,
피자_감자별한웅큼피자 (L),248,11.28,,
피자_강냉이털어 피자 (L),268,14.0,,
피자_걱정말아요허니 피자 (L),272,12.91,,
피자_게살크림 피자,222,13.33,,24.0
피자_게살크림피자,222,13.33,,
피자_고객의실수 피자 (L),259,14.29,,
피자_고객의실수 피자 (R),260,14.39,,
피자_고구마 (L),285,8.46,,
피자_고구마 베이컨 피자 (L),248,11.98,,
피자_고구마 알픽,317,11.28,,
피자_고구마 피자,258,11.73,5.61,45.41
피자_고구마 피자,245,9.3,,
피자_고구마 피자 (L),252,9.66,,
피자_고구마 피자 (L),252,11.74,,
피자_고구마 피자 (L),225,9.28,,
피자_고구마 피자 (L),229,12.0,,
피자_고구마 피자 (L),252,8.57,,
피자_고구마 피자 (L),292,6.0,,
피자_고구마 피자 (L),307,8.27,,
피자_고구마 피자 (L),271,9.79,8.53,31.99
피자_고구마 피자 (L),252,12.55,,
피자_고구마 피자 (L),283,12.51,9.07,37.84
피자_고구마 피자 (L),222,4.16,,
피자_고구마 피자 (M),229,7.98,,
피자_고구마 피자 (R),253,7.69,,
피자_고구마 피자 (XL),242,16.64,,
피자_고구마 피자 고구마크러스트 (L),232,10.07,,
피자_고구마 피자 고구마크러스트 (R),235,9.26,,
피자_고구마 피자 골드스윗 (L),263,12.21,,
피자_고구마 피자 골드스윗 (R),262,12.0,,
피자_고구마 피자 라이스골드 (F),240,13.76,,
피자_고구마 피자 라이스골드 (L),254,13.62,,
피자_고구마 피자 라이스골드 (R),261,14.25,,
피자_고구마 피자 라이스바이트 (F),248,12.91,,
피자_고구마 피자 라이스바이트 (L),257,13.41,,
피자_고구마 피자 리코타링 (L),263,12.5,,
피자_고구마 피자 리코타링 (R),264,12.43,,
피자_고구마 피자 밀스크린 (L),240,10.66,,
피자_고구마 피자 밀스크린 (R),234,10.11,,
피자_고구마 피자 밀스크린고구마크러스트 (L),236,9.7,,
피자_고구마 피자 밀스크린고구마크러스트 (R),231,9.18,,
피자_고구마 피자 밀스크린체다크림크러스트 (L),237,10.37,,
피자_고구마 피자 밀스크린체다크림크러스트 (R),231,9.09,,
피자_고구마 피자 밀스크린치즈크러스트 (L),233,11.19,,
피자_고구마 피자 밀스크린치즈크러스트 (R),225,10.0,,
피자_고구마 피자 백미 (L),177,7.18,,
피자_고구마 피자 백미 (R),181,6.38,,
피자_고구마 피자 백미스크린 (L),233,10.08,,
피자_고구마 피자 백미스크린 (R),229,9.3,,
피자_고구마 피자 백미스크린치즈크러스트 (L),227,10.77,,
피자_고구마 피자 백미스크린치즈크러스트 (R),221,10.31,,
피자_고구마 피자 석쇠 (F),240,12.92,,
피자_고구마 피자 석쇠 (L),257,12.15,,
피자_고구마 피자 석쇠 (L),242,12.98,,
피자_고구마 피자 석쇠 (R),258,12.12,,
피자_고구마 피자 석쇠 (R),244,13.07,,
피자_고구마 피자 씬 (L),238,10.64,,
피자_고구마 피자 씬 (R),239,9.72,,
피자_고구마 피자 씬도우 (L),278,11.98,,
피자_고구마 피자 씬바샤삭 (L),278,11.98,,
피자_고구마 피자 씬바샤삭 (R),272,11.03,,
피자_고구마 피자 체다크림크러스트 (L),233,10.0,,
피자_고구마 피자 체다크림크러스트 (R),233,9.17,,
피자_고구마 피자 치즈링 (L),255,13.11,,
피자_고구마 피자 치즈링 (R),255,13.16,,
피자_고구마 피자 치즈크러스트 (F),242,13.62,,
피자_고구마 피자 치즈크러스트 (L),230,10.87,,
피자_고구마 피자 치즈크러스트 (L),253,14.15,,
피자_고구마 피자 치즈크러스트 (R),227,10.91,,
피자_고구마 피자 치즈크러스트 (R),261,14.75,,
피자_고구마 피자 팬 (F),248,13.31,,
피자_고구마 피자 팬 (L),248,13.25,,
피자_고구마 피자 팬 (L),235,10.24,,
피자_고구마 피자 팬 (R),251,13.37,,
피자_고구마 피자 팬 (R),238,10.2,,
피자_고구마 피자 흑미스크린 (L),229,10.08,,
피자_고구마 피자 흑미스크린 (R),224,9.3,,
피자_고구마 피자 씬도우 (R),272,11.03,,
피자_고구마 피자 흑미스크린치즈크러스트 (L),221,10.69,,
피자_고구마 피자 흑미스크린치즈크러스트 (R),216,10.31,,
피자_고구마(L),229,12.0,,
피자_고구마(M),229,12.0,,
피자_고구마(R),183,12.56,,
피자_고구마(XL),242,16.64,,
피자_고구마고구마크러스트(L),232,9.78,,
피자_고구마고구마크러스트(R),232,9.36,,
피자_고구마디럭스 피자,116,5.93,,
피자_고구마랍스터볼크림 피자 (L),266,14.0,,
피자_고구마무스 (L),237,8.76,,
피자_고구마무스 (R),241,8.93,,
피자_고구마무스 베이컨 피자 (L),231,11.0,,
피자_고구마무스 피자,217,7.88,,30.3
피자_고구마무스 피자 (L),222,10.58,,
피자_고구마무스 피자 (L),216,9.07,,
피자_고구마무스 피자 (L),260,9.49,,
피자_고구마무스 피자 (M),212,9.45,,
팥밥,140,3.2,0.41,29.53
피자_고구마무스 피자 (R),263,9.94,,
피자_고구마무스피자,217,7.88,,
피자_고구마밀스크린(L),240,10.45,,
피자_고구마밀스크린(R),234,9.93,,
피자_고구마밀스크린치즈크러스트(L),233,10.9,,
피자_고구마밀스크린치즈크러스트(R),226,10.56,,
피자_고구마백미스크린(L),234,10.36,,
피자_고구마백미스크린(R),228,9.83,,
피자_고구마백미치즈크러스트(L),228,10.83,,
피자_고구마백미치즈크러스트(R),221,10.5,,
피자_고구마베이컨 피자 (L),238,6.65,,
피자_고구마스위트 피자 (L),277,9.33,,
피자_고구마씬(L),239,10.38,,
피자_고구마씬(R),239,9.76,,
피자_고구마체다크림크러스트(L),234,10.23,,
피자_고구마체다크림크러스트(R),234,9.81,,
피자_고구마치즈크러스트(L),230,11.01,,
피자_고구마치즈크러스트(R),229,10.7,,
피자_고구마파인애플 피자 (L),250,12.43,,
피자_고구마팬(L),236,10.59,,
피자_고구마팬(R),236,10.15,,
피자_고구마피자,251,7.9,,
피자_고구마피자,249,9.17,,
피자_고구마피자 (1인),221,8.86,,
피자_고구마피자 (L),272,9.01,,
피자_고구마피자 (L),251,8.22,,
피자_고구마피자 (M),272,10.33,,
피자_고구마피자 (R),251,8.23,,
피자_고구마피자 (XL),252,8.23,,
피자_고구마피자 리치골드크러스트 (L),273,9.9,,
피자_고구마피자 리치골드크러스트 (M),272,10.8,,
피자_고구마피자 치즈크러스트 (L),274,9.51,,
피자_고구마피자 치즈크러스트 (M),274,10.7,,
피자_고구마흑미스크린(L),228,10.3,,
피자_고구마흑미스크린(R),223,9.77,,
피자_고구마흑미치즈크러스트(L),222,10.77,,
피자_고구마흑미치즈크러스트(R),217,10.44,,
피자_고기농장 피자 (L),171,8.09,,
피자_고기밭피자 (L),272,15.16,,
피자_고기천국 피자 (L),271,14.95,,
피자_고기천국 피자 (M),270,14.71,,
피자_고르곤졸라 (L),364,18.89,17.22,33.89
피자_고르곤졸라 피자,384,18.1,17.24,39.66
피자_고르곤졸라 피자,322,16.38,13.79,32.76
피자_고르곤졸라 피자,280,14.81,,
피자_고르곤졸라 피자,303,16.67,10.0,36.11
피자_고르곤졸라 피자,278,15.71,,
피자_고르곤졸라 피자,331,12.9,,
피자_고르곤졸라 피자,297,16.67,,34.44
피자_고르곤졸라 피자 (L),358,20.35,,
피자_고르곤졸라 피자 (L),306,25.0,,
피자_고르곤졸라 피자 (L),262,16.76,,
피자_고르곤졸라 피자 (L),312,14.24,,
피자_고르곤졸라 피자 (L),238,21.43,,
피자_고르곤졸라 피자 (L),374,7.5,,
피자_고르곤졸라 피자 (L),503,27.7,,
머핀_마드렌,438,6.25,,
피자_고르곤졸라 피자 (L),377,12.86,,
피자_고르곤졸라 피자 (L),364,19.61,,
피자_고르곤졸라 피자 (M),310,14.05,,
피자_고르곤졸라 피자 (R),329,23.68,,
피자_고르곤졸라 피자 (XL),276,12.28,,
피자_고르곤졸라 피자 골드스윗 (G),303,16.03,,
피자_고르곤졸라 피자 골드스윗 (L),309,16.41,,
피자_고르곤졸라 피자 골드스윗 (R),306,16.78,,
피자_고르곤졸라 피자 리코타링 (G),310,16.52,,
피자_고르곤졸라 피자 리코타링 (L),314,17.44,,
피자_고르곤졸라 피자 리코타링 (R),315,18.25,,
피자_고르곤졸라 피자 석쇠 (G),308,17.01,,
피자_고르곤졸라 피자 석쇠 (L),314,18.37,,
피자_고르곤졸라 피자 석쇠 (R),315,18.87,,
피자_고르곤졸라 피자 씬 (L),339,15.78,,
피자_고르곤졸라 피자 씬 (L),293,14.86,,
피자_고르곤졸라 피자 씬 (R),295,15.25,,
피자_고르곤졸라 피자 씬 (R),342,16.11,,
피자_고르곤졸라 피자 씬도우 (L),366,20.51,,
피자_고르곤졸라 피자 씬도우 (R),373,18.4,,
피자_고르곤졸라 피자 씬바샤삭 (L),366,20.51,,
피자_고르곤졸라 피자 씬바샤삭 (R),373,18.4,,
피자_고르곤졸라 피자 치즈링 (G),296,18.49,,
피자_고르곤졸라 피자 치즈링 (L),301,19.21,,
피자_고르곤졸라 피자 치즈링 (R),301,19.08,,
피자_고르곤졸라(R),209,8.0,,
피자_고르곤졸라(XL),276,12.28,,
피자_고르곤졸라씬 (L),305,14.06,,
피자_고르곤졸라씬 (R),311,14.82,,
피자_고르곤졸라피자,279,16.17,,
피자_고르곤졸라피자,297,16.67,,
피자_고르곤졸라피자 (R),320,22.17,,
피자_고르곤졸라피자 (XL),243,20.91,,
피자_고르곤졸리피자 (L),242,20.42,,
피자_고르목졸라 피자 (L),319,18.07,,
피자_고르목졸라 피자 (M),315,17.28,,
피자_고른곤졸라씬(L),295,15.15,,
피자_고른곤졸라씬(R),295,15.2,,
피자_고소포테이토 피자 (L),187,9.17,,
피자_고스트페퍼로니 피자 (L),269,10.56,,
피자_고추마요치킨피자,285,13.83,,
피자_고추마요치킨피자바이트,271,12.92,,
피자_고추불고기 피자,221,14.18,,24.63
피자_고추장불고기 피자,270,14.16,,
피자_고추장불고기(R),272,14.44,,
피자_고추장불고기(XL),270,14.16,,
피자_골드 콘 하베스트리치골드 (L),258,9.74,,
피자_골드 콘 하베스트리치골드 (M),261,10.39,,
피자_골드 콘 하베스트씬 (L),293,9.52,,
피자_골드 콘 하베스트오리지널 (L),258,9.43,,
피자_골드 콘 하베스트오리지널 (M),259,10.11,,
피자_골드 콘 하베스트치즈크러스트 (L),259,10.15,,
피자_골드 콘 하베스트치즈크러스트 (M),261,11.2,,
피자_골드 콘 하베스트치즈크러스트 골드 (L),263,10.66,,
피자_골드 콘 하베스트치즈크러스트 골드 (M),266,11.62,,
피자_골드 콘 하베스트팬 (L),289,8.62,,
피자_골드고구마 피자 (L),283,12.51,9.07,37.84
피자_골드고구마 피자 오리지널 (M),292,17.2,15.34,25.34
피자_골드고구마피자 오리지널,282,12.25,,
피자_골드고추마요치킨피자,280,13.59,,
피자_골드꿀고구마 피자 (L),239,9.91,,
피자_골드꿀고구마피자,239,9.9,,
피자_골드데리치킨피자,254,14.5,,
피자_골드돼지불백피자,268,14.4,,
피자_골드레드콘피자,243,12.19,,
피자_골드명란크림새우피자,266,13.0,,
피자_골드바베큐치킨 피자 (L),252,13.15,,
피자_골드바베큐치킨피자,252,13.15,,
피자_골드바베큐필레 피자 (L),278,11.54,9.99,35.47
피자_골드베스트 피자 (L),266,10.34,10.51,32.46
피자_골드베이컨 피자 (L),378,17.15,14.4,44.99
피자_골드불고기 피자 (L),253,11.32,,
피자_골드불고기피자,253,11.33,,
피자_골드스윗하새우 피자 (L),292,13.03,,
피자_골드스테이크 피자 (L),357,21.22,14.44,35.5
피자_골드스테이크불갈비 피자 (L),263,15.0,,
피자_골드스테이크불갈비피자,263,15.0,,
피자_골드아메리칸체다피자,262,12.73,,
피자_골드이탈리안치즈 피자 (L),280,16.07,,
피자_골드이탈리안치즈피자,280,16.07,,
피자_골드체다소세지 피자 (L),255,13.57,,
피자_골드콤비네이션 피자 (L),250,13.28,,
피자_골드콤비네이션피자,250,13.28,,
피자_골드투움바파스타 피자 (L),242,11.27,,
피자_골드투움바피자,242,11.27,,
피자_골드트러플버섯 피자 (L),262,11.61,,
피자_골드페파로니 피자 (L),286,14.54,,
피자_골드페퍼로니피자,286,14.54,,
피자_골드포테이토 피자 (L),263,12.8,,
피자_골드포테이토피자,263,12.8,,
피자_골드프리미엄 불고기 피자 (L),377,17.73,15.0,42.67
피자_골드하와이언쉬림프 피자 (L),232,12.49,,
피자_골드하와이언쉬림프피자,232,12.49,,
피자_골드핫치킨 피자 (L),371,20.84,13.88,40.61
피자_골드흑마늘불고기피자,257,12.41,,
피자_골든맥앤치즈피자 (L),241,11.02,,
피자_골든맥앤치즈피자 (M),238,12.06,,
피자_골든맥앤치즈피자 리치골드크러스트 (L),247,11.5,,
피자_골든맥앤치즈피자 리치골드크러스트 (M),243,12.27,,
피자_골든맥앤치즈피자 치즈크러스트 (L),246,11.29,,
피자_골든맥앤치즈피자 치즈크러스트 (M),243,12.22,,
피자_골든치즈볼 피자 (L),307,13.33,,
피자_골든큐브스테이크 피자,215,11.35,,
피자_과카몰리 비프 쉬림프 피자,249,12.21,,
피자_관자네 온 새우 피자 (L),219,13.35,,
피자_관자네 온 새우 피자 (M),229,15.07,,
피자_국민반반 (L),216,9.92,,
피자_국민반반 (R),219,11.11,,
피자_국민반반 피자 (L),235,11.23,,
피자_국민반반 피자 (R),239,11.63,,
피자_궁중불고기 피자 (L),260,12.36,,
피자_그라나콤비네이션 피자 (L),249,5.28,,
피자_그린머쉬룸 피자 골드스윗 (L),263,12.73,,
피자_그린머쉬룸 피자 골드스윗 (R),263,12.23,,
피자_그린머쉬룸 피자 리코타링 (L),263,13.13,,
피자_그린머쉬룸 피자 리코타링 (R),264,13.01,,
피자_그린머쉬룸 피자 석쇠 (L),255,13.29,,
피자_그린머쉬룸 피자 석쇠 (R),254,12.62,,
피자_그린머쉬룸 피자 씬바샤삭 (L),305,14.52,,
피자_그린머쉬룸 피자 씬바샤삭 (R),299,15.6,,
피자_그린머쉬룸 피자 치즈링 (L),252,13.86,,
피자_그린머쉬룸 피자 치즈링 (R),252,14.06,,
피자_그린잇 식물성 가든 스페셜,211,5.74,,
피자_그린잇 식물성 가든 스페셜 피자 오리지널 (L),211,5.74,,
피자_그린잇 식물성 마가리타,274,6.85,,
피자_그린잇 식물성 마가리타 피자 오리지널 (L),274,6.85,,
피자_그릴드비프 갈비천왕 피자,297,12.34,,30.52
피자_그릴드포크벨리 피자 (L),251,11.04,,
피자_까르보나라 피자 (L),243,14.08,,
피자_까르보네 피자,253,13.59,8.4,30.98
피자_까르보네피자,247,13.65,,
피자_까르보치킨 피자 (L),235,10.51,,
피자_깐쇼불갈비 피자 골드스윗 (L),261,12.6,,
피자_깐쇼불갈비 피자 골드스윗 (R),260,12.71,,
피자_깐쇼불갈비 피자 리코타링 (L),260,12.93,,
피자_깐쇼불갈비 피자 리코타링 (R),262,13.41,,
피자_깐쇼불갈비 피자 석쇠 (L),254,12.62,,
피자_깐쇼불갈비 피자 석쇠 (R),254,13.19,,
피자_깐쇼불갈비 피자 씬도우 (L),288,12.17,,
피자_깐쇼불갈비 피자 씬도우 (R),264,11.11,,
피자_깐쇼불갈비 피자 씬바샤삭 (L),288,12.17,,
피자_깐쇼불갈비 피자 씬바샤삭 (R),264,11.11,,
피자_깐쇼불갈비 피자 치즈링 (L),253,13.56,,
피자_깐쇼불갈비 피자 치즈링 (R),252,14.2,,
피자_깐쇼새우 피자,305,13.89,8.8,42.59
피자_꽃길만 감자 피자,198,8.89,6.87,25.27
피자_꽃맛살쉬림프 피자 (XL),260,18.87,,
피자_꽃맛살쉬림프(R),195,14.17,,
피자_꽃맛살쉬림프(XL),260,18.87,,
피자_꽉채운 페퍼로니 피자 (L),260,13.87,,
피자_꽉채운 페퍼로니 피자 (R),262,14.26,,
피자_꽉채운페퍼로니 (L),238,12.96,,
피자_꽉채운페퍼로니 (R),242,13.48,,
피자_꿀고구마 피자 (L),231,8.76,,
피자_꿀고구마 피자 바이트 (L),231,9.06,,
피자_꿀고구마피자,231,8.76,,
피자_꿀고구마피자바이트,231,9.07,,
피자_꿈을 피자 (L),233,16.44,,
피자_꿈을 피자 (R),250,16.28,,
피자_꿈을피자 (L),237,15.99,,
피자_꿈을피자 (R),252,15.63,,
피자_꿈을피자 (XL),260,16.13,,
피자_나이스투미트유 피자 (L),270,15.97,,
피자_나폴리 피자,241,12.35,8.24,29.7
피자_나폴리로제피자 (L),235,12.03,,
피자_나폴리로제피자 (R),238,13.29,,
피자_나폴리로제피자 (XL),235,12.04,,
피자_나폴리슈림프 피자,214,10.78,,
피자_나폴리피자,246,11.7,,
피자_날개 피자 (L),268,12.68,,
피자_날밤새우게 피자 (L),218,13.67,,
피자_날밤새우게 피자 (R),218,13.79,,
피자_넌필수있어 피자 (L),293,10.79,,
피자_놀부단호박 피자 골드스윗 (L),257,13.19,,
피자_놀부단호박 피자 골드스윗 (R),256,12.38,,
피자_놀부단호박 피자 리코타링 (L),256,13.53,,
피자_놀부단호박 피자 리코타링 (R),257,13.4,,
피자_놀부단호박 피자 석쇠 (L),250,13.33,,
피자_놀부단호박 피자 석쇠 (R),251,13.22,,
피자_놀부단호박 피자 씬도우 (L),287,13.26,,
피자_놀부단호박 피자 씬도우 (R),269,12.16,,
피자_놀부단호박 피자 치즈링 (L),249,14.07,,
피자_놀부단호박 피자 치즈링 (R),249,14.07,,
피자_눈꽃열차 피자 (R),279,15.93,,
피자_눈꽃치즈 피자 (L),248,8.75,,
피자_눈꽃치즈스테이크 피자 (L),237,13.53,,
피자_뉴그릴드치킨 피자 고구마크러스트 (L),220,12.5,,
피자_뉴그릴드치킨 피자 고구마크러스트 (R),220,11.76,,
피자_뉴그릴드치킨 피자 밀스크린 (L),227,13.51,,
피자_뉴그릴드치킨 피자 밀스크린 (R),221,13.41,,
피자_뉴그릴드치킨 피자 밀스크린고구마크러스트 (L),224,12.2,,
피자_뉴그릴드치킨 피자 밀스크린고구마크러스트 (R),216,11.96,,
피자_뉴그릴드치킨 피자 밀스크린체다크림크러스트 (L),225,12.9,,
피자_뉴그릴드치킨 피자 밀스크린체다크림크러스트 (R),220,13.04,,
피자_뉴그릴드치킨 피자 밀스크린치즈크러스트 (L),220,13.01,,
피자_뉴그릴드치킨 피자 밀스크린치즈크러스트 (R),213,12.77,,
피자_뉴그릴드치킨 피자 백미스크린 (L),221,13.08,,
피자_뉴그릴드치킨 피자 백미스크린 (R),213,12.5,,
피자_뉴그릴드치킨 피자 백미스크린치즈크러스트 (L),213,12.5,,
피자_뉴그릴드치킨 피자 백미스크린치즈크러스트 (R),207,13.19,,
피자_뉴그릴드치킨 피자 씬 (L),238,10.64,,
피자_뉴그릴드치킨 피자 씬 (R),239,9.72,,
피자_뉴그릴드치킨 피자 체다크림크러스트 (L),223,12.5,,
피자_뉴그릴드치킨 피자 체다크림크러스트 (R),223,12.75,,
피자_뉴그릴드치킨 피자 치즈크러스트 (L),218,13.39,,
피자_뉴그릴드치킨 피자 치즈크러스트 (R),217,13.59,,
피자_뉴그릴드치킨 피자 팬 (L),222,12.93,,
피자_뉴그릴드치킨 피자 팬 (R),224,13.04,,
피자_뉴그릴드치킨 피자 흑미스크린 (L),214,13.89,,
피자_뉴그릴드치킨 피자 흑미스크린 (R),208,12.5,,
피자_뉴그릴드치킨 피자 흑미스크린치즈크러스트 (L),208,13.33,,
피자_뉴그릴드치킨 피자 흑미스크린치즈크러스트 (R),202,13.19,,
피자_뉴그릴드치킨고구마크러스트(L),221,12.16,,
피자_뉴그릴드치킨고구마크러스트(R),221,12.1,,
피자_뉴그릴드치킨밀스크린(L),227,13.24,,
피자_뉴그릴드치킨밀스크린(R),220,13.36,,
피자_뉴그릴드치킨밀스크린치즈크러스트(L),221,13.46,,
피자_뉴그릴드치킨밀스크린치즈크러스트(R),213,13.62,,
피자_뉴그릴드치킨백미스크린(L),220,13.25,,
피자_뉴그릴드치킨백미스크린(R),213,13.37,,
피자_뉴그릴드치킨백미치즈크러스트(L),214,13.47,,
피자_뉴그릴드치킨백미치즈크러스트(R),207,13.64,,
피자_뉴그릴드치킨씬(L),222,14.14,,
피자_뉴그릴드치킨씬(R),221,14.06,,
피자_뉴그릴드치킨체다크림크러스트(L),223,12.63,,
피자_뉴그릴드치킨체다크림크러스트(R),223,12.57,,
피자_뉴그릴드치킨치즈크러스트(L),218,13.5,,
피자_뉴그릴드치킨치즈크러스트(R),217,13.48,,
피자_뉴그릴드치킨팬(L),223,13.29,,
피자_뉴그릴드치킨팬(R),223,13.23,,
피자_뉴그릴드치킨흑미스크린(L),214,13.16,,
피자_뉴그릴드치킨흑미스크린(R),208,13.29,,
피자_뉴그릴드치킨흑미치즈크러스트(L),209,13.39,,
피자_뉴그릴드치킨흑미치즈크러스트(R),203,13.57,,
피자_뉴욕 오리진 피자 나폴리 (L),249,11.6,12.74,21.97
피자_뉴욕 오리진 피자 나폴리 (M),244,12.87,11.91,21.31
피자_뉴욕 오리진 피자 더블치즈 엣지 (L),245,12.94,11.94,21.38
피자_뉴욕 오리진 피자 더블치즈 엣지 (M),264,13.84,11.66,25.84
피자_뉴욕 오리진 피자 더블치즈 페퍼로니 엣지 (L),249,13.31,14.96,
피자_뉴욕 오리진 피자 더블치즈 페퍼로니 엣지 (M),267,14.13,13.38,
피자_뉴욕 오리진 피자 슈퍼시드 화이버 버스트 오리지널 (L),299,14.13,14.18,21.35
피자_뉴욕 오리진 피자 슈퍼시드 화이버 오리지널 (L),257,11.9,12.87,23.25
피자_뉴욕 오리진 피자 슈퍼시드 화이버 오리지널 (M),255,12.6,12.55,23.01
피자_뉴욕 오리진 피자 슈화 더블 치즈 페퍼로니 엣지 (L),298,14.56,14.89,20.38
피자_뉴욕 오리진 피자 슈화 더블 치즈 페퍼로니 엣지 (M),307,15.84,14.97,
피자_뉴욕 오리진 피자 씬 (L),260,13.45,15.43,
피자_뉴욕 오리진 피자 씬 (M),269,14.66,16.16,
피자_뉴욕 오리진 피자 오리지널 (L),251,12.73,13.33,20.04
피자_뉴욕 오리진 피자 오리지널 (M),250,13.24,11.19,24.06
피자_뉴욕 오리진 피자 치즈버스트 나폴리 (L),270,12.62,17.48,
피자_뉴욕 오리진 피자 치즈버스트 오리지널 (L),234,12.47,10.94,21.32
피자_뉴욕 오리진 피자 트리플치즈버스트 엣지 (L),242,12.79,,
피자_뉴욕 핫도그씬 핫도그엣지 (L),290,12.25,,
피자_뉴욕 핫도그핫도그엣지 (L),249,10.25,,
피자_뉴욕 핫도그핫도그엣지 (M),260,10.92,,
피자_꽃 피자 (L),283,15.57,,
피자_뉴욕베이컨체더 피자 (L),247,5.94,,
피자_뉴욕소세지 피자 오리지널 (M),287,13.4,14.14,28.4
피자_뉴욕스테이크 피자 (L),164,9.96,,
피자_뉴욕오리진 오리지널 트리플치즈버스트엣지 (L),253,13.33,,
피자_뉴욕페퍼로니 피자,290,14.69,11.24,36.18
피자_뉴욕핫독 피자 (L),249,13.29,,
피자_뉴욕핫독 피자 (R),250,13.04,,
피자_뉴클리어 피자 (L),245,11.09,,
피자_니가가라하와이 피자 (L),263,12.9,,
피자_니가가라하와이 피자 (M),263,12.9,,
피자_다넣었어 피자 (L),93,3.76,,
피자_다이나믹고구마무스 피자 (L),291,13.0,,
피자_단고통밀도우피자,275,8.93,,
피자_단짠반반 (L),236,9.02,,
피자_단짠반반 (R),238,8.93,,
피자_단짠반반 피자 (L),263,9.57,,
피자_단짠반반 피자 (R),269,9.95,,
피자_단짠콘후라이 피자 (L),240,11.57,,
피자_눈꽃열차 피자 (L),279,15.94,,
피자_단짠콘후라이 피자 (M),240,11.46,,
피자_단호박 알픽,296,8.59,,
피자_단호박 피자 (L),209,7.91,,
피자_단호박 피자 (L),223,7.9,,
피자_단호박 피자 (L),243,8.41,,
피자_단호박 피자 (L),288,5.78,,
피자_단호박 피자 (M),212,9.24,,
피자_단호박 피자 (R),242,8.79,,
피자_단호박 피자 라이스골드 (F),254,14.2,,
피자_단호박 피자 라이스골드 (L),267,13.95,,
피자_단호박 피자 라이스골드 (R),273,14.56,,
피자_단호박 피자 라이스바이트 (F),262,13.29,,
피자_단호박 피자 라이스바이트 (L),269,13.72,,
피자_단호박 피자 백미 (L),192,7.33,,
피자_단호박 피자 백미 (R),194,6.46,,
피자_단호박 피자 석쇠 (F),257,13.35,,
피자_단호박 피자 석쇠 (L),259,13.4,,
피자_단호박 피자 석쇠 (R),261,13.48,,
피자_단호박 피자 치즈크러스트 (F),258,14.05,,
피자_단호박 피자 치즈크러스트 (L),267,14.55,,
피자_단호박 피자 치즈크러스트 (R),274,15.12,,
피자_단호박 피자 팬 (F),264,13.73,,
피자_단호박 피자 팬 (L),266,13.76,,
피자_단호박 피자 팬 (R),267,13.78,,
피자_단호박피자,243,8.02,,
피자_단호박피자 (L),245,8.33,,
피자_단호박피자 (R),245,8.34,,
피자_단호박피자 (XL),245,8.32,,
피자_달 피자 (L),333,12.61,,
피자_달달고구마 피자 (L),248,11.02,,
피자_달달고구마 피자 (M),248,10.64,,
피자_달달옥수수 피자 씬 (L),350,12.11,,
피자_달달허니(R),228,9.23,,
피자_달달허니(XL),229,9.38,,
피자_달짝핫도그 피자 밀도우 (L),125,7.64,,
피자_달짝핫도그 피자 밀도우 (R),92,5.6,,
피자_달짝핫도그 피자 씬도우 (L),129,7.86,,
피자_깐쇼새우피자,253,11.98,,
피자_달짝핫도그 피자 씬도우 (R),86,5.24,,
피자_달짝핫도그피자밀도우(L),125,7.64,,
피자_달짝핫도그피자밀도우(R),92,5.6,,
피자_달짝핫도그피자씬도우(L),129,7.86,,
피자_달짝핫도그피자씬도우(R),86,5.24,,
피자_달콤 고구마 피자,219,7.96,,
피자_달콤 고구마 피자 (L),247,9.28,,
피자_달콤고구마 피자,236,7.72,,
피자_달콤고구마 피자 (L),165,7.32,,
피자_달콤구마 피자,273,13.1,10.12,29.76
피자_달콤딥고구마 피자 밀도우 (L),119,4.03,,
피자_달콤딥고구마 피자 밀도우 (R),79,2.68,,
피자_달콤딥고구마 피자 씬도우 (L),119,4.04,,
피자_달콤딥고구마 피자 씬도우 (R),79,2.69,,
피자_달콤딥고구마밀도우(L),119,4.03,,
피자_달콤딥고구마밀도우(R),79,2.68,,
피자_달콤딥고구마씬도우(L),119,4.04,,
피자_달콤딥고구마씬도우(R),79,2.69,,
피자_달콤불고기 피자,205,14.18,,23.4
피자_달콤옥수수 피자,275,12.12,,
피자_달콤한나의고구마피자(L),240,8.97,,
피자_달콤호구마 (L),252,11.71,,
피자_달피자 피자 (L),335,12.93,,
피자_닭발 피자 (L),253,13.64,,
피자_닭발 피자 (XL),295,15.89,,
피자_닭발피자피자(R),107,5.95,,
피자_닭발피자피자(XL),156,10.75,,
피자_닭안심살 피자,234,12.73,7.73,29.09
피자_닭안심살피자,248,13.42,,
피자_대만 콘 치즈 감자 피자 나폴리 (L),253,8.9,11.73,27.86
피자_대만 콘 치즈 감자 피자 더블치즈 엣지 (L),250,9.8,11.66,26.48
피자_대만 콘 치즈 감자 피자 더블치즈 페퍼로니 엣지 (L),254,10.32,13.27,25.58
피자_대만 콘 치즈 감자 피자 슈퍼시드 화이버 버스트 오리지널 (L),307,11.04,12.42,29.03
피자_대만 콘 치즈 감자 피자 슈퍼시드 화이버 오리지널 (L),260,8.5,10.57,32.66
피자_대만 콘 치즈 감자 피자 슈화 더블치즈 페퍼로니 엣지 (L),307,11.63,13.25,27.85
피자_대만 콘 치즈 감자 피자 씬 (L),261,9.0,13.73,25.38
피자_대만 콘 치즈 감자 피자 오리지널 (L),257,9.3,10.89,30.45
피자_대만 콘 치즈 감자 피자 치즈버스트 나폴리 (L),259,10.0,13.59,23.96
피자_대만 콘 치즈 감자 피자 치즈버스트 오리지널 (L),257,9.0,11.96,28.33
피자_대만감자 피자 (L),235,9.68,,
피자_대새 피자 (L),227,16.28,,
피자_대새 피자 (R),231,15.38,,
피자_대왕페퍼로니 피자 (L),276,13.66,,
피자_대왕햄 피자 (L),297,13.51,,
피자_더블 치즈버거 피자 (L),290,10.65,,
피자_더블 치즈버거 피자 (P),290,11.11,,
피자_더블 치즈버거 피자 골드링 (F),308,12.2,,
피자_더블 치즈버거 피자 골드링 (L),308,12.15,,
피자_더블 치즈버거 피자 골드링 (P),308,12.35,,
피자_더블 치즈버거 피자 골드링 씬,322,11.18,,
피자_더블 치즈버거 피자 골드링씬 (F),322,11.18,,
피자_더블 치즈버거 피자 스파이시 갈릭 치즈롤 (F),306,12.41,,
피자_더블 치즈버거 피자 스파이시 갈릭 치즈롤 (L),306,12.43,,
피자_더블 치즈버거 피자 스파이시 갈릭 치즈롤 (P),306,12.4,,
피자_더블 치즈버거 피자 씬,324,12.25,,
피자_더블 치즈버거 피자 씬 (F),324,12.25,,
피자_더블 치즈버거 피자 오리지널 (F),290,10.55,,
피자_더블 치즈버거 피자 오리지널 (L),290,10.65,,
피자_더블 치즈버거 피자 오리지널 (P),290,11.11,,
피자_더블 치즈버거 피자 치즈롤 (F),300,12.08,,
피자_더블 치즈버거 피자 치즈롤 (L),300,12.23,,
피자_더블 치즈버거 피자 치즈롤 (P),300,12.56,,
피자_더블 치즈버거 피자 크루아상,346,10.99,,
피자_더블 포테이토크래프티드 플래츠 (P),315,11.92,,
피자_더블 핫&스파이시 멕시칸  (F),239,10.34,,
피자_더블 핫&스파이시 멕시칸  (L),239,9.91,,
피자_더블 핫&스파이시 멕시칸  (P),240,10.35,,
피자_더블갈릭바베큐 피자,271,12.12,9.7,33.33
피자_더블갈릭바베큐피자,271,12.12,,
피자_더블바베큐 불고기 피자 밀도우 (L),101,7.9,,
피자_더블바베큐 불고기 피자 밀도우 (R),67,5.29,,
피자_더블바베큐 불고기 피자 씬도우 (L),101,7.93,,
피자_더블바베큐 불고기 피자 씬도우 (R),67,5.28,,
피자_더블바베큐 불고기 피자밀도우(L),101,7.9,,
피자_더블바베큐 불고기 피자밀도우(R),67,5.29,,
피자_더블바베큐 불고기 피자씬도우(L),101,7.93,,
피자_더블바베큐 불고기 피자씬도우(R),67,5.28,,
피자_더블바베큐 피자 (L),237,16.83,,
피자_더블바베큐 피자 (L),237,11.28,,
피자_더블바베큐 피자 (L),237,12.69,,
피자_더블바베큐피자 (L),246,13.16,,
피자_더블불고기 피자 (L),269,14.18,11.2,26.29
피자_더블불고기 피자 오리지널 (M),257,12.5,9.35,38.28
피자_더블불고기폭탄 피자 (L),160,10.75,,
피자_더블불고기피자오리지널(L),250,15.13,,
피자_더블쉬림프크런치씬 포테이토엣지 (L),262,10.06,,
피자_더블쉬림프크런치오리지널포테이토엣지 (L),237,9.84,,
피자_더블쉬림프크런치오리지널포테이토엣지 (M),243,10.47,,
피자_더블스테이크 피자 (L),257,16.41,,
피자_더블스테이크 피자 (R),259,16.67,,
피자_더블체다 치즈버거 피자 골드링 (F),290,13.21,,
피자_더블체다 치즈버거 피자 골드링 (L),289,13.67,,
피자_더블체다 치즈버거 피자 골드링 (P),289,13.15,,
피자_더블체다 치즈버거 피자 골드링씬 (F),302,12.35,,
피자_더블체다 치즈버거 피자 씬 (F),305,12.73,,
피자_더블체다 치즈버거 피자 오리지널 (F),273,11.86,,
피자_더블체다 치즈버거 피자 오리지널 (L),273,11.53,,
피자_더블체다 치즈버거 피자 오리지널 (P),273,11.67,,
피자_더블체다 치즈버거 피자 치즈롤 (F),282,13.58,,
피자_더블체다 치즈버거 피자 치즈롤 (L),282,13.38,,
피자_더블체다 치즈버거 피자 치즈롤 (P),282,13.48,,
피자_더블체다치즈버거 피자 (F),272,11.84,,
피자_더블체다치즈버거 피자 (L),273,11.5,,
피자_더블체다치즈버거 피자 (P),273,11.69,,
피자_더블치즈 스테이크 피자 리치골드 (L),248,11.91,,
피자_더블치즈 스테이크 피자 리치골드 (M),246,11.67,,
피자_더블치즈 스테이크 피자 치즈크러스트 (L),247,12.48,,
피자_더블치즈 스테이크 피자 치즈크러스트 (M),248,12.65,,
콩밥_검정콩,165,4.53,1.12,34.3
피자_더블치즈 피자 (L),274,18.34,,
피자_더블치즈 피자 (L),290,13.64,,
피자_더블치즈 피자 골드스윗 (G),281,16.88,,
피자_더블치즈 피자 골드스윗 (L),281,17.24,,
피자_더블치즈 피자 골드스윗 (R),281,16.35,,
피자_더블치즈 피자 리코타링 (G),283,17.36,,
피자_더블치즈 피자 리코타링 (L),282,18.1,,
피자_더블치즈 피자 리코타링 (R),283,17.48,,
피자_더블치즈 피자 석쇠 (G),279,18.25,,
피자_더블치즈 피자 석쇠 (L),278,17.93,,
피자_더블치즈 피자 석쇠 (R),278,17.89,,
피자_더블치즈 피자 씬도우 (L),331,19.08,,
피자_더블치즈 피자 씬도우 (R),333,20.81,,
피자_더블치즈 피자 치즈링 (G),273,18.92,,
피자_더블치즈 피자 치즈링 (L),273,18.69,,
피자_더블치즈 피자 치즈링 (R),272,18.24,,
피자_더블치즈버거 피자 (F),289,10.53,,
피자_더블치즈버거 피자 (L),290,10.66,,
피자_더블치즈버거 피자 (P),290,11.11,,
피자_더블치즈버거피자 (F),289,10.53,,
피자_더블치즈베이컨 피자 (L),249,15.08,,
피자_더블치즈불고기 피자 (L),233,14.1,,
피자_더블치즈폭탄 피자 (L),233,13.1,,
피자_더블콤비네이션 피자 (L),239,15.19,,
피자_더블페파로니폭탄 피자 (L),219,13.93,,
피자_더블페퍼로니 피자,301,15.0,,
피자_더블페퍼로니 피자 (L),281,15.88,,
피자_더블페퍼로니피자(L),273,16.86,12.99,22.1
피자_더블페퍼로니피자(P),273,16.86,12.99,22.1
피자_더블페퍼로니피자(R),273,16.86,12.99,22.1
피자_더블포크쉬림프 피자 (L),262,11.48,,
피자_더블포테이토 피자 (L),247,10.67,,
피자_더블포테이토 피자 (L),213,9.17,,
피자_더블포테이토 피자 (L),250,11.04,,
피자_더블포테이토 피자 오리지널 (M),279,10.71,12.75,24.37
피자_더블포테이토(L),247,10.67,,
피자_더블포테이토(M),247,10.67,,
피자_더블포테이토피자 오리지널,281,10.91,,
피자_더블핫치킨폭탄 피자 (L),159,13.23,,
피자_도이치 피자 밀도우 (L),101,7.54,,
피자_도이치 피자 밀도우 (R),67,5.02,,
피자_도이치 피자 씬도우 (L),101,7.55,,
피자_도이치 피자 씬도우 (R),67,5.03,,
피자_도이치바이트 피자,258,12.23,9.04,32.45
피자_도이치바이트피자,261,11.98,,
피자_도이치피자밀도우(L),101,7.54,,
피자_도이치피자밀도우(R),67,5.02,,
피자_도이치피자씬도우(L),101,7.55,,
피자_도이치피자씬도우(R),67,5.03,,
피자_돈까스웨그 피자 (L),306,12.7,,
피자_돈까스웨그 피자 (M),307,12.14,,
피자_돼지불백피자,270,14.91,,
피자_돼지불백피자바이트,258,13.76,,
피자_두둥 바이킹쉬림프 (R),206,12.43,,
피자_두둥 바이킹쉬림프 피자 (XL),206,12.43,,
피자_듬뿍체다페파로니 피자 (L),253,12.5,,
피자_디럭스(치즈) 피자 고구마크러스트 (L),261,11.01,,
피자_디럭스(치즈) 피자 고구마크러스트 (R),259,10.23,,
피자_디럭스(치즈) 피자 밀스크린 (L),275,11.83,,
피자_디럭스(치즈) 피자 밀스크린 (R),272,11.76,,
피자_디럭스(치즈) 피자 밀스크린고구마크러스트 (L),266,10.48,,
피자_디럭스(치즈) 피자 밀스크린고구마크러스트 (R),260,10.26,,
피자_디럭스(치즈) 피자 밀스크린체다크림크러스트 (L),267,11.32,,
피자_디럭스(치즈) 피자 밀스크린체다크림크러스트 (R),265,11.54,,
피자_디럭스(치즈) 피자 밀스크린치즈크러스트 (L),262,12.38,,
피자_디럭스(치즈) 피자 밀스크린치즈크러스트 (R),254,12.5,,
피자_디럭스(치즈) 피자 백미스크린 (L),270,12.36,,
피자_디럭스(치즈) 피자 백미스크린 (R),264,12.12,,
피자_디럭스(치즈) 피자 백미스크린치즈크러스트 (L),255,11.88,,
피자_디럭스(치즈) 피자 백미스크린치즈크러스트 (R),247,12.99,,
피자_디럭스(치즈) 피자 씬 (L),220,14.46,,
피자_디럭스(치즈) 피자 씬 (R),220,13.64,,
피자_디럭스(치즈) 피자 체다크림크러스트 (L),263,11.82,,
피자_디럭스(치즈) 피자 체다크림크러스트 (R),264,11.36,,
피자_디럭스(치즈) 피자 치즈크러스트 (L),257,11.93,,
피자_디럭스(치즈) 피자 치즈크러스트 (R),256,12.36,,
피자_디럭스(치즈) 피자 팬 (L),267,12.24,,
피자_디럭스(치즈) 피자 팬 (R),269,11.54,,
피자_디럭스(치즈) 피자 흑미스크린 (L),260,12.22,,
피자_디럭스(치즈) 피자 흑미스크린 (R),258,12.12,,
피자_디럭스(치즈) 피자 흑미스크린치즈크러스트 (L),250,11.88,,
피자_디럭스(치즈) 피자 흑미스크린치즈크러스트 (R),244,11.69,,
피자_디럭스치즈 피자 라이스골드 (F),277,18.03,,
피자_디럭스치즈 피자 라이스골드 (L),293,17.6,,
피자_디럭스치즈 피자 라이스골드 (R),298,17.86,,
피자_디럭스치즈 피자 라이스바이트 (F),286,16.7,,
피자_디럭스치즈 피자 라이스바이트 (L),294,17.06,,
피자_디럭스치즈 피자 석쇠 (F),292,18.48,,
피자_디럭스치즈 피자 석쇠 (L),294,18.54,,
피자_디럭스치즈 피자 석쇠 (R),298,18.59,,
피자_디럭스치즈 피자 치즈크러스트 (F),289,18.81,,
피자_디럭스치즈 피자 치즈크러스트 (L),298,18.99,,
피자_디럭스치즈 피자 치즈크러스트 (R),302,19.04,,
피자_디럭스치즈 피자 팬 (F),298,18.5,,
피자_디럭스치즈 피자 팬 (L),299,18.56,,
피자_디럭스치즈 피자 팬 (R),303,18.62,,
피자_디럭스치즈고구마크러스트(L),260,10.82,,
피자_디럭스치즈고구마크러스트(R),261,10.82,,
피자_디럭스치즈밀스크린(L),275,11.87,,
피자_디럭스치즈밀스크린(R),271,11.98,,
피자_디럭스치즈밀스크린치즈크러스트(L),263,12.28,,
피자_디럭스치즈밀스크린치즈크러스트(R),256,12.48,,
피자_디럭스치즈백미스크린(L),269,11.82,,
피자_디럭스치즈백미스크린(R),265,11.93,,
피자_디럭스치즈백미치즈크러스트(L),257,12.25,,
피자_디럭스치즈백미치즈크러스트(R),250,12.46,,
피자_디럭스치즈씬(L),290,12.41,,
피자_디럭스치즈씬(R),290,12.41,,
피자_디럭스치즈체다크림크러스트(L),263,11.37,,
피자_디럭스치즈체다크림크러스트(R),263,11.37,,
피자_디럭스치즈치즈크러스트(L),258,12.37,,
피자_디럭스치즈치즈크러스트(R),256,12.44,,
피자_디럭스치즈팬(L),269,11.99,,
피자_디럭스치즈팬(R),269,11.99,,
피자_디럭스치즈흑미스크린(L),261,11.72,,
피자_디럭스치즈흑미스크린(R),258,11.84,,
피자_디럭스치즈흑미치즈크러스트(L),250,12.16,,
피자_디럭스치즈흑미치즈크러스트(R),244,12.38,,
피자_디스이즈4유 (L),258,13.89,,
피자_디아블로 (L),251,14.03,11.51,22.66
피자_디아블로 피자,317,14.14,10.99,39.79
피자_디트로이트 더블페퍼로니 피자 (L),357,14.0,,
피자_디트로이트 미티디럭스 피자 (L),337,13.85,,
피자_디트로이트 하와이안 피자 (L),299,11.29,,
피자_딜라이트치킨볼 피자 골드 (L),265,13.81,,
피자_딜라이트치킨볼 피자 골드 (M),256,13.23,,
피자_딜라이트치킨볼 피자 노엣지 (L),266,14.32,,
피자_딜라이트치킨볼 피자 노엣지 (M),256,13.73,,
피자_딜라이트치킨볼 피자 에그타르트 (L),272,12.81,,
피자_딜라이트치킨볼 피자 에그타르트 (M),263,12.32,,
피자_딜라이트치킨볼 피자 치즈캡 (L),266,15.37,,
피자_딜라이트치킨볼 피자 치즈캡 (M),258,15.0,,
피자_딜라이트치킨볼 피자 크림치즈 (L),264,12.57,,
피자_딜라이트치킨볼 피자 크림치즈 (M),256,12.13,,
피자_딥체다치즈베이컨 (R),353,17.09,,
피자_딥치즈 피자 (L),279,2.71,,
피자_딥치즈고구마 피자 (L),267,14.89,,
피자_딥치즈더블바베큐 피자 (L),246,16.96,,
피자_딥치즈베이컨 피자,299,20.81,,20.81
피자_딥치즈베이컨피자,299,20.8,,
피자_딥치즈불닭 피자 (L),266,18.5,,
피자_딥치즈콤비네이션 피자 (L),286,18.61,,
피자_딥치즈포테이토 피자 (L),245,14.2,,
피자_딥치즈핫치킨 피자,266,18.5,,
피자_땡초불고기 피자 (L),236,5.42,,
피자_땡초참치마요 피자 (L),254,11.2,,
피자_떡갈비 피자,264,12.73,,
피자_떡갈비 피자 (L),318,18.77,12.93,31.73
피자_떡갈비 피자 (L),296,6.46,,
피자_떡갈비 피자 (XL),245,21.83,,
피자_떡갈비 피자 (XL),281,12.57,,
피자_떡갈비(R),184,16.43,,
피자_떡갈비(XL),245,21.83,,
피자_라구미트볼 시카고 피자,250,14.37,,
피자_라구포테이토 (L),247,12.5,,
피자_라자냐 시카고 피자,257,12.96,11.73,25.93
피자_라코타스테이크 피자 오리지널,265,11.11,13.51,
피자_랍스타 피자 라이스골드 (F),245,15.33,,
피자_랍스타 피자 라이스골드 (L),259,15.1,,
피자_랍스타 피자 라이스골드 (R),267,15.65,,
피자_랍스타 피자 라이스바이트 (F),253,14.35,,
피자_랍스타 피자 백미떡도우 (L),178,8.8,,
피자_랍스타 피자 석쇠 (F),245,14.81,,
피자_랍스타 피자 석쇠 (L),249,14.97,,
피자_랍스타 피자 석쇠 (R),252,15.07,,
피자_랍스타 피자 치즈크러스트 (F),247,15.39,,
피자_랍스타 피자 치즈크러스트 (L),258,15.88,,
피자_랍스타 피자 치즈크러스트 (R),267,16.35,,
피자_랍스타 피자 팬 (F),253,15.09,,
피자_랍스타 피자 팬 (L),256,15.25,,
피자_랍스타 피자 팬 (R),258,15.29,,
피자_랍스타미트 피자,240,12.28,,
피자_랍스터슈림프투움바오리지널(L),233,10.67,,
피자_레귤러 골드 꿀고구마피자,255,10.88,,
피자_레귤러 골드 불고기피자,269,12.92,,
피자_레귤러 골드 스테이크불갈비피자,264,12.49,,
피자_레귤러 골드 이탈리안치즈피자,281,12.66,,
피자_레귤러 골드 콤비네이션피자,272,12.48,,
피자_레귤러 골드 페퍼로니피자,287,12.2,,
피자_레귤러 골드 포테이토피자,260,11.4,,
피자_레귤러 골드 하와이안쉬림프피자,261,11.13,,
피자_레귤러 꿀고구마피자,252,10.12,,
피자_레귤러 몬스터꿀고구마피자,223,10.5,,
피자_레귤러 몬스터불고기피자,259,14.2,,
피자_레귤러 몬스터이탈리안피자,292,13.24,,
피자_레귤러 몬스터콤비네이션피자,254,12.11,,
피자_레귤러 몬스터포테이토피자,239,11.25,,
피자_레귤러 몬스터하와이안쉬림프피자,226,12.97,,
피자_레귤러 불고기피자,270,12.77,,
피자_레귤러 스테이크불갈비피자,264,12.21,,
피자_레귤러 이탈리안치즈피자,288,12.37,,
피자_레귤러 콤비네이션피자,274,12.17,,
피자_레귤러 페퍼로니피자,295,11.75,,
피자_레귤러 포테이토피자,258,10.78,,
피자_레귤러 하와이안쉬림프피자,259,10.39,,
피자_레드불고기 피자 (L),241,11.8,6.6,24.55
피자_레드콘리코타피자 (L),211,9.31,,
피자_레드콘피자,238,11.99,,
피자_레드콘피자바이트,233,11.5,,
피자_레드핫치킨 피자,237,13.94,,
피자_레드핫치킨 피자 (L),249,13.01,,
피자_레드핫카니발 피자 (L),236,10.87,,
피자_레드핫카니발 피자 (M),226,10.36,,
피자_레드핫커리 피자 (L),289,13.15,,
피자_로맨틱 하와이안 피자 밀도우 (L),109,7.03,,
피자_로맨틱 하와이안 피자 밀도우 (R),73,4.68,,
피자_로맨틱 하와이안 피자 씬도우 (L),109,7.02,,
피자_로맨틱 하와이안 피자 씬도우 (R),73,4.68,,
피자_로맨틱 하와이안 피자밀도우(L),109,7.03,,
피자_로맨틱 하와이안 피자밀도우(R),73,4.68,,
피자_로맨틱 하와이안 피자씬도우(R),73,4.68,,
피자_로맨틱 하와이안 피자씬도우L,109,7.02,,
피자_로얄 립 스테이크 피자 골드바이트 (L),257,11.74,,
피자_로얄 립 스테이크 피자 골드바이트 (M),257,11.86,,
피자_로얄 립 스테이크 피자 노엣지 (L),247,10.89,,
피자_로얄 립 스테이크 피자 노엣지 (M),249,11.04,,
피자_로얄 립 스테이크 피자 리치골드 (L),252,11.92,,
피자_로얄 립 스테이크 피자 리치골드 (M),253,12.15,,
피자_로얄 립 스테이크 피자 치즈크러스트 (L),253,12.44,,
피자_로얄 립 스테이크 피자 치즈크러스트 (M),255,13.03,,
피자_로얄포테이토 피자,259,11.77,,
피자_로제 쉬림프 포카챠,187,8.67,,
피자_로제블랙소세지 피자,234,13.92,,
피자_로즈 피자 밀도우 (L),136,10.13,,
피자_로즈 피자 밀도우 (R),90,6.74,,
피자_로즈 피자 씬도우 (L),136,10.15,,
피자_로즈 피자 씬도우 (R),90,6.77,,
피자_로즈피자밀도우(L),136,10.13,,
피자_로즈피자밀도우(R),90,6.74,,
피자_로즈피자씬도우(L),136,10.15,,
피자_로즈피자씬도우(R),90,6.77,,
피자_롤롤페파로니 피자 (L),311,22.0,,
피자_리모 피자,257,11.89,,
피자_리얼 더블 불고기 (R),280,16.57,,
피자_리얼 더블 불고기 피자 (XL),280,16.57,,
피자_리얼게살쉬림프 피자 (L),266,13.0,,
피자_리얼고구마 (L),273,10.27,,
피자_리얼고구마 피자 (L),243,10.07,,
피자_리얼고구마 피자 (L),277,10.57,,
피자_리얼단호박 피자 밀도우 (L),100,5.22,,
피자_리얼단호박 피자 밀도우 (R),67,3.48,,
피자_리얼단호박 피자 씬도우 (L),100,5.23,,
피자_리얼단호박 피자 씬도우 (R),67,3.48,,
피자_리얼단호박 피자밀도우(L),100,5.22,,
피자_리얼단호박 피자밀도우(R),67,3.48,,
피자_리얼단호박 피자씬도우(L),100,5.23,,
피자_리얼단호박 피자씬도우(R),67,3.48,,
피자_리얼랍스터스테이크 피자 골드스윗 (L),246,13.77,,
피자_리얼랍스터스테이크 피자 리코타링 (L),246,14.29,,
피자_리얼랍스터스테이크 피자 석쇠 (L),237,14.04,,
피자_리얼랍스터스테이크 피자 씬도우 (L),273,14.14,,
피자_리얼랍스터스테이크 피자 치즈링 (L),237,14.73,,
피자_리얼미트 피자 (L),250,13.26,,
피자_리얼불고기 피자 나폴리 (L),253,12.19,9.94,28.75
피자_리얼불고기 피자 나폴리 (M),252,12.66,9.18,29.69
피자_리얼불고기 피자 더블치즈 엣지 (L),256,13.9,10.27,26.84
피자_리얼불고기 피자 더블치즈 엣지 (M),258,13.1,11.01,26.44
피자_리얼불고기 피자 더블치즈 페퍼로니 엣지 (L),260,14.31,11.11,26.03
피자_리얼불고기 피자 더블치즈 페퍼로니 엣지 (M),261,13.47,11.31,26.62
피자_리얼불고기 피자 슈퍼시드 화이버 버스트 오리지널 (L),303,13.63,11.55,26.9
피자_리얼불고기 피자 슈퍼시드 화이버 오리지널 (L),254,11.0,9.46,30.28
피자_리얼불고기 피자 슈퍼시드 화이버 오리지널 (M),254,11.0,9.55,30.55
피자_리얼불고기 피자 슈화 더블 치즈 페퍼로니 엣지 (L),302,14.16,12.42,25.71
피자_리얼불고기 피자 슈화 더블 치즈 페퍼로니 엣지 (M),314,14.87,13.01,25.18
피자_리얼불고기 피자 씬 (L),273,12.54,14.12,23.87
피자_리얼불고기 피자 씬 (M),282,13.23,13.89,26.05
피자_리얼불고기 피자 오리지널 (L),251,12.34,8.2,31.93
피자_리얼불고기 피자 오리지널 (M),258,11.79,8.0,34.66
피자_리얼불고기 피자 치즈버스트 나폴리 (L),253,13.0,12.07,22.9
피자_리얼불고기 피자 치즈버스트 오리지널 (L),256,12.0,10.86,27.48
피자_리얼불고기 피자 트리플치즈버스트 엣지 (L),248,13.01,,
피자_리얼불고기오리지널(L),253,12.67,,
피자_리얼불고기피자 (L),247,14.01,,
피자_리얼불콕 피자 (L),260,15.32,,
피자_리얼불콕 피자 (R),261,15.38,,
피자_리얼수제고구마 피자 (L),283,15.0,,
피자_리얼시카고오리지널 피자 (L),233,11.27,,
피자_리얼시카고오리지널피자,233,11.27,,
피자_리얼직화불고기쉬림프피자씬(L),394,15.55,,
피자_리얼직화불고기피자씬(L),394,15.58,,
피자_리얼치즈 피자 밀도우 (L),130,13.39,,
피자_리얼치즈 피자 밀도우 (R),86,8.93,,
피자_리얼치즈 피자 씬도우 (L),130,13.41,,
피자_리얼치즈 피자 씬도우 (R),86,8.95,,
피자_리얼치즈 피자밀도우(L),130,13.39,,
피자_리얼치즈 피자밀도우(R),86,8.93,,
피자_리얼치즈 피자씬도우(L),130,13.41,,
피자_리얼치즈 피자씬도우(R),86,8.95,,
피자_리얼치즈피자 (L),285,14.48,,
피자_리얼큐브달달구마 피자 (L),257,13.36,,
피자_리얼페퍼로니피자(L),314,17.25,,
피자_리얼핫도그 피자 (L),215,11.76,,
피자_리얼핫도그 피자 (M),206,10.55,,
피자_리치고구마치킨 피자 골드스윗 (L),256,13.18,,
피자_리치고구마치킨 피자 골드스윗 (R),255,13.23,,
피자_리치고구마치킨 피자 리코타링 (L),254,13.56,,
피자_리치고구마치킨 피자 리코타링 (R),255,13.87,,
피자_리치고구마치킨 피자 석쇠 (L),248,13.33,,
피자_리치고구마치킨 피자 석쇠 (R),247,13.73,,
피자_리치고구마치킨 피자 씬도우 (L),276,12.72,,
피자_리치고구마치킨 피자 씬도우 (R),265,12.31,,
피자_리치고구마치킨 피자 씬바샤삭 (L),276,12.72,,
피자_리치고구마치킨 피자 씬바샤삭 (R),265,12.31,,
피자_리치고구마치킨 피자 치즈링 (L),247,14.17,,
피자_리치고구마치킨 피자 치즈링 (R),246,14.61,,
피자_리치골드 피자 (L),375,20.5,14.02,37.16
피자_리치골드 피자 (XL),257,11.89,,
피자_리치킨 BBQ 피자 (L),215,10.12,,
피자_리치킨 BBQ 피자 (M),223,11.4,,
피자_리코타 페퍼로니 킹덤 피자 나폴리 (L),259,11.0,11.86,26.84
피자_리코타 페퍼로니 킹덤 피자 나폴리 (M),259,12.0,12.12,24.95
피자_리코타 페퍼로니 킹덤 피자 더블치즈 엣지 (L),276,11.9,13.85,25.94
피자_리코타 페퍼로니 킹덤 피자 더블치즈 엣지 (M),266,11.0,13.07,25.73
피자_리코타 페퍼로니 킹덤 피자 더블치즈 페퍼로니 엣지 (L),280,12.41,14.13,24.13
피자_리코타 페퍼로니 킹덤 피자 더블치즈 페퍼로니 엣지 (M),269,11.43,13.91,23.92
피자_리코타 페퍼로니 킹덤 피자 슈퍼시드 화이버 오리지널 (L),259,10.0,9.95,31.84
피자_리코타 페퍼로니 킹덤 피자 슈퍼시드 화이버 오리지널 (M),260,10.8,10.6,30.36
피자_리코타 페퍼로니 킹덤 피자 슈화 더블치즈 페퍼로니 엣지 (L),266,11.45,12.96,26.51
피자_리코타 페퍼로니 킹덤 피자 슈화 더블치즈 페퍼로니 엣지 (M),270,12.31,13.84,25.04
피자_리코타 페퍼로니 킹덤 피자 씬 (L),299,11.0,18.61,21.39
피자_리코타 페퍼로니 킹덤 피자 씬 (M),300,11.9,18.76,20.8
피자_리코타 페퍼로니 킹덤 피자 오리지널 (L),257,10.9,11.12,28.34
피자_리코타 페퍼로니 킹덤 피자 오리지널 (M),257,10.0,10.89,29.31
피자_리코타 페퍼로니 킹덤 피자 치즈버스트 나폴리 (L),268,11.8,14.35,22.77
피자_리코타 페퍼로니 킹덤 피자 치즈버스트 오리지널 (L),267,11.0,13.37,24.89
피자_리코타 페퍼로니 킹덤 피자 화이버 버스트 오리지널 (L),262,11.0,11.65,28.2
피자_리코타 페퍼로니 킹덤 피자 화이버 엣지 오리지널 (L),262,10.9,12.7,25.92
피자_리코타 페퍼로니 킹덤 피자 화이버 엣지 오리지널 (M),267,11.9,12.51,26.68
피자_립 스테이크리치골드 (L),249,10.89,,
피자_립 스테이크리치골드 (M),255,11.2,,
피자_립 스테이크오리지널 (L),247,11.18,,
피자_립 스테이크오리지널 (M),252,11.32,,
피자_립 스테이크치즈크러스트 (L),248,11.45,,
피자_립 스테이크치즈크러스트 (M),254,12.11,,
피자_립 스테이크치즈크러스트 골드 (L),253,11.9,,
피자_립 스테이크치즈크러스트 골드 (M),258,12.48,,
피자_립스테이크 피자 더블치즈크러스트 (L),258,13.49,,
피자_립스테이크 피자 더블치즈크러스트 (M),263,14.0,,
피자_립스테이크 피자 리치골드 (L),254,11.61,,
피자_립스테이크 피자 리치골드 (M),257,11.73,,
피자_립스테이크 피자 프리미엄 오리지널 (L),257,12.05,,
피자_립스테이크 피자 프리미엄 오리지널 (M),258,12.05,,
피자_립스테이크 피자 프리첼 치즈 (L),256,9.93,,
피자_립스테이크 피자 프리첼 치즈 (M),261,9.82,,
피자_립스테이크&쉬림프 피자 더블치즈크러스트 (L),242,13.46,,
피자_립스테이크&쉬림프 피자 리치골드 (L),240,11.73,,
피자_립스테이크&쉬림프 피자 프리미엄 오리지널 (L),236,12.18,,
피자_립스테이크&쉬림프 피자 프리첼 치즈 (L),240,10.07,,
피자_립스테이크&케이준쉬림프 피자 골드바이트 (L),242,11.85,,
피자_립스테이크&케이준쉬림프 피자 노엣지 (L),228,11.34,,
피자_립스테이크&케이준쉬림프 피자 리치골드 (L),241,12.03,,
피자_립스테이크&케이준쉬림프 피자 치즈크러스트 (L),235,12.54,,
피자_립스테이크&케이준쉬림프 피자 콘치즈포켓 (L),238,11.53,,
피자_마가리타 (F),268,11.15,,
피자_마가리타 (L),268,10.89,,
피자_마가리타 (P),268,10.96,,
피자_마가리타 (R),268,11.09,,
피자_마가리타 골드링 (F),284,12.49,,
피자_마가리타 골드링 (L),285,12.25,,
피자_마가리타 골드링 (P),284,12.27,,
피자_마가리타 골드링 씬,297,11.07,,
피자_마가리타 스파이시 갈릭 치즈롤 (F),283,12.71,,
피자_마가리타 스파이시 갈릭 치즈롤 (L),283,12.53,,
피자_마가리타 스파이시 갈릭 치즈롤 (P),283,12.7,,
피자_마가리타 씬,299,11.83,,
피자_마가리타 치즈롤 (F),277,12.37,,
피자_마가리타 치즈롤 (L),277,12.33,,
피자_마가리타 치즈롤 (P),277,12.27,,
피자_마가리타 크루아상,319,11.15,,
피자_마가리타 피자 (F),269,11.17,,
피자_마가리타 피자 (L),268,10.88,,
피자_마가리타 피자 (P),269,11.0,,
피자_마가리타 피자 (R),269,11.11,,
피자_마가리타 피자 골드링 (F),284,12.49,,
피자_마가리타 피자 골드링 (L),285,12.25,,
피자_마가리타 피자 골드링 (P),284,12.27,,
피자_마가리타 피자 골드링씬 (F),297,11.07,,
피자_마가리타 피자 씬 (F),299,11.83,,
피자_마가리타 피자 오리지널 (F),268,11.14,,
피자_마가리타 피자 오리지널 (L),268,10.9,,
피자_마가리타 피자 오리지널 (P),268,10.96,,
피자_마가리타 피자 오리지널 (R),268,11.09,,
피자_마가리타 피자 치즈롤 (F),277,12.36,,
피자_마가리타 피자 치즈롤 (L),277,12.33,,
피자_마가리타 피자 치즈롤 (P),277,12.27,,
피자_마늘통삼겹 피자 (L),289,25.0,,
피자_마라 피자 골드스윗 (L),262,15.32,,
피자_마라 피자 골드스윗 (R),263,15.07,,
피자_마라 피자 리코타링 (L),262,15.58,,
피자_마라 피자 리코타링 (R),264,16.15,,
피자_마라 피자 마라링 (L),252,16.67,,
피자_마라 피자 마라링 (R),252,17.04,,
피자_마라 피자 석쇠 (L),255,16.09,,
피자_마라 피자 석쇠 (R),255,16.36,,
피자_마라 피자 씬바샤삭 (L),309,11.59,,
피자_마라 피자 씬바샤삭 (R),297,12.87,,
피자_마루베스트 피자 (L),248,10.65,,
피자_마르게리타,223,10.41,,
피자_마르게리타 알픽,265,11.41,,
피자_마르게리타 피자,258,11.1,,
피자_마르게리타 피자 씬 (L),350,15.91,,
피자_마르게리타 피자 오리지널 (L),291,13.48,,
피자_마르게리타 피자 오리지널 (M),299,14.25,,
피자_마르게리타 피자 오리지널 파마산 치즈 (L),296,14.12,,
피자_마르게리타 피자 오리지널 파마산 치즈 (M),305,14.93,,
피자_마르게리타 피자 팬 (L),323,12.28,,
피자_마블 피자 (L),246,12.21,,
피자_마스터트리플코스 피자 오리지널 (L),244,12.0,,
피자_마약 옥수수 피자,242,9.55,,
피자_마약옥수수 피자,222,10.97,,
피자_마약옥수수 피자,275,12.12,,
피자_마약콘치즈 (L),267,9.09,,
피자_마약콘치즈 (R),262,8.65,,
피자_마이유스콰트로피자 (L),258,13.55,,
피자_마이유스콰트로피자 (XL),261,11.51,,
피자_만수르 피자 (M),244,6.9,,
피자_매니악 페퍼로니 피자,263,12.33,,
피자_매니악 페퍼로니 피자 (L),312,14.29,,
피자_매달매달 피자 (L),269,13.85,,
피자_매운불고기 피자,280,12.25,,
피자_매콤불고기 피자 (L),244,13.7,,
피자_매콤쭈새피자(L),183,10.72,,
피자_매콤치킨바베큐 (L),247,12.5,,
피자_매콤핫치킨 피자 (L),190,11.61,,
피자_맥콘베이컨나폴리(L),310,14.67,,
피자_맵 피자 (L),281,13.29,,
피자_맵고달고 피자 (L),243,6.59,,
피자_맵단불고기 피자,282,10.99,,
피자_맵슐랭 피자 (12인치),220,10.67,,
피자_맵슐랭 피자 (7인치),241,11.71,,
피자_맵퍼로니,290,13.33,,
피자_맵피자 피자 (L),282,13.57,,
피자_메가쉬림프 피자 (L),211,13.08,,
피자_멕시칸맥쉬림프 피자 (L),261,9.14,,
피자_멕시칸바이트 피자,255,13.27,8.16,31.63
피자_멕시칸바이트피자,245,12.45,,
피자_멕시칸하바네로 피자 골드 (L),295,15.87,,
피자_멕시칸하바네로 피자 골드 (R),280,15.03,,
피자_멕시칸하바네로 피자 씬크러스트 (R),288,15.74,,
피자_멕시칸하바네로 피자 에그타르트 (L),303,14.29,,
피자_멕시칸하바네로 피자 에그타르트 (R),290,14.38,,
피자_멕시칸하바네로 피자 오리진 (L),251,13.76,,
피자_멕시칸하바네로 피자 오리진 (R),235,16.99,,
피자_멕시칸하바네로 피자 치즈캡 (L),286,16.93,,
피자_멕시칸하바네로 피자 치즈캡 (R),353,20.92,,
피자_멕시칸하바네로 피자 크림치즈 (L),307,14.81,,
피자_멕시칸하바네로 피자 크림치즈 (R),293,14.38,,
피자_멕시코리따피자씬(L),402,16.65,,
피자_멜로우 콘크림  크루아상,312,8.62,,
피자_멜로우 콘크림 (F),262,8.43,,
피자_멜로우 콘크림 (L),262,8.43,,
피자_멜로우 콘크림 (P),262,8.43,,
피자_멜로우 콘크림 골드링 (F),278,9.68,,
피자_멜로우 콘크림 골드링 (L),278,9.68,,
피자_멜로우 콘크림 골드링 (P),278,9.68,,
피자_멜로우 콘크림 골드링 씬,290,8.84,,
피자_멜로우 콘크림 스파이시 갈릭 치즈롤 (F),277,9.79,,
피자_멜로우 콘크림 스파이시 갈릭 치즈롤 (L),277,9.79,,
피자_멜로우 콘크림 스파이시 갈릭 치즈롤 (P),277,9.79,,
피자_멜로우 콘크림 씬,293,9.34,,
피자_멜로우 콘크림 치즈롤 (F),271,9.68,,
피자_멜로우 콘크림 치즈롤 (L),271,9.68,,
피자_멜로우 콘크림 치즈롤 (P),271,9.68,,
피자_멜로우머쉬룸 피자 (F),241,11.21,,
피자_멜로우머쉬룸 피자 (L),242,11.63,,
피자_멜로우머쉬룸 피자 (P),242,11.86,,
피자_멜로우머쉬룸 피자 (R),242,11.81,,
피자_멜팅치즈 포테이토리치골드 (L),261,10.81,,
피자_멜팅치즈 포테이토리치골드 (M),266,11.33,,
피자_멜팅치즈 포테이토씬 (L),299,11.74,,
피자_멜팅치즈 포테이토오리지널 (L),261,11.09,,
피자_멜팅치즈 포테이토오리지널 (M),265,11.38,,
피자_멜팅치즈 포테이토치즈크러스트 (L),261,11.41,,
피자_멜팅치즈 포테이토치즈크러스트 (M),268,12.29,,
피자_매드쉬림프피자(L),229,11.99,,
피자_멜팅치즈 포테이토치즈크러스트 골드 (L),266,11.97,,
피자_멜팅치즈 포테이토치즈크러스트 골드 (M),271,12.77,,
피자_멜팅치즈 포테이토팬 (L),293,10.09,,
피자_멜팅치즈 피자 (L),283,13.41,,
피자_멜팅치즈 피자 (M),297,15.1,,
피자_멜팅하와이안 피자,244,10.94,,
피자_멜팅하와이안 피자 (L),277,13.0,,
피자_명란쉬림프피자 (1인),261,14.35,,
피자_명란크림새우피자,267,13.03,,
피자_명란크림새우피자바이트,256,12.3,,
피자_모모스테키 피자 (L),232,11.03,,
피자_모모스테키 피자 (M),239,12.42,,
피자_모자이크 피자 씬 (L),229,12.67,,
피자_모자이크 피자 씬 (R),209,10.67,,
피자_모자이크씬(L),230,12.93,,
피자_모자이크씬(R),229,12.28,,
피자_모짜렐라 루꼴라 포카챠,194,8.89,,
피자_모짜렐라치즈 피자,289,11.34,,38.14
피자_모짜렐라치즈피자,289,11.34,,
피자_목동 피자 (L),238,12.7,,
피자_목동 피자 (R),237,10.53,,
피자_목동피자,237,12.4,,
피자_목동피자 (L),238,12.31,,
피자_목동피자 (R),242,11.07,,
피자_목동피자 (XL),238,12.4,,
피자_몬스터고구마 피자 (L),234,11.04,,
피자_몬스터고추마요치킨피자,272,15.41,,
피자_몬스터꿀고구마 피자 (L),228,10.49,,
피자_몬스터꿀고구마피자,234,11.04,,
피자_몬스터돼지불백피자,259,16.35,,
피자_몬스터레드콘피자,239,11.36,,
피자_몬스터명란크림새우피자,258,13.99,,
피자_몬스터바베큐치킨피자,239,14.85,,
피자_몬스터불고기 피자 (L),243,13.66,,
피자_몬스터불고기피자,243,13.66,,
피자_몬스터스테이크불갈비 피자 (L),244,13.78,,
피자_몬스터스테이크불갈비피자,244,13.78,,
피자_몬스터아메리칸체다피자,268,13.89,,
피자_몬스터이탈리안 피자 (L),283,17.86,,
피자_몬스터이탈리안치즈피자,283,17.86,,
피자_몬스터콤비네이션 피자 (L),248,14.81,,
피자_몬스터콤비네이션피자,248,14.81,,
피자_몬스터투움바피자,230,12.58,,
피자_몬스터페퍼로니 피자 (L),267,15.31,,
피자_몬스터페퍼로니피자,267,15.32,,
피자_몬스터포테이토 피자 (L),243,11.42,,
피자_몬스터포테이토피자,243,11.42,,
피자_몬스터하와이안쉬림프 피자 (L),216,11.53,,
피자_몬스터하와이안쉬림프피자,216,11.53,,
피자_몬스터흑마늘불고기피자,252,13.46,,
피자_몽뻬르 피자 (L),264,15.76,,
피자_묻고페퍼더블로가 피자 (L),292,15.97,,
피자_묻고페퍼더블로가 피자 (R),294,16.67,,
피자_미니고구마무스 피자,216,10.31,,26.8
피자_미니바싹불고기 피자,251,16.05,,23.46
피자_미니콤비네이션 피자,259,16.67,,21.79
피자_미스터트리오 피자 골드 (L),222,11.76,,
피자_미스터트리오 피자 골드 (M),219,11.36,,
피자_미스터트리오 피자 골드 (R),233,11.88,,
피자_미스터트리오 피자 노엣지 (L),217,11.87,,
피자_미스터트리오 피자 노엣지 (M),214,11.51,,
피자_미스터트리오 피자 노엣지 (R),230,12.36,,
피자_미스터트리오 피자 에그타르트 (L),227,10.96,,
피자_미스터트리오 피자 에그타르트 (M),225,10.6,,
피자_미스터트리오 피자 에그타르트 (R),239,10.89,,
피자_미스터트리오 피자 치즈캡 (L),222,12.92,,
피자_미스터트리오 피자 치즈캡 (M),220,12.81,,
피자_미스터트리오 피자 치즈캡 (R),233,13.0,,
피자_미스터트리오 피자 크림치즈 (L),223,10.83,,
피자_미스터트리오 피자 크림치즈 (M),221,10.5,,
피자_미스터트리오 피자 크림치즈 (R),234,11.54,,
피자_미트러버,116,6.6,,
피자_미트러버 피자,308,15.0,13.89,31.11
피자_미트볼페퍼로니 피자 (L),292,15.48,,
피자_미트볼페퍼로니 피자 (M),291,15.19,,
피자_미트볼하우스 피자 (XL),261,18.0,,
피자_미트살라미 피자 (L),266,13.31,,
피자_미트살라미 피자 (M),278,14.78,,
피자_미트치폴레 피자,238,15.28,,20.83
피자_미트치폴레피자,237,15.28,,
피자_바베큐골드포크 피자 (L),230,12.0,,
피자_바베큐골드포크 피자 (M),238,13.51,,
피자_바베큐불고기 피자 (L),197,9.81,,
피자_바베큐치킨 피자,228,16.18,,25.74
피자_바베큐치킨 피자 (L),189,12.86,,
피자_바베큐치킨 피자 (L),297,7.63,,
피자_바베큐치킨 피자 (L),246,13.1,,
피자_바베큐치킨 피자 바이트 (L),243,12.32,,
피자_바베큐치킨콤보 피자 (L),273,14.0,,
피자_바베큐치킨피자,228,16.18,,
피자_바베큐치킨피자,246,13.1,,
피자_바베큐치킨피자바이트,243,12.32,,
피자_바베큐포테이토 피자 (L),246,9.36,,
피자_바베큐폭립피자 (L),260,12.49,,
피자_바베큐폭립피자 (M),260,13.09,,
피자_바베큐폭립피자 리치골드크러스트 (L),263,12.68,,
피자_바베큐폭립피자 리치골드크러스트 (M),262,13.16,,
피자_바베큐폭립피자 치즈크러스트 (L),263,12.6,,
피자_바베큐폭립피자 치즈크러스트 (M),262,13.14,,
피자_바베큐플래터 피자 (L),221,12.17,,
피자_바베큐플래터 피자 (M),213,11.1,,
피자_바비큐 시카고 딥디쉬 피자,308,13.98,,26.88
피자_바삭옥수수통새우피자 (L),244,12.42,,
피자_바삭옥수수통새우피자 (M),245,10.76,,
피자_바삭옥수수통새우피자 리치골드크러스트 (L),238,11.85,,
피자_바삭옥수수통새우피자 리치골드크러스트 (M),198,10.71,,
피자_바삭옥수수통새우피자 치즈크러스트 (L),250,12.58,,
피자_바삭옥수수통새우피자 치즈크러스트 (M),255,13.48,,
피자_바삭한허니비피자(L),276,10.81,,
피자_바싹불고기 피자,238,17.46,,26.19
피자_바싹불고기피자,238,17.46,,
피자_바이트골드 피자 (L),214,12.28,,
피자_바질마스카포네뇨끼피자(L),292,14.73,13.64,27.59
피자_바질마스카포네뇨끼피자(P),292,14.73,13.64,27.59
피자_바질마스카포네뇨끼피자(R),292,14.73,13.64,27.59
피자_바질버터관자 피자 (L),246,11.24,,
피자_바질버터관자피자오리지널(L),246,11.24,,
피자_바질크림치즈 디트로이트,118,6.54,,
피자_바질크림치즈디쉬 피자 (L),234,14.84,,
피자_바질플렉스 피자 (XL),291,15.6,,
피자_반&반 피자 골드스윗 (L),256,14.4,,
피자_반&반 피자 골드스윗 (R),254,13.73,,
피자_반&반 피자 리코타링 (L),254,14.91,,
피자_반&반 피자 리코타링 (R),255,14.89,,
피자_반&반 피자 석쇠 (L),248,14.85,,
피자_반&반 피자 석쇠 (R),248,14.88,,
피자_반&반 피자 씬도우 (L),305,16.22,,
피자_반&반 피자 씬도우 (R),291,14.68,,
피자_반&반 피자 씬바샤삭 (L),305,16.22,,
피자_반&반 피자 씬바샤삭 (R),291,14.68,,
피자_반&반 피자 치즈링 (L),247,15.52,,
피자_반&반 피자 치즈링 (R),247,15.54,,
피자_반미터 맛있는 피자,181,10.39,,
피자_반미터 생각나는 피자,177,11.06,,
피자_반미터네가지 피자 (L),216,11.79,,
피자_반올림고구마골드 피자 (R),236,9.49,,
피자_발사믹 피자 (F),265,15.73,,
피자_발사믹 피자 (L),266,15.49,,
피자_발사믹 피자 (R),273,15.25,,
피자_밤스위트골드 피자 (F),264,16.11,,
피자_밤스위트골드 피자 (L),278,16.27,,
피자_밤스위트골드 피자 (R),285,17.38,,
피자_밤호박 피자 고구마크러스트 (L),216,9.35,,
피자_밤호박 피자 고구마크러스트 (R),216,9.26,,
피자_밤호박 피자 밀스크린 (L),220,10.57,,
피자_밤호박 피자 밀스크린 (R),213,10.11,,
피자_밤호박 피자 밀스크린고구마크러스트 (L),218,9.63,,
피자_밤호박 피자 밀스크린고구마크러스트 (R),210,9.09,,
피자_밤호박 피자 밀스크린체다크림크러스트 (L),219,9.56,,
피자_밤호박 피자 밀스크린체다크림크러스트 (R),213,9.09,,
피자_밤호박 피자 밀스크린치즈크러스트 (L),215,10.37,,
피자_밤호박 피자 밀스크린치즈크러스트 (R),207,10.0,,
피자_밤호박 피자 백미스크린 (L),214,10.08,,
피자_밤호박 피자 백미스크린치즈크러스트 (L),208,9.92,,
피자_밤호박 피자 백미스크린치즈크러스트 (R),200,10.2,,
피자_밤호박 피자 씬 (L),215,10.64,,
피자_밤호박 피자 씬 (R),214,9.72,,
피자_밤호박 피자 체다크림크러스트 (L),217,10.0,,
피자_밤호박 피자 체다크림크러스트 (R),217,10.09,,
피자_밤호박 피자 치즈크러스트 (L),213,10.79,,
피자_밤호박 피자 치즈크러스트 (R),211,10.91,,
피자_밤호박 피자 팬 (L),216,10.16,,
피자_밤호박 피자 팬 (R),217,10.1,,
피자_밤호박 피자 흑미스크린 (L),208,10.0,,
피자_밤호박 피자 흑미스크린 (R),201,9.2,,
피자_밤호박 피자 흑미스크린치즈크러스트 (L),205,10.69,,
피자_밤호박 피자 흑미스크린치즈크러스트 (R),197,10.2,,
피자_밤호박고구마크러스트(L),215,9.63,,
피자_밤호박고구마크러스트(R),215,9.2,,
피자_밤호박밀스크린(L),220,10.27,,
피자_밤호박밀스크린(R),213,9.74,,
피자_밤호박밀스크린치즈크러스트(L),215,10.74,,
피자_밤호박밀스크린치즈크러스트(R),207,10.39,,
피자_밤호박백미스크린(L),214,10.18,,
피자_밤호박백미스크린(R),206,9.64,,
피자_밤호박백미치즈크러스트(L),209,10.67,,
피자_밤호박백미치즈크러스트(R),202,10.32,,
피자_밤호박씬(L),214,10.15,,
피자_밤호박씬(R),213,9.53,,
피자_밤호박체다크림크러스트(L),217,10.08,,
피자_밤호박체다크림크러스트(R),217,9.66,,
피자_밤호박치즈크러스트(L),213,10.86,,
피자_밤호박치즈크러스트(R),212,10.54,,
피자_밤호박팬(L),217,10.42,,
피자_밤호박팬(R),217,9.97,,
피자_밤호박흑미스크린(L),208,10.12,,
피자_밤호박흑미스크린(R),201,9.58,,
피자_밤호박흑미치즈크러스트(L),204,10.6,,
피자_밤호박흑미치즈크러스트(R),197,10.26,,
피자_배이컨치즈 피자 (L),303,19.54,,
피자_배이컨치즈 피자 (M),303,18.42,,
피자_버팔로 피자 고구마크러스트 (L),235,10.76,,
피자_버팔로 피자 고구마크러스트 (R),237,10.57,,
피자_버팔로 피자 밀스크린 (L),241,11.27,,
피자_버팔로 피자 밀스크린 (R),237,11.54,,
피자_버팔로 피자 밀스크린고구마크러스트 (L),237,10.39,,
피자_버팔로 피자 밀스크린고구마크러스트 (R),234,10.62,,
피자_버팔로 피자 밀스크린체다크림크러스트 (L),240,11.04,,
피자_버팔로 피자 밀스크린체다크림크러스트 (R),234,10.53,,
피자_버팔로 피자 밀스크린치즈크러스트 (L),234,11.69,,
피자_버팔로 피자 밀스크린치즈크러스트 (R),230,11.3,,
피자_버팔로 피자 백미스크린 (L),236,11.59,,
피자_버팔로 피자 백미스크린 (R),233,10.89,,
피자_버팔로 피자 백미스크린치즈크러스트 (L),230,12.0,,
피자_버팔로 피자 백미스크린치즈크러스트 (R),225,11.61,,
피자_버팔로 피자 씬 (L),242,11.5,,
피자_버팔로 피자 씬 (R),241,11.49,,
피자_버팔로 피자 체다크림크러스트 (L),236,11.32,,
피자_버팔로 피자 체다크림크러스트 (R),236,10.48,,
피자_버팔로 피자 치즈크러스트 (L),232,12.03,,
피자_버팔로 피자 치즈크러스트 (R),230,11.2,,
피자_버팔로 피자 팬 (L),238,11.64,,
피자_버팔로 피자 팬 (R),238,11.4,,
피자_버팔로 피자 흑미스크린 (L),231,11.51,,
피자_버팔로 피자 흑미스크린 (R),226,10.78,,
피자_버팔로 피자 흑미스크린치즈크러스트 (L),227,11.33,,
피자_버팔로 피자 흑미스크린치즈크러스트 (R),220,11.5,,
피자_버팔로고구마크러스트(L),235,10.79,,
피자_미트러버피자,286,16.0,,
피자_버팔로고구마크러스트(R),235,10.4,,
피자_버팔로밀스크린(L),241,11.48,,
피자_버팔로밀스크린(R),237,11.09,,
피자_버팔로밀스크린치즈크러스트(L),236,11.79,,
피자_버팔로밀스크린치즈크러스트(R),230,11.52,,
피자_버팔로백미스크린(L),236,11.43,,
피자_버팔로백미스크린(R),232,11.04,,
피자_버팔로백미치즈크러스트(L),231,11.76,,
피자_버팔로백미치즈크러스트(R),225,11.49,,
피자_버팔로씬(L),241,11.69,,
피자_버팔로씬(R),241,11.17,,
피자_버팔로체다크림크러스트(L),237,11.18,,
피자_버팔로체다크림크러스트(R),237,10.8,,
피자_버팔로치즈크러스트(L),233,11.87,,
피자_버팔로치즈크러스트(R),232,11.57,,
피자_버팔로팬(L),238,11.57,,
피자_버팔로팬(R),238,11.17,,
피자_버팔로흑미스크린(L),232,11.37,,
피자_버팔로흑미스크린(R),228,10.98,,
피자_버팔로흑미치즈크러스트(L),226,11.7,,
피자_버팔로흑미치즈크러스트(R),222,11.43,,
피자_베스트 콰트로 치즈버스트 피자 나폴리 (L),235,11.6,12.61,
피자_베스트 콰트로 치즈버스트 피자 오리지널 (L),219,14.0,11.43,
피자_베스트 콰트로 피자 나폴리 (L),218,10.0,9.93,21.72
피자_베스트 콰트로 피자 나폴리 (M),221,10.9,10.82,20.08
피자_베스트 콰트로 피자 더블치즈 엣지 (L),235,10.9,11.46,21.94
피자_베스트 콰트로 피자 더블치즈 엣지 (M),237,11.5,11.88,20.96
피자_베스트 콰트로 피자 더블치즈 페퍼로니 엣지 (L),239,11.36,11.57,20.4
피자_베스트 콰트로 피자 더블치즈 페퍼로니 엣지 (M),241,11.86,11.55,
피자_베스트 콰트로 피자 슈퍼시드 화이버 버스트 오리지널 (L),288,13.38,10.78,26.74
피자_베스트 콰트로 피자 슈퍼시드 화이버 오리지널 (L),241,10.9,8.69,29.86
피자_베스트 콰트로 피자 슈퍼시드 화이버 오리지널 (M),246,10.0,9.04,30.84
피자_베스트 콰트로 피자 슈화 더블 치즈 페퍼로니 엣지 (L),288,13.88,11.61,25.61
피자_베스트 콰트로 피자 슈화 더블 치즈 페퍼로니 엣지 (M),299,13.42,12.17,26.07
피자_베스트 콰트로 피자 씬 (L),242,10.0,13.26,20.13
피자_베스트 콰트로 피자 씬 (M),250,11.0,14.94,
피자_베스트 콰트로 피자 오리지널 (L),222,10.6,9.15,24.21
피자_베스트 콰트로 피자 오리지널 (M),218,10.7,8.82,23.9
피자_베이컨 포테이토 스퀘어,235,11.85,,
피자_베이컨 포테이토 스퀘어 피자,235,11.85,,
피자_베이컨 포테이토 피자,219,9.64,,
피자_베이컨 포테이토 피자 (L),254,11.11,,
피자_베이컨 포테이토 피자 (L),202,11.08,,
피자_베이컨 포테이토 피자 (M),212,12.48,,
피자_베이컨 포테이토 피자 밀도우 (L),110,5.98,,
피자_베이컨 포테이토 피자 밀도우 (R),74,3.98,,
피자_베이컨 포테이토 피자 씬도우 (L),110,5.99,,
피자_베이컨 포테이토 피자 씬도우 (R),74,3.99,,
피자_베이컨 포테이토 피자밀도우(L),110,5.98,,
피자_베이컨 포테이토 피자밀도우(R),74,3.98,,
피자_베이컨 포테이토 피자씬도우(L),110,5.99,,
피자_베이컨 포테이토 피자씬도우(R),74,3.99,,
피자_베이컨 포테이토리치골드 (L),253,10.46,,
피자_베이컨 포테이토리치골드 (M),264,11.27,,
피자_베이컨 포테이토오리지널 (L),250,10.57,,
피자_베이컨 포테이토오리지널 (M),263,11.36,,
피자_베이컨 포테이토치즈크러스트 (L),252,11.06,,
피자_베이컨 포테이토치즈크러스트 (M),264,12.24,,
피자_베이컨 포테이토치즈크러스트 골드 (L),257,11.54,,
피자_베이컨 포테이토치즈크러스트 골드 (M),268,12.73,,
피자_베이컨 피자,290,17.48,,29.13
피자_베이컨 피자 (L),308,13.75,10.16,40.43
피자_베이컨 피자 (L),266,15.52,,
피자_베이컨 피자 (XL),285,8.72,,
피자_베이컨 피자 (XL),262,15.69,,
피자_베이컨(R),198,11.83,,
피자_베이컨(XL),262,15.69,,
피자_베이컨고구마피자씬(L),375,13.76,,
피자_베이컨듬뿍 피자 크림 (L),286,14.41,,
피자_베이컨듬뿍 피자 토마토 (L),267,14.35,,
피자_베이컨딥체다치즈 피자 (L),276,14.64,,
피자_베이컨딥체다치즈피자오리지널(L),276,14.64,,
피자_베이컨불고기 피자,242,14.71,,25.74
피자_베이컨소세지 피자,264,14.39,,23.48
피자_베이컨소세지피자,264,14.39,,
피자_베이컨소시지 피자 (L),268,11.57,,
피자_베이컨쉬림프 (L),266,15.18,,
피자_베이컨쉬림프 피자 (R),232,11.13,,
피자_베이컨쉬림프 피자 밀도우 (L),115,4.97,,
피자_베이컨쉬림프 피자 밀도우 (R),77,3.3,,
피자_베이컨쉬림프 피자 씬도우 (L),115,4.98,,
피자_베이컨쉬림프 피자 씬도우 (R),77,3.32,,
피자_베이컨쉬림프 피자밀도우(L),115,4.97,,
피자_베이컨쉬림프 피자밀도우(R),77,3.3,,
피자_베이컨쉬림프 피자씬도우(L),115,4.97,,
피자_베이컨쉬림프 피자씬도우(R),77,3.32,,
피자_베이컨왕손포테이토 피자 (L),238,10.29,,
피자_베이컨의꿈 피자 (L),274,16.38,,
피자_베이컨체다 피자,255,17.15,,
피자_베이컨체다 피자 밀도우 (L),121,10.34,,
피자_베이컨체다 피자 밀도우 (R),81,6.91,,
피자_베이컨체다 피자 씬도우 (L),121,10.34,,
피자_베이컨체다 피자 씬도우 (R),81,6.89,,
피자_베이컨체다 피자밀도우(L),121,10.34,,
피자_베이컨체다 피자밀도우(R),81,6.91,,
피자_베이컨체다 피자씬도우(L),121,10.33,,
피자_베이컨체다 피자씬도우(R),81,6.89,,
피자_베이컨체다치즈 피자,277,14.18,,
피자_베이컨체다치즈 피자 (L),307,16.56,,
피자_베이컨체다치즈 피자 (L),244,14.55,,
피자_베이컨체다치즈 피자 (L),310,17.49,,
피자_베이컨체다치즈 피자 (L),253,15.29,,
피자_베이컨체다치즈 피자 (M),257,12.85,,
피자_베이컨체다치즈 피자 (R),247,11.23,,
피자_베이컨체다치즈 피자 (R),257,14.47,,
피자_베이컨체다치즈피자 (L),255,14.73,,
피자_베이컨체다치즈피자 (R),255,14.61,,
피자_베이컨체다치즈피자 (XL),256,14.88,,
피자_베이컨체다치즈피자씬(L),399,19.4,,
피자_베이컨체다치즈피자오리지널,289,17.57,,
피자_베이컨체다피자,268,13.54,,
피자_베이컨체더 피자 더블치즈 엣지 (L),264,12.71,12.66,24.84
피자_베이컨체더 피자 더블치즈 엣지 (M),272,14.85,12.98,23.99
피자_베이컨체더 피자 슈퍼시드 화이버 버스트 오리지널 (L),310,15.21,11.82,27.02
피자_베이컨체더 피자 슈퍼시드 화이버 오리지널 (L),260,12.5,9.7,30.55
피자_베이컨체더 피자 슈퍼시드 화이버 오리지널 (M),264,12.0,9.88,31.56
피자_베이컨체더 피자 슈화 더블 치즈 페퍼로니 엣지 (L),310,15.7,12.71,25.79
피자_베이컨체더 피자 슈화 더블 치즈 페퍼로니 엣지 (M),327,15.99,13.4,25.77
피자_베이컨체더치즈 피자 나폴리 (L),276,14.96,12.6,24.59
피자_베이컨체더치즈 피자 나폴리 (M),273,14.48,12.69,25.2
피자_베이컨체더치즈 피자 더블치즈 페퍼로니 엣지 (L),268,13.16,14.25,22.68
피자_베이컨체더치즈 피자 더블치즈 페퍼로니 엣지 (M),275,15.17,13.7,23.73
피자_베이컨체더치즈 피자 씬 (L),310,15.71,19.46,
피자_베이컨체더치즈 피자 씬 (M),317,16.17,18.9,20.66
피자_베이컨체더치즈 피자 오리지널 (L),275,12.77,12.31,28.2
피자_베이컨체더치즈 피자 오리지널 (M),267,12.36,10.88,30.03
피자_베이컨체더치즈 피자 치즈버스트 나폴리 (L),279,14.26,15.87,
피자_베이컨체더치즈씬(L),320,15.33,,
피자_베이컨체더치즈피자오리지널(L),260,13.33,,
피자_베이컨치즈후라이 피자 (L),193,10.56,,
피자_베이컨파인 피자 (XL),333,19.91,,
피자_베이컨포테이토 (L),232,9.3,,
피자_베이컨포테이토 (R),231,9.91,,
피자_베이컨포테이토 피자,262,9.82,,
피자_베이컨포테이토 피자,232,12.33,,24.66
피자_베이컨포테이토 피자 (L),202,10.58,,
피자_베이컨포테이토 피자 (L),282,15.0,,
피자_베이컨포테이토 피자 (L),218,4.97,,
피자_베이컨포테이토 피자 (L),260,14.23,,
피자_베이컨포테이토 피자 (L),266,9.66,,
피자_베이컨포테이토 피자 (M),212,11.0,,
피자_베이컨포테이토 피자 (R),276,9.95,,
피자_베이컨포테이토 피자 더블치즈크러스트 (L),257,12.47,,
피자_베이컨포테이토 피자 더블치즈크러스트 (M),268,13.56,,
피자_베이컨포테이토 피자 리치골드 (L),254,10.71,,
피자_베이컨포테이토 피자 리치골드 (M),262,11.2,,
피자_베이컨포테이토 피자 오리지널 (M),272,19.39,13.6,
피자_베이컨포테이토 피자 치즈크러스트 (L),257,10.8,,
피자_베이컨포테이토 피자 치즈크러스트 (M),263,11.25,,
피자_베이컨포테이토 피자 프리첼 치즈 (L),257,8.88,,
피자_베이컨포테이토 피자 프리첼 치즈 (M),266,9.19,,
피자_베이컨포테이토피자,232,12.33,,
피자_베이컨포테이토피자 오리지널,265,11.7,,
피자_베이컨포테이토피자(L),234,13.58,9.77,22.97
피자_베이컨포테이토피자(P),234,13.58,9.77,22.97
피자_베이컨포테이토피자(R),234,13.58,9.77,22.97
피자_베이컨피자,290,17.48,,
피자_베이컨하와이안피자(L),233,11.72,8.73,26.87
피자_베이컨하와이안피자(P),233,11.72,8.73,26.87
피자_베이컨하와이안피자(R),233,11.72,8.73,26.87
피자_베이컨할라피뇨 피자,236,14.5,,22.9
피자_베이컨후라이 피자 밀도우 (L),106,7.65,,
피자_베이컨후라이 피자 밀도우 (R),70,5.07,,
피자_베이컨후라이 피자 씬도우 (L),106,7.64,,
피자_베이컨후라이 피자 씬도우 (R),70,5.09,,
피자_베이컨후라이 피자밀도우(L),106,7.65,,
피자_베이컨후라이 피자밀도우(R),70,5.07,,
피자_베이컨후라이 피자씬도우(L),106,7.64,,
피자_베이컨후라이 피자씬도우(R),70,5.09,,
피자_베이토 피자 (L),268,13.71,,
피자_베이토 피자 (R),268,13.93,,
피자_베지 러버씬 (L),257,10.8,,
피자_베지 러버치즈크러스트 (L),240,11.15,,
피자_베지 러버치즈크러스트 (M),252,12.35,,
피자_베지 러버치즈크러스트 골드 (L),246,11.71,,
피자_베지 러버치즈크러스트 골드 (M),258,12.86,,
피자_베지 러버치치골드 (L),244,10.53,,
피자_베지 러버치치골드 (M),254,11.27,,
피자_베지 러버팬 (L),270,9.38,,
피자_베지러버오리지널 (L),230,10.4,,
피자_베지러버오리지널 (M),243,11.16,,
피자_베지테리안 1인피자,230,11.76,,
피자_베지테리안 피자 오리진 (L),219,11.19,,
피자_베지테리안 피자 오리진 (M),214,12.37,,
피자_베지테리안 피자 치즈캡 (L),224,12.52,,
피자_베지테리안 피자 치즈캡 (M),221,13.88,,
피자_베페로니 피자 (L),272,16.41,,
피자_보스 포테이토 (R),228,18.05,,
피자_보스 포테이토 피자 (XL),228,18.05,,
피자_복성로 불고기 피자,391,20.31,16.0,41.64
피자_부라타치즈 피자,246,11.88,,
피자_부어스트 피자 씬 (L),230,13.18,,
피자_북성로 불고기피자,286,14.29,,
피자_불갈비 피자 (L),292,6.73,,
피자_불갈비 피자 (XL),335,18.9,,
피자_불고기 (L),274,15.18,,
피자_불고기 1인피자,277,14.7,,
피자_불고기 체다 스타라이트 피자 나폴리 (L),249,11.9,11.06,25.4
피자_불고기 체다 스타라이트 피자 나폴리 (M),257,12.0,12.02,25.11
피자_불고기 체다 스타라이트 피자 더블치즈 엣지 (L),263,11.8,12.28,26.24
피자_불고기 체다 스타라이트 피자 더블치즈 엣지 (M),269,12.7,12.72,25.82
피자_불고기 체다 스타라이트 피자 더블치즈 페퍼로니 엣지 (L),267,12.32,12.81,23.78
피자_불고기 체다 스타라이트 피자 더블치즈 페퍼로니 엣지 (M),272,13.11,14.1,23.78
피자_불고기 체다 스타라이트 피자 슈퍼시드 화이버 오리지널 (L),244,10.0,8.23,32.12
피자_불고기 체다 스타라이트 피자 슈퍼시드 화이버 오리지널 (M),261,11.0,9.78,31.71
피자_불고기 체다 스타라이트 피자 슈화 더블치즈 페퍼로니 엣지 (L),268,12.51,11.43,26.25
피자_불고기 체다 스타라이트 피자 슈화 더블치즈 페퍼로니 엣지 (M),268,12.42,13.05,25.01
피자_불고기 체다 스타라이트 피자 씬 (L),292,12.7,17.22,21.39
피자_불고기 체다 스타라이트 피자 씬 (M),301,13.5,18.98,
피자_불고기 체다 스타라이트 피자 오리지널 (L),244,11.0,9.56,28.19
피자_불고기 체다 스타라이트 피자 오리지널 (M),251,11.0,10.31,28.25
피자_불고기 체다 스타라이트 피자 치즈버스트 나폴리 (L),262,12.8,14.12,20.84
피자_불고기 체다 스타라이트 피자 치즈버스트 오리지널 (L),260,11.9,11.73,26.64
피자_불고기 체다 스타라이트 피자 화이버 버스트 오리지널 (L),254,11.6,11.06,26.96
피자_불고기 체다 스타라이트 피자 화이버 엣지 오리지널 (L),264,12.0,12.04,26.7
피자_불고기 체다 스타라이트 피자 화이버 엣지 오리지널 (M),264,12.0,12.18,26.44
피자_불고기 피자,247,14.04,8.43,28.65
피자_불고기 피자,255,11.92,10.88,
피자_불고기 피자,229,13.0,,
피자_불고기 피자,250,12.53,,
피자_불고기 피자,294,11.15,,
피자_불고기 피자,165,6.31,,
피자_불고기 피자 (L),245,5.63,,
피자_불고기 피자 (L),216,13.81,,
피자_불고기 피자 (L),252,14.79,6.47,26.1
피자_불고기 피자 (L),248,14.81,,
피자_불고기 피자 (L),299,15.65,,
피자_불고기 피자 (L),306,7.34,,
피자_불고기 피자 (L),238,11.25,,
피자_불고기 피자 (L),249,10.79,,
피자_불고기 피자 (L),234,13.06,,
피자_불고기 피자 (L),244,13.7,,
피자_불고기 피자 (L),234,12.47,,
피자_불고기 피자 (L),240,16.0,,
피자_불고기 피자 (L),314,15.25,10.77,39.12
피자_불고기 피자 (M),220,12.77,,
피자_불고기 피자 (M),243,14.04,,
피자_불고기 피자 (R),232,10.14,,
피자_불고기 피자 (XL),243,17.2,,
피자_불고기 피자 고구마크러스트 (L),237,12.7,,
피자_불고기 피자 고구마크러스트 (R),238,12.5,,
피자_불고기 피자 골드스윗 (G),280,13.94,,
피자_불고기 피자 골드스윗 (L),281,14.02,,
피자_불고기 피자 골드스윗 (R),281,13.84,,
피자_불고기 피자 리코타링 (G),283,14.09,,
피자_불고기 피자 리코타링 (L),283,14.66,,
피자_불고기 피자 리코타링 (R),283,14.69,,
피자_불고기 피자 밀스크린 (L),247,14.68,,
피자_불고기 피자 밀스크린 (R),240,14.29,,
피자_불고기 피자 밀스크린고구마크러스트 (L),241,13.22,,
피자_불고기 피자 밀스크린고구마크러스트 (R),236,12.79,,
피자_불고기 피자 밀스크린체다크림크러스트 (L),243,13.11,,
피자_불고기 피자 밀스크린체다크림크러스트 (R),237,12.64,,
피자_불고기 피자 밀스크린치즈크러스트 (L),238,14.05,,
피자_불고기 피자 밀스크린치즈크러스트 (R),231,13.64,,
피자_불고기 피자 바이트 (L),245,10.46,,
피자_불고기 피자 백미스크린 (L),241,14.29,,
피자_불고기 피자 백미스크린 (R),235,13.51,,
피자_불고기 피자 백미스크린치즈크러스트 (L),232,14.53,,
피자_불고기 피자 백미스크린치즈크러스트 (R),223,13.95,,
피자_불고기 피자 석쇠 (G),278,14.5,,
피자_불고기 피자 석쇠 (L),278,15.06,,
피자_불고기 피자 석쇠 (R),278,14.63,,
피자_불고기 피자 씬 (L),247,16.05,,
피자_불고기 피자 씬 (R),248,15.0,,
피자_불고기 피자 씬도우 (L),287,13.99,,
피자_불고기 피자 씬도우 (R),300,14.0,,
피자_불고기 피자 씬바샤삭 (L),287,13.99,,
피자_불고기 피자 씬바샤삭 (R),300,14.0,,
피자_불고기 피자 오리진 (L),259,11.15,,
피자_불고기 피자 오리진 (M),270,15.79,,
피자_불고기 피자 오리진 (R),257,12.98,,
피자_불고기 피자 체다크림크러스트 (L),240,13.49,,
피자_불고기 피자 체다크림크러스트 (R),239,13.4,,
피자_불고기 피자 치즈링 (G),273,15.69,,
피자_불고기 피자 치즈링 (L),272,16.33,,
피자_불고기 피자 치즈링 (R),272,15.54,,
피자_불고기 피자 치즈캡 (L),260,12.67,,
피자_불고기 피자 치즈캡 (M),270,16.96,,
피자_불고기 피자 치즈캡 (R),259,14.19,,
피자_불고기 피자 치즈크러스트 (L),233,14.29,,
피자_불고기 피자 치즈크러스트 (R),233,14.29,,
피자_불고기 피자 팬 (L),241,14.04,,
피자_불고기 피자 팬 (R),241,13.79,,
피자_불고기 피자 흑미스크린 (L),233,14.15,,
피자_불고기 피자 흑미스크린 (R),227,13.33,,
피자_불고기 피자 흑미스크린치즈크러스트 (L),225,14.41,,
피자_불고기 피자 흑미스크린치즈크러스트 (R),219,13.95,,
피자_불고기(R),182,12.76,,
피자_불고기BBQ 피자,241,11.28,,
피자_불고기감자 피자 (XL),249,17.45,,
피자_불고기감자(R),187,13.15,,
피자_불고기감자(XL),249,17.45,,
피자_불고기고구마크러스트(L),237,13.08,,
피자_불고기고구마크러스트(R),237,12.54,,
피자_불고기밀스크린(L),246,14.31,,
피자_불고기밀스크린(R),241,14.01,,
피자_불고기밀스크린치즈크러스트(L),238,14.43,,
피자_불고기밀스크린치즈크러스트(R),231,14.2,,
피자_불고기백미스크린(L),240,14.36,,
피자_불고기백미스크린(R),234,14.04,,
피자_불고기백미치즈크러스트(L),232,14.47,,
피자_불고기백미치즈크러스트(R),225,14.23,,
피자_불고기씬(L),248,15.61,,
피자_불고기씬(R),248,14.95,,
피자_불고기의정석 피자 (L),248,13.33,,
피자_불고기의정석 피자 (M),247,14.14,,
피자_불고기(XL),243,17.2,,
피자_불고기체다크림크러스트(L),239,13.55,,
피자_불고기체다크림크러스트(R),240,13.04,,
피자_불고기치즈크러스트(L),235,14.43,,
피자_불고기치즈크러스트(R),233,13.99,,
피자_불고기팬(L),242,14.32,,
피자_불고기팬(R),242,13.79,,
피자_불고기피자,249,10.79,,
피자_불고기피자,253,13.7,8.35,30.6
피자_불고기피자,237,13.29,,
피자_불고기피자 (L),266,13.13,,
피자_불고기피자 (L),236,10.76,,
피자_불고기피자 (M),270,12.54,,
피자_불고기피자 (R),237,10.72,,
피자_불고기피자 (R),235,11.61,,
피자_불고기피자 (XL),236,10.83,,
피자_불고기피자 리치골드크러스트 (L),267,13.24,,
피자_불고기피자 리치골드크러스트 (M),270,12.71,,
피자_불고기피자 치즈크러스트 (L),268,13.19,,
피자_불고기피자 치즈크러스트 (M),272,12.68,,
피자_불고기피자바이트,245,10.46,,
피자_불고기피자오리지널,320,14.82,,
피자_불고기흑미스크린(L),233,14.26,,
피자_불고기흑미스크린(R),228,13.95,,
피자_불고기흑미치즈크러스트(L),227,14.39,,
피자_불고기흑미치즈크러스트(R),220,14.15,,
피자_불그닭 피자 (L),241,14.62,,
피자_불그닭 피자 (R),241,14.84,,
피자_불금 피자 (L),263,13.95,,
피자_불닭 피자,225,15.67,,22.39
피자_불닭 피자 (L),246,14.92,,
피자_불닭 피자 (L),244,15.53,,
피자_불닭 피자 (L),228,12.5,,
피자_불닭고구마 피자,254,9.86,10.8,29.58
피자_불닭고구마피자,237,11.62,,
피자_불닭바베큐 피자 밀도우 (L),114,8.93,,
피자_불닭바베큐 피자 밀도우 (R),76,5.97,,
피자_불닭바베큐 피자 씬도우 (L),114,8.95,,
피자_불닭바베큐 피자 씬도우 (R),76,5.96,,
피자_불닭바베큐밀도우(L),114,8.93,,
피자_불닭바베큐밀도우(R),76,5.97,,
피자_불닭바베큐씬도우(L),114,8.95,,
피자_불닭바베큐씬도우(R),76,5.96,,
피자_불닭발레전드 피자 (L),313,15.71,,33.81
피자_불닭발레전드 피자 (R),292,12.0,,39.0
피자_불닭쉬림프 피자 밀도우 (L),104,8.6,,
피자_불닭쉬림프 피자 밀도우 (R),69,5.74,,
피자_불닭쉬림프 피자 씬도우 (L),104,8.6,,
피자_불닭쉬림프 피자 씬도우 (R),69,5.73,,
피자_불닭쉬림프 피자밀도우(L),104,8.6,,
피자_불닭쉬림프 피자밀도우(R),69,5.74,,
피자_불닭쉬림프 피자씬도우(L),104,8.6,,
피자_불닭쉬림프 피자씬도우(R),69,5.73,,
피자_불닭치킨피자 (1인),253,16.49,,
피자_불닭핫치킨 피자 (L),225,15.18,,
피자_불벅 피자 (L),270,13.15,,
피자_불새피자,186,8.14,,
피자_불새피자 불고기새우 피자 (L),226,12.77,,
피자_브라운비프 피자,257,14.21,,
피자_브로스페셜콤비 피자 (L),279,15.0,,
피자_브루클린 버거 피자 씬 (L),306,14.36,,
피자_브루클린 버거 피자 오리지널 (L),266,12.62,,
피자_브루클린 버거 피자 오리지널 (M),271,13.1,,
피자_브루클린 버거 피자 오리지널 파마산 치즈 (L),273,13.3,,
피자_브루클린 버거 피자 오리지널 파마산 치즈 (M),275,13.64,,
피자_브루클린 버거 피자 팬 (L),298,11.7,,
피자_브루클린스테이크 피자,125,6.17,,
피자_블랙 페퍼 폭탄 피자,252,13.66,,
피자_블랙소세지핫도그 피자,256,12.13,,
피자_블랙앵거스 스테이크 피자 나폴리 (L),233,11.5,9.11,26.17
피자_블랙앵거스 스테이크 피자 나폴리 (M),231,11.0,9.83,24.25
피자_블랙앵거스 스테이크 피자 더블치즈 페퍼로니 엣지 (L),246,12.14,10.94,23.81
피자_블랙앵거스 스테이크 피자 슈퍼시드 화이버 버스트 오리지널 (L),278,13.48,10.26,25.66
피자_블랙앵거스 스테이크 피자 슈퍼시드 화이버 오리지널 (L),232,11.0,8.08,28.58
와플_초코 와플,220,4.32,,
피자_블랙앵거스 스테이크 피자 슈퍼시드 화이버 오리지널 (M),239,10.9,8.19,30.51
피자_블랙앵거스 스테이크 피자 슈화 더블 치즈 페퍼로니 엣지 (L),278,13.98,11.09,24.54
피자_블랙앵거스 스테이크 피자 슈화 더블 치즈 페퍼로니 엣지 (M),295,14.42,11.58,25.64
피자_블랙앵거스 스테이크 피자 씬 (L),260,11.0,13.57,23.16
피자_블랙앵거스 스테이크 피자 씬 (M),244,10.6,12.74,21.62
피자_블랙앵거스 스테이크 피자 오리지널 (L),242,12.0,8.54,29.26
피자_블랙앵거스 스테이크 피자 치즈 엣지 (L),242,11.7,10.37,25.46
피자_블랙앵거스 스테이크 피자 치즈 엣지 (M),242,11.0,10.84,24.7
피자_블랙앵거스 스테이크 피자 치즈버스트 나폴리 (L),243,11.6,11.5,23.2
피자_블랙앵거스 스테이크 피자 치즈버스트 오리지널 (L),248,11.6,10.86,25.97
피자_블랙앵거스 스테이크 피자 트리플치즈버스트 엣지 (L),239,11.18,,
피자_블랙청양페퍼로니 피자,279,18.52,,
피자_블랙타이거 슈림프 피자 나폴리 (L),240,11.5,6.31,29.73
피자_블랙타이거 슈림프 피자 나폴리 (M),236,12.0,9.2,25.98
피자_블랙타이거 슈림프 피자 더블치즈 페퍼로니 엣지 (L),245,11.98,10.11,26.26
피자_블랙타이거 슈림프 피자 더블치즈 페퍼로니 엣지 (M),252,13.05,12.09,22.79
피자_블랙타이거 슈림프 피자 슈퍼시드 화이버 버스트 오리지널 (L),292,13.38,9.64,29.74
피자_불벅치즈링 피자 (R),264,12.64,,
피자_블랙타이거 슈림프 피자 슈퍼시드 화이버 오리지널 (L),242,10.7,7.12,33.77
피자_블랙타이거 슈림프 피자 슈퍼시드 화이버 오리지널 (M),243,11.6,7.22,32.73
피자_블랙타이거 슈림프 피자 슈화 더블 치즈 페퍼로니 엣지 (L),292,13.93,10.55,28.5
피자_블랙타이거 슈림프 피자 슈화 더블 치즈 페퍼로니 엣지 (M),302,15.33,11.02,27.1
피자_블랙타이거 슈림프 피자 씬 (L),251,11.6,11.71,24.86
피자_블랙타이거 슈림프 피자 씬 (M),254,12.0,11.02,23.32
피자_블랙타이거 슈림프 피자 오리지널 (M),238,11.6,9.11,27.87
피자_블랙타이거 슈림프 피자 치즈 엣지 (L),241,11.5,8.69,29.08
피자_블랙타이거 슈림프 피자 치즈 엣지 (M),248,12.7,10.9,24.86
피자_블랙타이거 슈림프 피자 치즈버스트 나폴리 (L),243,11.6,11.52,23.17
피자_블랙타이거 슈림프 피자 치즈버스트 오리지널 (L),243,14.0,10.07,23.5
피자_블랙타이거슈림프 오리지널 트리플치즈버스트엣지 (L),257,12.67,,
피자_블랙타이거슈림프 피자,199,12.85,,
피자_블랙타이거슈림프 피자 오리지널 (L),234,11.0,6.94,31.61
피자_블랙타이거슈림프 피자 트리플치즈버스트 엣지 (L),241,12.0,,
피자_블랙트러플 스테이크 시카고 피자,278,15.0,,26.25
피자_블록버스터4 피자 나폴리 (L),235,12.0,9.9,24.19
피자_블록버스터4 피자 나폴리 (M),228,12.5,10.0,22.04
피자_블록버스터4 피자 더블치즈 엣지 (L),244,11.9,10.25,25.91
피자_블록버스터4 피자 더블치즈 엣지 (M),236,12.6,10.53,22.65
피자_블록버스터4 피자 더블치즈 엣지 오리지널 (L),237,12.5,,
피자_블록버스터4 피자 더블치즈 페퍼로니 엣지 (L),248,12.32,11.5,24.39
피자_블록버스터4 피자 더블치즈 페퍼로니 엣지 (M),239,12.91,11.05,20.98
피자_블록버스터4 피자 슈퍼시드 화이버 버스트 오리지널 (L),281,15.03,10.25,25.27
피자_블록버스터4 피자 슈퍼시드 화이버 오리지널 (L),236,12.6,8.11,28.06
피자_블록버스터4 피자 슈퍼시드 화이버 오리지널 (M),232,11.0,8.41,27.6
피자_블록버스터4 피자 슈화 더블 치즈 페퍼로니 엣지 (L),281,15.47,11.06,24.18
피자_블록버스터4 피자 슈화 더블 치즈 페퍼로니 엣지 (M),285,14.32,11.57,23.5
피자_블록버스터4 피자 씬 (L),250,13.0,13.08,20.0
피자_블록버스터4 피자 씬 (M),245,14.0,13.74,
피자_블록버스터4 피자 오리지널 (L),239,11.0,8.86,28.35
피자_블록버스터4 피자 오리지널 (M),221,11.8,8.28,24.9
피자_블록버스터4 피자 치즈버스트 나폴리 (L),245,13.0,12.8,
피자_블록버스터4 피자 치즈버스트 오리지널 (L),243,12.0,11.17,23.41
피자_비프갈릭 피자 (L),262,13.62,8.67,24.7
피자_불사조쉬림프 피자 (L),231,14.44,,
피자_비프퀘사디아 피자,264,12.38,8.91,33.17
피자_비프퀘사디아피자,232,12.07,,
피자_비프홀리데이 피자(L),285,13.0,,
피자_빅포 피자 (L),94,3.69,,
피자_빙빙회오리감자피자 (1인),278,11.14,,
피자_빠새 피자 (L),278,10.15,,
피자_뿜뿜불고기 피자,303,12.69,,
피자_사대천왕 피자 (L),250,13.67,,
피자_사대천왕 피자 (L),329,15.0,,
피자_사장의실수 피자 (L),279,15.44,,
피자_사장의실수 피자 (R),279,15.23,,
피자_산체스타타코 피자 (L),245,12.14,,28.64
피자_산체스타타코 피자 (R),246,12.15,,28.73
피자_살치스테이크 피자 밀도우 (L),111,9.06,,
피자_살치스테이크 피자 밀도우 (R),74,6.04,,
피자_살치스테이크 피자 씬도우 (L),111,9.05,,
피자_살치스테이크 피자 씬도우 (R),74,6.03,,
피자_살치스테이크 피자밀도우(L),111,9.06,,
피자_살치스테이크 피자밀도우(R),74,6.04,,
피자_살치스테이크 피자씬도우(L),111,9.05,,
피자_살치스테이크 피자씬도우(R),74,6.03,,
피자_상큼하와이안 피자 (L),165,7.69,,
피자_새우 피자 (L),303,6.38,,
피자_새우리아 피자,275,8.75,11.11,29.45
피자_새우세보래 피자 씬 (L),248,10.66,,
피자_새우세보래 피자 씬 (R),246,10.1,,
피자_새우세보래씬(L),248,10.33,,
피자_새우세보래씬(R),248,10.5,,
피자_새우에빠진닭 피자 (L),239,13.68,,
피자_새우에빠진닭 피자 (M),238,13.59,,
피자_새우천왕 피자 골드 (L),223,12.29,,
피자_새우천왕 피자 골드 (M),223,12.04,,
피자_새우천왕 피자 골드 (R),226,11.76,,
피자_새우천왕 피자 노엣지 오리진 (L),217,12.5,,
피자_새우천왕 피자 노엣지 오리진 (M),219,12.32,,
피자_새우천왕 피자 노엣지 오리진 (R),247,12.5,,
피자_새우천왕 피자 에그타르트 (L),228,11.42,,
피자_새우천왕 피자 에그타르트 (M),230,11.19,,
피자_새우천왕 피자 에그타르트 (R),226,10.78,,
피자_새우천왕 피자 치즈캡 (L),222,13.59,,
피자_새우천왕 피자 치즈캡 (M),225,13.68,,
피자_새우천왕 피자 치즈캡 (R),250,13.5,,
피자_새우천왕 피자 크림치즈 (L),224,11.26,,
피자_새우천왕 피자 크림치즈 (M),225,11.05,,
피자_새우천왕 피자 크림치즈 (R),223,11.43,,
피자_새우콤비네이션 피자 (L),239,5.32,,
피자_새우파티 피자 골드스윗 (L),230,12.9,,
피자_새우파티 피자 골드스윗 (R),241,12.63,,
피자_새우파티 피자 리코타링 (L),226,13.19,,
피자_새우파티 피자 리코타링 (R),240,13.19,,
피자_새우파티 피자 석쇠 (L),217,12.88,,
피자_새우파티 피자 석쇠 (R),231,12.96,,
피자_새우파티 피자 씬도우 (L),253,11.52,,
피자_새우파티 피자 씬도우 (R),249,12.12,,
피자_새우파티 피자 씬바샤삭 (L),253,11.52,,
피자_새우파티 피자 씬바샤삭 (R),249,12.12,,
피자_새우파티 피자 치즈링 (L),219,13.61,,
피자_새우파티 피자 치즈링 (R),232,13.9,,
피자_샘스테이크 피자 골드스윗 (L),280,14.38,,
피자_샘스테이크 피자 골드스윗 (R),279,14.56,,
피자_샘스테이크 피자 리코타링 (L),280,14.79,,
피자_샘스테이크 피자 리코타링 (R),281,15.26,,
피자_샘스테이크 피자 석쇠 (L),278,14.73,,
피자_샘스테이크 피자 석쇠 (R),277,15.29,,
피자_샘스테이크 피자 씬도우 (L),278,13.37,,
피자_샘스테이크 피자 씬도우 (R),263,13.08,,
피자_샘스테이크 피자 씬바샤삭 (L),278,13.37,,
피자_샘스테이크 피자 씬바샤삭 (R),263,13.08,,
피자_샘스테이크 피자 치즈링 (L),274,15.28,,
피자_샘스테이크 피자 치즈링 (R),272,15.9,,
피자_서오릉갈비 (L),244,11.29,,
피자_서오릉갈비 (R),247,11.77,,
피자_서오릉갈비 피자 (L),259,11.96,,
피자_서오릉갈비 피자 (R),261,12.34,,
피자_세뇨리따 피자 (L),188,10.79,,
피자_세뇨리따 피자 (M),179,10.92,,
피자_소고기로제스테이크커리 피자 (L),275,18.0,,
피자_소베페 피자 (L),279,15.94,,
피자_소불고기 피자,243,17.21,,24.59
피자_소불고기피자,243,17.21,,
피자_소세지 피자 (L),305,7.79,,
피자_소시지 피자 (XL),218,13.5,,
피자_소시지맥스나폴리(L),303,15.33,,
피자_소프트포테이토무스 피자 밀도우 (L),107,4.88,,
피자_소프트포테이토무스 피자 밀도우 (R),71,3.26,,
피자_소프트포테이토무스 피자 씬도우 (L),107,4.89,,
피자_소프트포테이토무스 피자 씬도우 (R),71,3.26,,
피자_소프트포테이토무스 피자밀도우(L),107,4.88,,
피자_소프트포테이토무스 피자밀도우(R),71,3.26,,
피자_소프트포테이토무스 피자씬도우(L),107,4.89,,
피자_소프트포테이토무스 피자씬도우(R),71,3.26,,
피자_속풀이해장 피자 (L),262,13.01,,
피자_수제불고기 피자 밀도우 (L),107,7.37,,
피자_수제불고기 피자 밀도우 (R),71,4.91,,
피자_수제불고기 피자 씬도우 (L),107,7.35,,
피자_수제불고기 피자 씬도우 (R),71,4.89,,
피자_수제불고기 피자밀도우(L),107,7.37,,
피자_수제불고기 피자밀도우(R),71,4.91,,
피자_수제불고기 피자씬도우(L),107,7.35,,
피자_수제불고기 피자씬도우(R),71,4.89,,
피자_수퍼 파파스 (F),241,10.7,,
피자_수퍼 파파스 (L),241,10.79,,
피자_수퍼 파파스 (P),240,11.27,,
피자_수퍼 파파스 골드링 (F),266,11.78,,
피자_수퍼 파파스 골드링 (L),265,11.17,,
피자_수퍼 파파스 골드링 (P),265,11.44,,
피자_수퍼 파파스 골드링 씬,276,11.16,,
피자_수퍼 파파스 스파이시 갈릭 치즈롤 (F),254,12.59,,
피자_수퍼 파파스 스파이시 갈릭 치즈롤 (L),254,12.51,,
피자_수퍼 파파스 스파이시 갈릭 치즈롤 (P),254,12.58,,
피자_수퍼 파파스 씬,282,11.86,,
피자_수퍼 파파스 치즈롤 (F),257,11.66,,
피자_수퍼 파파스 치즈롤 (L),257,12.17,,
피자_수퍼 파파스 치즈롤 (P),258,12.15,,
피자_수퍼 파파스 크루아상,287,11.15,,
피자_수퍼 파파스 피자 골드링 (F),266,11.78,,
피자_수퍼 파파스 피자 골드링 (L),265,11.17,,
피자_수퍼 파파스 피자 골드링 (P),265,11.44,,
피자_수퍼 파파스 피자 골드링씬 (F),276,11.16,,
피자_수퍼 파파스 피자 씬 (F),282,11.86,,
피자_수퍼 파파스 피자 오리지널 (F),241,10.7,,
피자_수퍼 파파스 피자 오리지널 (L),240,10.79,,
피자_수퍼 파파스 피자 오리지널 (P),240,11.27,,
피자_수퍼 파파스 피자 오리지널 (R),241,11.16,,
피자_수퍼 파파스 피자 치즈롤 (F),257,11.66,,
피자_수퍼 파파스 피자 치즈롤 (L),257,12.17,,
피자_수퍼 파파스 피자 치즈롤 (P),258,12.15,,
피자_수퍼 파파스 하트씬,242,8.51,,
피자_수퍼수프림 (L),264,10.57,,
피자_수퍼수프림 피자 (L),288,11.11,,
피자_수퍼슈프림 피자 (L),224,11.9,,
피자_수퍼슈프림 피자 (M),217,11.78,,
피자_수퍼슈프림 피자 더블치즈크러스트 (L),254,13.91,,
피자_수퍼슈프림 피자 더블치즈크러스트 (M),264,14.75,,
피자_수퍼슈프림 피자 리치골드(L),252,12.12,,
피자_수퍼슈프림 피자 리치골드(M),260,12.54,,
피자_수퍼슈프림 피자 치즈크러스트 (L),245,12.84,,
피자_수퍼슈프림 피자 치즈크러스트 (M),251,13.71,,
피자_수퍼슈프림 피자 팬 (L),265,11.13,,
피자_수퍼슈프림 피자 프리미엄 오리지널 (L),252,12.72,,
피자_수퍼슈프림 피자 프리미엄 오리지널 (M),260,13.12,,
피자_수퍼슈프림 피자 프리첼 치즈 (L),254,10.49,,
피자_수퍼슈프림 피자 프리첼 치즈 (M),264,10.71,,
피자_수퍼슈프림리치골드 (L),251,11.91,,
피자_수퍼슈프림리치골드 (M),259,12.52,,
피자_수퍼슈프림오리지널 (L),244,12.55,,
피자_수퍼슈프림오리지널 (M),256,13.15,,
피자_수퍼슈프림치즈크러스트 (L),249,12.65,,
피자_수퍼슈프림치즈크러스트 (M),262,13.83,,
피자_수퍼슈프림치즈크러스트 골드 (L),253,13.07,,
피자_수퍼슈프림치즈크러스트 골드 (M),265,14.18,,
피자_수퍼파파스 (R),241,11.19,,
피자_수퍼파파스 피자 (F),240,10.69,,
피자_수퍼파파스 피자 (L),240,10.77,,
피자_수퍼파파스 피자 (P),241,11.28,,
피자_수퍼파파스 피자 (R),241,11.19,,
피자_순삭 크런치 포테이토 피자 씬 (L),291,10.06,,
피자_순삭 크런치 포테이토 피자 오리지널 (L),260,9.84,,
피자_순삭 크런치 포테이토 피자 오리지널 (M),262,10.0,,
피자_순삭 크런치 포테이토 피자 오리지널 파마산 치즈 (L),265,10.31,,
피자_순삭 크런치 포테이토 피자 오리지널 파마산 치즈 (M),270,10.69,,
피자_순삭 크런치 포테이토 피자 팬 (L),285,9.08,,
피자_순삭포테이토 피자,348,10.28,,
피자_숯불포크피자 (1인),265,14.69,,
피자_쉬림드보니토 피자 (L),235,15.56,,
피자_쉬림드보니토 피자 (R),236,15.63,,
피자_쉬림프 골드 피자 (M),222,11.7,,
피자_쉬림프 골드 피자 에그타르트 (L),247,9.74,,
피자_쉬림프 골드 피자 에그타르트 (M),229,10.82,,
피자_쉬림프 골드 피자 오리진 (L),238,10.65,,
피자_쉬림프 골드 피자 오리진 (M),217,11.93,,
피자_쉬림프 골드 피자 치즈캡 (L),242,12.04,,
피자_쉬림프 골드 피자 치즈캡 (M),223,13.4,,
피자_쉬림프 골드 피자 크림치즈 (L),242,9.64,,
피자_쉬림프 골드 피자 크림치즈 (M),224,10.69,,
피자_쉬림프 피자 (L),224,13.98,,
피자_쉬림프 피자 (XL),116,7.89,,
피자_쉬림프 피자 골드 (L),241,10.69,,
피자_쉬림프 피자 골드 (R),229,12.3,,
피자_쉬림프 피자 에그타르트 (L),238,11.02,,
커피_카페라떼 핫(HOT),40,2.0,,
피자_쉬림프 피자 에그타르트 (R),236,11.23,,
피자_쉬림프 피자 오리진 (L),226,11.76,,
피자_쉬림프 피자 오리진 (R),225,12.5,,
피자_쉬림프 피자 치즈캡 (L),232,13.16,,
피자_쉬림프 피자 치즈캡 (R),230,14.13,,
피자_쉬림프 피자 크림치즈 (L),232,10.57,,
피자_쉬림프 피자 크림치즈 (R),231,11.34,,
피자_쉬림프&핫치킨골드 피자 (L),235,13.91,,
피자_쉬림프&핫치킨피자 (L),237,16.28,,
피자_쉬림프&핫치킨피자 (R),235,16.86,,
피자_쉬림프&핫치킨피자 (XL),235,14.01,,
피자_쉬림프(R),201,13.64,,
피자_쉬림프(XL),116,7.89,,
피자_쉬림프(새우) 피자,226,14.07,,25.19
피자_쉬림프(새우)피자,226,14.07,,
피자_쉬림프갈릭스노윙 피자,244,14.18,,
피자_쉬림프고르곤졸라 피자,423,23.13,,
피자_쉬림프골드 피자,279,11.34,,
피자_쉬림프골드 피자,248,14.29,,25.0
피자_쉬림프골드 피자 (L),291,14.57,,
피자_쉬림프골드 피자 (L),259,12.45,,
피자_쉬림프골드 피자 밀스크린 (L),247,12.98,,
피자_쉬림프골드 피자 밀스크린 (R),290,17.71,,
피자_쉬림프골드 피자 백미스크린 (L),243,12.6,,
피자_쉬림프골드 피자 백미스크린 (R),287,17.2,,
피자_쉬림프골드 피자 씬 (L),250,13.73,,
피자_쉬림프골드 피자 씬 (R),306,18.99,,
피자_쉬림프골드 피자 흑미스크린 (L),239,12.6,,
피자_쉬림프골드 피자 흑미스크린 (R),281,17.02,,
피자_쉬림프골드밀스크린(L),248,12.78,,
피자_쉬림프골드밀스크린(R),242,12.42,,
피자_쉬림프골드백미스크린(L),243,12.77,,
피자_쉬림프골드백미스크린(R),237,12.4,,
피자_쉬림프골드씬(L),250,13.38,,
피자_쉬림프골드씬(R),249,12.8,,
피자_쉬림프골드흑미스크린(L),237,12.7,,
피자_쉬림프골드흑미스크린(R),233,12.33,,
피자_쉬림프디럭스 피자 (L),227,10.87,,
피자_쉬림프콤비 피자 (L),214,11.52,,
피자_쉬림프콤비 피자 (M),205,11.2,,
피자_쉬림프크림 피자,225,13.64,,
피자_쉬림프투움바피자 (1인),243,12.41,,
피자_쉬림프페스츄리 피자,289,13.33,,
피자_쉬림플렉스 피자 (L),200,13.95,,
피자_쉬림플렉스피자오리지널(L),200,13.94,,
피자_슈림프 알프레도 피자 씬 (F),238,12.67,,
피자_슈림프 알프레도(TH),238,12.67,,
피자_슈퍼 디럭스 히어로 피자 나폴리 (L),250,12.0,10.64,26.51
피자_슈퍼 디럭스 히어로 피자 나폴리 (M),250,12.6,11.08,25.0
피자_슈퍼 디럭스 히어로 피자 더블치즈 엣지 (L),246,11.0,10.19,27.04
피자_슈퍼 디럭스 히어로 피자 더블치즈 엣지 (M),254,12.0,11.79,24.53
피자_슈퍼 디럭스 히어로 피자 더블치즈 페퍼로니 엣지 (L),251,11.55,12.16,27.23
피자_슈퍼 디럭스 히어로 피자 더블치즈 페퍼로니 엣지 (M),257,12.41,12.34,25.81
피자_슈퍼 디럭스 히어로 피자 슈퍼시드 화이버 오리지널 (L),247,10.0,8.47,32.18
피자_슈퍼 디럭스 히어로 피자 슈퍼시드 화이버 오리지널 (M),246,11.0,8.88,30.38
피자_슈퍼 디럭스 히어로 피자 슈화 더블 치즈 페퍼로니 엣지 (L),262,11.55,12.05,27.68
피자_슈퍼 디럭스 히어로 피자 슈화 더블 치즈 페퍼로니 엣지 (M),257,11.92,12.15,24.11
피자_슈퍼 디럭스 히어로 피자 씬 (L),294,12.8,16.67,23.09
피자_슈퍼 디럭스 히어로 피자 씬 (M),291,12.0,16.43,23.3
피자_슈퍼 디럭스 히어로 피자 오리지널 (L),248,10.7,8.62,31.72
피자_슈퍼 디럭스 히어로 피자 오리지널 (M),246,10.9,8.61,31.25
피자_슈퍼 디럭스 히어로 피자 치즈버스트 나폴리 (L),255,11.6,12.77,23.47
피자_슈퍼 디럭스 히어로 피자 치즈버스트 오리지널 (L),257,11.8,11.25,27.2
피자_슈퍼 디럭스 히어로 피자 화이버 버스트 오리지널 (L),255,11.9,11.35,26.34
피자_슈퍼 디럭스 히어로 피자 화이버 엣지 오리지널 (L),257,11.0,10.87,28.66
피자_슈퍼 디럭스 히어로 피자 화이버 엣지 오리지널 (M),253,11.5,10.89,27.3
피자_슈퍼 콤비네이션 피자,228,10.67,,
피자_슈퍼 콤비네이션 피자 (L),266,12.05,,
피자_슈퍼디럭스 피자 나폴리 (L),226,11.55,10.34,21.7
피자_슈퍼디럭스 피자 나폴리 (M),246,12.26,11.33,27.69
피자_슈퍼디럭스 피자 더블치즈 엣지 (L),245,11.48,12.56,21.52
피자_슈퍼디럭스 피자 더블치즈 엣지 (M),239,12.8,11.79,20.41
피자_슈퍼디럭스 피자 더블치즈 페퍼로니 엣지 (L),249,11.92,12.19,22.46
피자_슈퍼디럭스 피자 더블치즈 페퍼로니 엣지 (M),243,13.14,12.3,25.12
피자_슈퍼디럭스 피자 슈퍼시드 화이버 버스트 오리지널 (L),272,12.95,11.21,23.25
피자_슈퍼디럭스 피자 슈퍼시드 화이버 오리지널 (L),228,10.6,9.32,25.6
피자_슈퍼디럭스 피자 슈퍼시드 화이버 오리지널 (M),234,10.8,8.91,31.78
피자_슈퍼디럭스 피자 슈퍼시드함유도우 (M),228,10.46,,
피자_슈퍼디럭스 피자 슈화 더블 치즈 페퍼로니 엣지 (L),273,13.44,12.0,22.21
피자_슈퍼디럭스 피자 슈화 더블 치즈 페퍼로니 엣지 (M),289,14.28,12.13,26.74
피자_슈퍼디럭스 피자 씬 (L),245,12.09,14.09,
피자_슈퍼디럭스 피자 씬 (M),275,12.57,15.73,22.37
피자_슈퍼디럭스 피자 오리지널 (L),236,11.01,9.67,26.19
피자_슈퍼디럭스 피자 오리지널 (M),237,10.96,9.56,30.77
피자_슈퍼디럭스 피자 치즈버스트 나폴리 (L),235,11.95,12.74,
피자_슈퍼디럭스 피자 치즈버스트 오리지널 (L),237,11.9,11.43,21.57
피자_슈퍼디럭스나폴리(L),267,14.67,,
피자_슈퍼디럭스나폴리하이프로틴도우(M),250,14.0,,
피자_슈퍼빽보이 피자 (L),287,17.09,,28.02
피자_슈퍼빽보이 피자 (R),284,13.9,,32.37
피자_슈퍼슈프림 피자,244,12.55,,
피자_슈퍼슈프림 피자,233,10.74,,
피자_슈퍼슈프림 피자 (L),266,12.26,8.64,28.78
피자_슈퍼슈프림 피자 (L),266,15.15,,
피자_슈퍼슈프림 피자 (L),263,12.69,,
피자_슈퍼슈프림 피자 (L),324,7.17,,
피자_슈퍼슈프림 피자 고구마크러스트 (L),245,11.57,,
피자_슈퍼슈프림 피자 고구마크러스트 (R),243,10.87,,
피자_슈퍼슈프림 피자 나폴리 (L),211,10.74,8.86,22.09
피자_슈퍼슈프림 피자 나폴리 (M),225,11.13,8.49,26.88
피자_슈퍼슈프림 피자 더블치즈 엣지 (L),239,11.49,11.08,23.26
피자_슈퍼슈프림 피자 더블치즈 엣지 (M),228,12.11,9.73,22.88
피자_슈퍼슈프림 피자 더블치즈 엣지 오리지널 (M),224,12.44,,
피자_슈퍼슈프림 피자 더블치즈 페퍼로니 엣지 (L),243,11.9,9.78,
피자_슈퍼슈프림 피자 더블치즈 페퍼로니 엣지 (M),231,12.45,11.62,22.77
피자_슈퍼슈프림 피자 라이스골드 (F),257,16.24,,
피자_슈퍼슈프림 피자 라이스골드 (L),273,15.96,,
피자_슈퍼슈프림 피자 라이스골드 (R),278,16.35,,
피자_슈퍼슈프림 피자 라이스바이트 (F),264,15.06,,
피자_슈퍼슈프림 피자 라이스바이트 (L),275,15.58,,
피자_슈퍼슈프림 피자 밀스크린 (L),253,12.5,,
피자_슈퍼슈프림 피자 밀스크린 (R),247,10.96,,
피자_슈퍼슈프림 피자 밀스크린고구마크러스트 (L),247,11.21,,
피자_슈퍼슈프림 피자 밀스크린고구마크러스트 (R),243,10.98,,
피자_슈퍼슈프림 피자 밀스크린체다크림크러스트 (L),248,11.97,,
피자_슈퍼슈프림 피자 밀스크린체다크림크러스트 (R),243,10.84,,
피자_슈퍼슈프림 피자 밀스크린치즈크러스트 (L),243,12.07,,
피자_슈퍼슈프림 피자 밀스크린치즈크러스트 (R),236,11.9,,
피자_슈퍼슈프림 피자 백미스크린 (L),247,12.0,,
피자_슈퍼슈프림 피자 백미스크린 (R),241,11.43,,
피자_슈퍼슈프림 피자 백미스크린치즈크러스트 (L),202,12.5,,
피자_슈퍼슈프림 피자 백미스크린치즈크러스트 (R),228,12.2,,
피자_슈퍼슈프림 피자 석쇠 (F),261,15.99,,
피자_슈퍼슈프림 피자 석쇠 (L),267,16.15,,
피자_슈퍼슈프림 피자 석쇠 (R),267,16.11,,
피자_슈퍼슈프림 피자 슈퍼시드 화이버 버스트 오리지널 (L),264,11.98,9.81,25.65
피자_슈퍼슈프림 피자 슈퍼시드 화이버 오리지널 (L),223,9.8,7.86,28.16
피자_슈퍼슈프림 피자 슈퍼시드 화이버 오리지널 (M),220,10.7,8.16,25.9
피자_슈퍼슈프림 피자 슈퍼시드함유도우 (M),226,10.3,,
피자_슈퍼슈프림 피자 슈화 더블 치즈 페퍼로니 엣지 (L),264,12.45,10.54,24.67
피자_슈퍼슈프림 피자 슈화 더블 치즈 페퍼로니 엣지 (M),271,13.93,11.27,22.21
피자_슈퍼슈프림 피자 씬 (L),255,13.16,,
피자_슈퍼슈프림 피자 씬 (L),232,10.56,12.4,
피자_슈퍼슈프림 피자 씬 (M),231,10.88,12.93,21.69
피자_슈퍼슈프림 피자 씬 (R),257,12.5,,
피자_슈퍼슈프림 피자 오리지널 (L),212,9.69,7.92,25.44
피자_슈퍼슈프림 피자 오리지널 (M),227,10.7,8.64,26.72
피자_슈퍼슈프림 피자 체다크림크러스트 (L),245,11.57,,
피자_슈퍼슈프림 피자 체다크림크러스트 (R),244,10.75,,
피자_슈퍼슈프림 피자 치즈버스트 나폴리 (L),229,10.7,12.38,
피자_슈퍼슈프림 피자 치즈버스트 오리지널 (L),226,10.12,10.26,23.28
피자_슈퍼슈프림 피자 치즈크러스트 (F),262,16.51,,
피자_슈퍼슈프림 피자 치즈크러스트 (L),238,12.4,,
피자_슈퍼슈프림 피자 치즈크러스트 (L),273,15.96,,
피자_슈퍼슈프림 피자 치즈크러스트 (R),279,17.17,,
피자_슈퍼슈프림 피자 치즈크러스트 (R),237,11.7,,
피자_슈퍼슈프림 피자 팬 (F),269,16.21,,
피자_슈퍼슈프림 피자 팬 (L),247,11.93,,
피자_슈퍼슈프림 피자 팬 (R),247,12.05,,
피자_슈퍼슈프림 피자 팬 (R),273,16.28,,
피자_슈퍼슈프림 피자 팬(L),272,16.25,,
피자_슈퍼슈프림 피자 흑미스크린 (L),240,11.88,,
피자_슈퍼슈프림 피자 흑미스크린 (R),237,11.43,,
피자_슈퍼슈프림 피자 흑미스크린치즈크러스트 (L),230,12.39,,
피자_슈퍼슈프림 피자 흑미스크린치즈크러스트 (R),224,12.2,,
피자_슈퍼슈프림고구마크러스트(L),242,11.21,,
피자_슈퍼슈프림고구마크러스트(R),243,10.57,,
피자_슈퍼슈프림나폴리(L),223,12.0,,
피자_슈퍼슈프림더블치즈엣지오리지널 (M),253,12.67,,
피자_슈퍼슈프림밀스크린(L),252,12.22,,
피자_슈퍼슈프림밀스크린(R),248,11.59,,
피자_슈퍼슈프림밀스크린치즈크러스트(L),244,12.56,,
피자_슈퍼슈프림밀스크린치즈크러스트(R),237,12.12,,
피자_슈퍼슈프림백미스크린(L),246,12.18,,
피자_슈퍼슈프림백미스크린(R),241,11.53,,
피자_슈퍼슈프림백미치즈크러스트(L),237,12.54,,
피자_슈퍼슈프림백미치즈크러스트(R),231,12.08,,
피자_슈퍼슈프림씬(L),256,12.81,,
피자_슈퍼슈프림씬(R),258,11.87,,
피자_슈퍼슈프림체다크림크러스트(L),244,11.72,,
피자_슈퍼슈프림체다크림크러스트(R),245,11.1,,
피자_슈퍼슈프림치즈크러스트(L),240,12.63,,
피자_슈퍼슈프림치즈크러스트(R),238,12.11,,
피자_슈퍼슈프림팬(L),248,12.31,,
피자_슈퍼슈프림팬(R),248,11.65,,
피자_슈퍼슈프림하이프로틴도우(M),233,12.67,,
피자_슈퍼슈프림흑미스크린(L),239,12.09,,
피자_슈퍼슈프림흑미스크린(R),235,11.45,,
피자_슈퍼슈프림흑미치즈크러스트(L),231,12.45,,
피자_슈퍼슈프림흑미치즈크러스트(R),225,12.01,,
피자_슈퍼치즈 피자,282,17.64,,
피자_슈퍼콤비네이션 피자,254,13.27,9.69,20.92
피자_슈퍼콤비네이션 피자,244,10.92,,
피자_슈퍼콤비네이션 피자 (L),262,15.65,,
피자_슈퍼콤비네이션 피자 골드스윗 (G),293,15.43,,
피자_슈퍼콤비네이션 피자 골드스윗 (L),292,15.45,,
피자_슈퍼콤비네이션 피자 골드스윗 (R),291,15.24,,
피자_슈퍼콤비네이션 피자 리코타링 (G),295,15.65,,
피자_슈퍼콤비네이션 피자 리코타링 (L),294,15.74,,
피자_슈퍼콤비네이션 피자 리코타링 (R),295,16.22,,
피자_슈퍼콤비네이션 피자 밀도우 (L),113,7.63,,
피자_슈퍼콤비네이션 피자 밀도우 (R),75,5.07,,
피자_슈퍼콤비네이션 피자 석쇠 (G),291,16.28,,
피자_슈퍼콤비네이션 피자 석쇠 (L),291,16.28,,
피자_슈퍼콤비네이션 피자 석쇠 (R),291,16.41,,
피자_슈퍼콤비네이션 피자 씬도우 (L),113,7.63,,
피자_슈퍼콤비네이션 피자 씬도우 (L),308,16.78,,
피자_슈퍼콤비네이션 피자 씬도우 (R),75,5.08,,
피자_슈퍼콤비네이션 피자 씬도우 (R),295,16.07,,
피자_슈퍼콤비네이션 피자 씬바샤삭 (L),308,16.78,,
피자_슈퍼콤비네이션 피자 씬바샤삭 (R),295,16.07,,
피자_슈퍼콤비네이션 피자 오리지널 (M),301,14.13,14.5,33.64
피자_슈퍼콤비네이션 피자 치즈링 (G),284,17.22,,
피자_슈퍼콤비네이션 피자 치즈링 (L),284,16.83,,
피자_슈퍼콤비네이션 피자 치즈링 (R),283,16.99,,
피자_슈퍼콤비네이션 피자밀도우(L),113,7.63,,
피자_슈퍼콤비네이션 피자밀도우(R),75,5.07,,
피자_슈퍼콤비네이션 피자씬도우(L),113,7.63,,
피자_슈퍼콤비네이션 피자씬도우(R),75,5.08,,
피자_슈퍼콤비네이션피자 오리지널,251,12.79,,
피자_슈퍼콤비네이션피자(L),244,13.93,10.44,23.58
피자_슈퍼콤비네이션피자(P),244,13.93,10.44,23.58
피자_슈퍼콤비네이션피자(R),244,13.93,10.44,23.58
피자_슈퍼콤비네이션피자오리지널(L),271,14.88,,
피자_슈퍼하와이안 피자 (L),246,10.76,,
피자_슈프림 피자 (XL),217,15.3,,
피자_슈프림(R),162,11.53,,
피자_슈프림(XL),217,15.3,,
피자_슈프림콤비 피자 (L),240,11.31,,
피자_슈프림콤비 피자 (M),252,12.74,,
피자_스나이퍼 피자 (L),232,10.4,,
피자_스노우고구마 피자,256,12.06,,
피자_스리라차 슈림프 피자,250,8.01,,
피자_스모키미트 스페셜리치골드 (M),286,12.84,,
피자_스모키미트 스페셜오리지널 (M),271,12.63,,
피자_스모키미트 스페셜치즈크러스트 (M),291,14.26,,
피자_스모키미트 스페셜치즈크러스트 골드 (M),295,14.76,,
피자_스위트가든 피자 (L),231,12.31,,
피자_스위트가든 피자 (R),239,12.8,,
피자_스위트고구마 피자 (L),248,10.23,,
피자_스위트고구마 피자 오리지널 (M),256,11.5,8.28,27.45
피자_스위트고구마무스 피자 (L),289,9.45,,
피자_스위트고구마피자 오리지널,240,8.08,,
피자_스위트고구마피자오리지널(L),238,10.09,,
피자_스위트골드 피자 (L),209,13.93,,
피자_스위트바질불고기 피자 (L),266,11.66,,
피자_스위트불고기 피자 (L),247,14.0,,
피자_스위트불고기(L),247,14.0,,
피자_스위트불고기(M),247,14.0,,
피자_스위트큐브 피자 (L),249,10.71,,
피자_스위트큐브 피자 (R),250,10.53,,
피자_스위트크림&콘슈 시카고 피자,269,11.66,13.5,25.77
피자_스위티고구밍 피자 (L),186,3.38,,
피자_스윗고구마 1인피자,305,10.48,,
피자_스윗고구마 피자 (L),205,7.6,,
피자_스윗고구마 피자 (L),246,11.63,,
피자_스윗고구마 피자 (M),255,13.1,,
피자_스윗고구마 피자 오리진 (L),270,10.6,,
피자_스윗고구마 피자 오리진 (M),274,10.26,,
피자_스윗고구마 피자 오리진 (R),220,13.9,,
피자_스윗고구마 피자 치즈캡 (L),270,11.89,,
피자_스윗고구마 피자 치즈캡 (M),273,11.93,,
피자_스윗고구마 피자 치즈캡 (R),231,12.84,,
피자_스윗고구마피자(L),247,11.19,9.85,28.3
피자_스윗고구마피자(P),247,11.19,9.85,28.3
피자_스윗고구마피자(R),247,11.19,9.85,28.3
피자_스윗고구마피자씬(L),357,10.45,,
피자_스윗고르곤졸라 피자 (L),428,21.0,,
피자_스윗꽃맛살 피자 (L),219,8.45,,
피자_스윗꽃맛살 피자 (M),231,9.68,,
피자_스윗베이컨고구마 피자 (L),197,10.69,,
피자_스윗크림파인피자,236,13.33,,
피자_스윗파인고구마 피자 (L),134,6.85,,
피자_스치새 피자 (L),276,6.79,,
피자_스타라이트 바질  (F),281,12.45,,
피자_스타라이트 바질  (L),281,11.82,,
피자_스테이크 피자,246,13.14,8.57,29.7
피자_스테이크 피자 (L),272,6.0,,
피자_스테이크 피자 (L),287,17.82,10.2,30.97
피자_스테이크 피자 (XL),263,15.23,,
피자_스테이크불갈비 피자 (L),254,15.16,,
피자_스테이크불갈비 피자 바이트 (L),249,14.02,,
피자_스테이크불갈비피자,254,15.17,,
피자_스테이크불갈비피자바이트,249,14.02,,
피자_스테이크새우 피자 (L),277,6.94,,
피자_스테이크세보래 피자 씬 (L),212,12.1,,
피자_스테이크세보래 피자 씬 (R),211,11.11,,
피자_스테이크세보래씬(L),212,11.69,,
피자_스테이크세보래씬(R),212,11.61,,
피자_스테이크썰고갈릭 피자 (L),261,13.24,,
피자_스테이크썰고갈릭 피자 (M),264,12.8,,
피자_스톰콤비네이션 (R),304,16.91,,
피자_스파이시 감자 포카챠,205,8.5,,
피자_스파이시 쉬림프 피자 (L),224,12.84,,
피자_스파이시 쉬림프 피자 (M),232,14.46,,
피자_스파이시 이탈리안 (F),274,10.78,,
피자_스파이시 이탈리안 (P),274,11.41,,
피자_스파이시 이탈리안 골드링 (F),291,12.78,,
피자_스파이시 이탈리안 골드링 (L),290,12.42,,
피자_스파이시 이탈리안 골드링 (P),291,13.0,,
피자_스파이시 이탈리안 골드링 씬,304,11.65,,
피자_스파이시 이탈리안 스파이시 갈릭 치즈롤 (F),289,13.01,,
피자_스파이시 이탈리안 스파이시 갈릭 치즈롤 (L),289,12.82,,
피자_스파이시 이탈리안 스파이시 갈릭 치즈롤 (P),289,13.0,,
피자_스파이시 이탈리안 씬,306,12.64,,
피자_스파이시 이탈리안 치즈롤 (F),283,12.65,,
피자_스파이시 이탈리안 치즈롤 (L),283,12.63,,
피자_스파이시 이탈리안 치즈롤 (P),283,12.56,,
피자_스파이시 이탈리안 크루아상,326,11.38,,
피자_스파이시 이탈리안 피자 골드링 (F),291,12.78,,
피자_스파이시 이탈리안 피자 골드링 (L),290,12.42,,
피자_스파이시 이탈리안 피자 골드링 (P),291,13.0,,
피자_스파이시 이탈리안 피자 골드링씬 (F),304,11.65,,
피자_스파이시 이탈리안 피자 씬 (F),306,12.64,,
피자_스파이시 이탈리안 피자 오리지널 (F),274,10.78,,
피자_스파이시 이탈리안 피자 오리지널 (L),274,11.16,,
피자_스파이시 이탈리안 피자 오리지널 (P),274,11.41,,
피자_스파이시 이탈리안 피자 치즈롤 (F),283,12.65,,
피자_스파이시 이탈리안 피자 치즈롤 (L),283,12.63,,
피자_스파이시 이탈리안 피자 치즈롤 (P),283,12.56,,
피자_스파이시 치킨 랜치 (F),279,11.14,,
피자_스파이시 치킨 랜치 (L),280,11.52,,
피자_스파이시 치킨 랜치 (P),280,10.95,,
피자_스파이시 치킨 랜치 골드링 (F),277,15.19,,
피자_스파이시 치킨 랜치 골드링 (L),277,14.87,,
피자_스파이시 치킨 랜치 골드링 (P),277,15.26,,
피자_스파이시 치킨 랜치 골드링 씬,304,11.56,,
피자_스파이시 치킨 랜치 스파이시 갈릭 치즈롤 (F),296,12.77,,
피자_스파이시 치킨 랜치 스파이시 갈릭 치즈롤 (L),295,13.25,,
피자_스파이시 치킨 랜치 스파이시 갈릭 치즈롤 (P),295,13.42,,
피자_스파이시 치킨 랜치 씬,313,13.03,,
피자_스파이시 치킨 랜치 치즈롤 (F),291,13.07,,
피자_스파이시 치킨 랜치 치즈롤 (L),291,13.02,,
피자_스파이시 치킨 랜치 치즈롤 (P),291,12.98,,
피자_스파이시 치킨 랜치 크루아상,333,11.53,,
피자_스파이시 치킨 랜치 피자 골드링 (F),277,15.19,,
피자_스파이시 치킨 랜치 피자 골드링 (L),277,14.87,,
피자_스파이시 치킨 랜치 피자 골드링 (P),277,15.26,,
피자_스파이시 치킨 랜치 피자 골드링씬 (F),304,11.56,,
피자_스파이시 치킨 랜치 피자 씬 (F),313,13.03,,
피자_스파이시 치킨 랜치 피자 오리지널 (F),279,11.14,,
피자_스파이시 치킨 랜치 피자 오리지널 (L),280,11.52,,
피자_스파이시 치킨 랜치 피자 오리지널 (P),280,10.95,,
피자_스파이시 치킨 랜치 피자 오리지널 (R),279,10.95,,
피자_스파이시 치킨 랜치 피자 치즈롤 (F),291,13.07,,
피자_스파이시 치킨 랜치 피자 치즈롤 (L),291,13.02,,
피자_스파이시 치킨 랜치 피자 치즈롤 (P),291,12.98,,
피자_스파이시 치킨 하와이안 피자 (XL),230,13.78,,
피자_스파이시살라미 피자 (L),195,10.14,,
피자_스파이시이탈리안 (L),274,11.17,,
피자_스파이시이탈리안 피자 (F),273,10.74,,
피자_스파이시이탈리안 피자 (L),274,11.17,,
피자_스파이시이탈리안 피자 (P),273,11.38,,
피자_스파이시치킨랜치 (R),279,10.94,,
피자_스파이시치킨랜치 피자 (F),279,11.11,,
피자_스파이시치킨랜치 피자 (L),279,11.49,,
피자_스파이시치킨랜치 피자 (P),279,10.92,,
피자_스파이시치킨랜치 피자 (R),279,10.94,,
피자_스파이시페페로니 피자 (L),254,13.16,,
피자_스파이시포테이토 피자 (L),185,8.2,,
피자_스팸맥앤치즈 피자,245,10.98,,
피자_스팸체다피자 (1인),261,12.73,,
피자_스페셜 포테이토 피자 오리지널 (M),276,11.34,,
피자_스페셜 포테이토 피자 오리지널 파마산 치즈 (M),280,11.98,,
피자_스페셜콤비네이션 피자,216,11.69,,24.03
피자_스페셜콤비네이션피자,216,11.69,,
피자_시그니처 피자 (L),291,11.0,,
피자_시카고 딥디쉬 피자,299,11.66,,25.77
피자_시카고딥 피자 노엣지 (L),275,15.54,,
피자_시카고딥 피자 노엣지 (M),292,16.75,,
피자_시카고딥 피자 노엣지 (R),338,17.75,,
피자_시크릿더블크런치 피자 (L),250,10.99,,
피자_식스 치즈 (F),272,12.06,,
피자_식스 치즈 (P),273,11.85,,
피자_식스 치즈 골드링 (F),289,14.3,,
피자_식스 치즈 골드링 (L),289,13.89,,
피자_식스 치즈 골드링 (P),289,13.88,,
피자_식스 치즈 골드링 씬,302,13.03,,
피자_식스 치즈 스파이시 갈릭 치즈롤 (F),287,13.83,,
피자_식스 치즈 스파이시 갈릭 치즈롤 (L),288,14.34,,
피자_식스 치즈 스파이시 갈릭 치즈롤 (P),287,13.81,,
피자_식스 치즈 씬,304,13.2,,
피자_식스 치즈 치즈롤 (F),281,14.15,,
피자_식스 치즈 치즈롤 (L),282,14.12,,
피자_식스 치즈 치즈롤 (P),281,14.05,,
피자_식스 치즈 크루아상,324,12.43,,
피자_식스 치즈 피자 골드링 (F),289,14.3,,
피자_식스 치즈 피자 골드링 (L),289,13.89,,
피자_식스 치즈 피자 골드링 (P),289,13.88,,
피자_식스 치즈 피자 골드링씬 (F),302,13.02,,
피자_식스 치즈 피자 씬 (F),304,13.2,,
피자_식스 치즈 피자 오리지널 (F),272,12.06,,
피자_식스 치즈 피자 오리지널 (L),272,11.86,,
피자_식스 치즈 피자 오리지널 (P),273,11.85,,
피자_식스 치즈 피자 치즈 피자롤 (F),281,14.15,,
피자_식스 치즈 피자 치즈 피자롤 (L),282,14.12,,
피자_식스 치즈 피자 치즈 피자롤 (P),281,14.05,,
피자_식스치즈 (L),273,11.88,,
피자_식스치즈 피자 (F),271,12.04,,
피자_식스치즈 피자 (L),273,11.88,,
피자_식스치즈 피자 (P),272,11.82,,
피자_신세개 피자 (L),248,11.86,,
피자_신세개2021 (L),230,11.38,,
피자_신세개2021 피자 (L),237,11.32,,
피자_신세개피자 피자 (L),247,12.07,,
피자_싸이피자 (L),286,13.0,,
피자_싸이피자 (M),283,12.74,,
피자_싸이피자 리치골드크러스트 (L),284,13.11,,
피자_싸이피자 리치골드크러스트 (M),282,12.86,,
케이크_레몬 케이크,504,5.78,,
피자_싸이피자 씬도우 (L),336,15.48,,
피자_싸이피자 치즈크러스트 (L),286,13.06,,
피자_싸이피자 치즈크러스트 (M),284,12.83,,
피자_싸이피자씬도우 (M),314,15.64,,
피자_싹스리버거 피자,266,12.24,,
피자_쏘핫불고기 피자 (L),151,12.44,,
피자_쏘핫불고기 피자 (L),186,10.28,,
피자_쏘핫불고기 피자 (R),230,12.01,,
피자_쏘핫불고기 피자 밀도우 (L),106,9.47,,
피자_쏘핫불고기 피자 밀도우 (R),70,6.31,,
피자_쏘핫불고기 피자 씬도우 (L),106,9.48,,
피자_쏘핫불고기 피자 씬도우 (R),70,6.32,,
피자_쓰리고 피자 (L),209,13.42,,
피자_쓰리고 피자 (M),218,15.15,,
피자_씨푸드콘바스켓 피자 (L),276,10.4,,
피자_씨푸드킹 피자 더블치즈크러스트 (L),228,12.9,,
피자_씨푸드킹 피자 더블치즈크러스트 (M),231,13.62,,
피자_씨푸드킹 피자 리치골드 (L),226,11.06,,
피자_씨푸드킹 피자 리치골드 M,229,11.62,,
피자_씨푸드킹 피자 프레첼 치즈 (L),226,9.39,,
피자_씨푸드킹 피자 프리미엄 오리지널 (L),219,11.36,,
피자_씨푸드킹 피자 프리미엄 오리지널 (M),216,11.8,,
피자_씨푸드킹 피자 프리첼 치즈 (M),229,9.75,,
피자_씨푸드킹리치골드 (L),224,10.91,,
피자_씨푸드킹리치골드 (M),227,11.49,,
피자_씨푸드킹오리지널 (L),211,11.2,,
피자_씨푸드킹오리지널 (M),215,11.77,,
피자_씨푸드킹치즈크러스트 (L),219,11.45,,
피자_씨푸드킹치즈크러스트 (M),222,12.3,,
피자_씨푸드킹치즈크러스트 골드 (L),224,11.88,,
피자_씨푸드킹치즈크러스트 골드 (M),227,12.72,,
피자_아라비아따 바비큐가든 피자 (L),241,12.42,,
피자_아라비아따 바비큐가든 피자 (R),230,13.36,,
피자_아메리칸 미트 피자,269,9.95,,
피자_아메리칸 미트볼 피자,487,26.92,17.31,55.46
피자_아메리칸 미트볼피자,267,15.63,,
피자_아메리칸 스페셜 피자 오리지널 (M),256,13.0,,
피자_아메리칸 스페셜 피자 오리지널 파마산 치즈 (M),263,13.66,,
피자_아메리칸 치즈 (R),271,15.71,,
피자_아메리칸 치즈 피자,253,13.89,,
피자_아메리칸 치즈 피자 (L),308,16.0,,
피자_아메리칸 치즈 피자 (XL),271,15.71,,
피자_아메리칸스페셜 피자 (L),281,14.07,,
피자_아메리칸체다피자,262,12.68,,
피자_아메리칸체다피자바이트,253,12.04,,
피자_아보카도 새우 피자 나폴리 (L),223,10.7,10.13,22.16
피자_아보카도 새우 피자 나폴리 (M),222,11.0,9.04,25.47
피자_아보카도 새우 피자 더블치즈 엣지 (L),235,11.6,10.42,23.65
피자_아보카도 새우 피자 더블치즈 엣지 (M),242,12.0,11.1,23.36
피자_아보카도 새우 피자 더블치즈 페퍼로니 엣지 (L),240,12.06,11.95,22.84
피자_아보카도 새우 피자 더블치즈 페퍼로니 엣지 (M),246,12.36,11.91,22.55
피자_아보카도 새우 피자 슈퍼시드 화이버 버스트 오리지널 (L),273,13.12,10.14,25.26
피자_아보카도 새우 피자 슈퍼시드 화이버 오리지널 (L),226,10.6,7.89,28.18
피자_아보카도 새우 피자 슈퍼시드 화이버 오리지널 (M),238,10.9,8.93,28.47
피자_아보카도 새우 피자 슈화 더블 치즈 페퍼로니 엣지 (L),274,13.64,10.99,24.13
피자_아보카도 새우 피자 슈화 더블 치즈 페퍼로니 엣지 (M),293,14.39,12.16,24.01
피자_아보카도 새우 피자 씬 (L),236,11.0,14.0,
피자_아보카도 새우 피자 씬 (M),239,10.5,14.48,
피자_아보카도 새우 피자 오리지널 (L),232,10.9,9.1,26.55
피자_아보카도 새우 피자 오리지널 (M),226,10.0,8.69,26.49
피자_아보카도 새우 피자 치즈버스트 나폴리 (L),231,11.9,12.15,
피자_아보카도 새우 피자 치즈버스트 오리지널 (L),234,11.0,10.42,23.55
피자_아보카도바이트 피자 (L),231,11.23,,
피자_아보카도바이트 피자 (M),224,11.29,,
피자_아시아고 피자 고구마크러스트 (L),250,11.82,,
피자_아시아고 피자 고구마크러스트 (R),249,11.49,,
피자_아시아고 피자 밀스크린 (L),262,12.77,,
피자_아시아고 피자 밀스크린 (R),260,13.43,,
피자_아시아고 피자 밀스크린고구마크러스트 (L),254,11.32,,
피자_아시아고 피자 밀스크린고구마크러스트 (R),249,11.69,,
피자_아시아고 피자 밀스크린체다크림크러스트 (L),258,12.26,,
피자_아시아고 피자 밀스크린체다크림크러스트 (R),253,11.69,,
피자_아시아고 피자 밀스크린치즈크러스트 (L),250,13.21,,
피자_아시아고 피자 밀스크린치즈크러스트 (R),242,12.66,,
피자_아시아고 피자 백미스크린 (L),256,12.22,,
피자_아시아고 피자 백미스크린 (R),251,12.31,,
피자_아시아고 피자 백미스크린치즈크러스트 (L),243,12.75,,
피자_아시아고 피자 백미스크린치즈크러스트 (R),237,13.16,,
피자_아시아고 피자 씬 (L),272,13.85,,
피자_아시아고 피자 씬 (R),271,13.73,,
피자_아시아고 피자 체다크림크러스트 (L),251,11.71,,
피자_아시아고 피자 체다크림크러스트 (R),253,11.49,,
피자_아시아고 피자 치즈크러스트 (L),245,12.73,,
피자_아시아고 피자 치즈크러스트 (R),245,12.5,,
피자_아시아고 피자 팬 (L),257,13.27,,
피자_아시아고 피자 팬 (R),258,12.99,,
피자_아시아고 피자 흑미스크린 (L),249,12.22,,
피자_아시아고 피자 흑미스크린 (R),245,12.31,,
피자_아시아고 피자 흑미스크린치즈크러스트 (R),233,13.16,,
피자_아시아고고구마크러스트(L),250,11.55,,
피자_아시아고고구마크러스트(R),250,11.33,,
피자_아시아고밀스크린(L),263,12.73,,
피자_아시아고밀스크린(R),258,12.65,,
피자_아시아고밀스크린치즈크러스트(L),252,13.04,,
피자_아시아고밀스크린치즈크러스트(R),245,13.07,,
피자_아시아고백미스크린(L),256,12.71,,
피자_아시아고백미스크린(R),251,12.64,,
피자_아시아고백미치즈크러스트(L),245,13.04,,
피자_아시아고백미치즈크러스트(R),239,13.06,,
피자_아시아고씬(L),272,13.64,,
피자_아시아고씬(R),273,13.32,,
피자_아시아고체다크림크러스트(L),252,12.1,,
피자_아시아고체다크림크러스트(R),253,11.89,,
피자_아시아고치즈크러스트(L),247,13.1,,
피자_아시아고치즈크러스트(R),246,12.96,,
피자_아시아고팬(L),257,12.81,,
피자_아시아고팬(R),257,12.58,,
피자_아시아고흑미스크린(L),248,12.61,,
피자_아시아고흑미스크린(R),244,12.54,,
피자_아시아고흑미치즈크러스트(L),239,12.95,,
피자_아시아고흑미치즈크러스트(R),233,12.98,,
피자_아이리쉬 포테이토 (F),241,9.64,,
피자_아이리쉬 포테이토 (L),241,8.97,,
피자_아이리쉬 포테이토 (P),241,9.48,,
피자_아이리쉬 포테이토 골드링 (F),269,9.71,,
피자_아이리쉬 포테이토 골드링 (L),269,9.99,,
피자_아이리쉬 포테이토 골드링 (P),269,9.51,,
피자_아이리쉬 포테이토 골드링 씬,269,10.23,,
피자_아이리쉬 포테이토 스파이시 갈릭 치즈롤 (F),255,11.05,,
피자_아이리쉬 포테이토 스파이시 갈릭 치즈롤 (L),255,10.58,,
피자_아이리쉬 포테이토 스파이시 갈릭 치즈롤 (P),255,11.03,,
피자_아이리쉬 포테이토 씬,263,9.61,,
피자_아이리쉬 포테이토 치즈롤 (F),245,10.75,,
피자_아이리쉬 포테이토 치즈롤 (L),245,10.85,,
피자_아이리쉬 포테이토 치즈롤 (P),245,10.67,,
피자_아이리쉬 포테이토 크루아상,287,9.57,,
피자_아이리쉬 포테이토 피자 골드링 (F),269,9.71,,
피자_아이리쉬 포테이토 피자 골드링 (L),269,9.99,,
피자_아이리쉬 포테이토 피자 골드링 (P),269,9.51,,
피자_아이리쉬 포테이토 피자 골드링씬 (F),269,10.23,,
피자_아이리쉬 포테이토 피자 씬 (F),263,9.61,,
피자_아이리쉬 포테이토 피자 오리지널 (F),241,9.64,,
피자_아이리쉬 포테이토 피자 오리지널 (L),241,8.97,,
피자_아이리쉬 포테이토 피자 오리지널 (P),241,9.48,,
피자_아이리쉬 포테이토 피자 오리지널 (R),242,9.47,,
피자_아이리쉬 포테이토 피자 치즈롤 (F),245,10.75,,
피자_아이리쉬 포테이토 피자 치즈롤 (L),245,10.85,,
피자_아이리쉬 포테이토 피자 치즈롤 (P),245,10.67,,
피자_아이리쉬포테이토 (R),241,9.46,,
피자_아이리쉬포테이토 피자,234,9.66,6.25,34.58
피자_아이리쉬포테이토 피자 (F),241,9.63,,
피자_아이리쉬포테이토 피자 (L),242,9.0,,
피자_아이리쉬포테이토 피자 (P),242,9.49,,
피자_아이리쉬포테이토 피자 (R),241,9.46,,
피자_아이리쉬포테이토피자,233,9.51,,
피자_안녕하새우 피자 (L),248,13.95,,
피자_안녕하새우 피자 (M),250,14.55,,
피자_알고구마 피자 (L),259,9.25,,
피자_알로아 하와이 피자 오리지널 (L),255,11.29,,
피자_알로아 하와이 피자 오리지널 (M),260,11.87,,
피자_알로아 하와이 피자 오리지널 파마산 치즈 (L),261,11.92,,
피자_알로아 하와이 피자 오리지널 파마산 치즈 (M),265,12.5,,
피자_알로하 하와이 피자 씬 (L),283,12.05,,
피자_알로하 하와이 피자 팬 (L),283,10.19,,
피자_알로하 하와이리치골드 (L),243,10.35,,
피자_알로하 하와이리치골드 (M),251,10.92,,
피자_알로하 하와이씬 (L),260,10.76,,
피자_알로하 하와이오리지널 (L),234,10.36,,
피자_알로하 하와이오리지널 (M),241,10.79,,
피자_알로하 하와이치즈크러스트 (L),240,10.97,,
피자_알로하 하와이치즈크러스트 (M),250,11.9,,
피자_알로하 하와이치즈크러스트 골드 (L),246,11.49,,
피자_알로하 하와이치즈크러스트 골드 (M),255,12.43,,
피자_알로하 하와이팬 (L),271,9.44,,
피자_알로하크림새우 씬 (L),243,10.42,,
피자_알로하크림새우 씬 (R),245,10.98,,
피자_알로하크림새우 피자 씬 (L),271,10.8,,
피자_알로하크림새우 피자 씬 (R),270,11.15,,
피자_알바의실수 피자 (L),253,15.38,,
피자_알바의실수 피자 (R),253,15.29,,
피자_앵거스 비프 랍스타 피자,231,13.12,,
피자_야무진4자매 피자 (L),238,4.74,,
피자_야심반반 (L),227,9.92,,
피자_야심반반 (R),230,10.91,,
피자_야심반반 피자 (L),245,10.98,,
피자_야심반반 피자 (R),247,11.19,,
피자_야채 피자,230,12.71,,28.81
피자_야채 피자,172,7.29,,
피자_야채 피자 (L),223,11.52,,
피자_야채 피자 (L),278,13.19,,
피자_야채 피자 (L),208,10.86,,
피자_야채 피자 (L),218,11.54,,
피자_야채 피자 (L),256,12.91,6.93,28.77
피자_야채 피자 (L),281,14.5,8.87,35.76
피자_야채 피자 (L),202,2.29,,
피자_야채 피자 (L),322,6.59,,
피자_야채 피자 (M),213,12.62,,
피자_야채 피자 (R),223,12.31,,
피자_야채 피자 (XL),218,14.84,,
피자_야채 피자 (XL),272,16.77,,
피자_야채 피자 리치골드 (M),238,11.09,,
피자_야채 피자 리치골드(L),243,11.04,,
피자_야채(R),164,11.17,,
피자_야채(XL),219,14.84,,
피자_야채퀘사디아 피자,249,13.07,8.04,31.16
피자_야채퀘사디아피자,232,11.3,,
피자_야채킹 피자 밀도우 (L),108,5.38,,
피자_야채킹 피자 밀도우 (R),72,3.57,,
피자_야채킹 피자 씬도우 (L),108,5.37,,
피자_야채킹 피자 씬도우 (R),72,3.58,,
피자_야채피자,230,12.71,,
피자_야채피자 (L),223,11.84,,
피자_야채피자 (R),223,11.76,,
피자_야채피자 (XL),223,11.92,,
피자_얌얌페페로니 피자,331,15.14,,
피자_양송이더블불고 피자 (L),233,14.1,,
피자_어깨 피자 (L),283,16.67,,
피자_어깨 피자 (R),277,15.52,,
피자_어께피자 (L),278,15.6,,
피자_어께피자 (R),277,15.53,,
피자_어께피자 (XL),280,15.04,,
피자_어니언불고기 피자 (L),276,22.0,,
피자_언더더씨 피자 (L),255,15.83,,
피자_언더더씨 피자 (R),256,15.83,,
피자_언양식 매콤 불고기 피자 (L),292,14.56,,
피자_언양식매콤불고기 (L),295,16.0,,
피자_얼티밋 콤비네이션크래프티드 플래츠 (P),257,11.96,,
피자_에그머니나 피자 (L),276,13.27,,
피자_에그콘 피자 (L),237,9.0,,
피자_에멘탈머쉬룸피자(L),246,14.08,9.66,25.76
피자_에멘탈머쉬룸피자(P),246,14.08,9.66,25.76
피자_에멘탈머쉬룸피자(R),246,14.08,9.66,25.76
피자_연유피자 (1인),309,15.64,,
피자_열탄불고기 피자 (L),234,13.09,,30.91
피자_열탄불고기 피자 (R),234,13.03,,30.92
피자_옛날갈비 피자,252,14.18,,24.11
피자_오리지널 페퍼로니 피자 (L),307,13.51,,
피자_오리지널 페퍼로니피자,259,11.43,,
피자_오리지널슈프림 피자 마니아 에어도우 (L),247,11.8,,
피자_오리지널슈프림 피자 마니아 에어도우 (M),203,9.68,,
피자_오리지널슈프림 피자 마니아 파마산엣지 (L),206,10.0,,
피자_오리지널슈프림 피자 마니아 파마산엣지 (M),207,10.21,,
피자_오마이갓페퍼로니 피자 (L),332,18.61,,28.48
피자_오마이갓페퍼로니 피자 (R),309,17.37,,28.95
피자_오지치즈포테이토 피자,296,9.36,12.81,35.96
피자_오지치즈포테이토피자,285,11.86,,
피자_오지치즈후라이 피자,255,13.47,,
피자_옥수수 크런치 피자,296,9.64,,
피자_옥수수 크런치 피자 (L),308,14.29,,
피자_옥수수 피자 (L),222,8.89,,
피자_옥수수 피자 (L),279,11.21,,
피자_옥수수 피자 (R),223,9.23,,
피자_옥수수새우피자(L),225,11.91,8.36,25.5
피자_옥수수새우피자(P),225,11.91,8.36,25.5
피자_옥수수새우피자(R),225,11.91,8.36,25.5
피자_옥수수콘피자 (1인),284,12.5,,
피자_옥수수피자,218,8.99,,
피자_옥수수피자 (L),224,9.24,,
피자_옥수수피자 (R),221,10.79,,
피자_옥수수피자 (XL),224,9.25,,
피자_온리페퍼로니피자씬(L),413,18.69,,
피자_올미트 (F),253,12.74,,
피자_올미트 (L),254,13.12,,
피자_올미트 (P),253,13.26,,
피자_올미트 (R),253,13.01,,
피자_올미트 골드링 (F),269,15.02,,
피자_올미트 골드링 (L),269,14.68,,
피자_올미트 골드링 (P),269,14.96,,
피자_올미트 골드링 씬,281,13.46,,
피자_올미트 스파이시 갈릭 치즈롤 (F),268,15.29,,
피자_올미트 스파이시 갈릭 치즈롤 (L),268,15.46,,
피자_올미트 스파이시 갈릭 치즈롤 (P),268,15.28,,
피자_올미트 씬,283,14.47,,
피자_올미트 치즈롤 (F),262,14.88,,
피자_올미트 치즈롤 (L),262,15.22,,
피자_올미트 치즈롤 (P),262,14.77,,
피자_올미트 크루아상,302,13.39,,
피자_올미트 피자 (F),254,12.78,,
피자_올미트 피자 (L),254,13.13,,
피자_올미트 피자 (P),253,13.24,,
피자_올미트 피자 (R),253,13.01,,
피자_올미트 피자 골드링 (F),269,15.02,,
피자_올미트 피자 골드링 (L),269,14.68,,
피자_올미트 피자 골드링 (P),269,14.96,,
피자_올미트 피자 골드링씬 (F),281,13.46,,
피자_올미트 피자 씬 (F),283,14.47,,
피자_올미트 피자 오리지널 (F),253,12.74,,
피자_올미트 피자 오리지널 (L),254,13.12,,
피자_올미트 피자 오리지널 (P),254,13.26,,
피자_올미트 피자 오리지널 (R),253,13.01,,
피자_올미트 피자 치즈롤 (F),262,14.87,,
피자_올미트 피자 치즈롤 (L),262,15.22,,
피자_올미트 피자 치즈롤 (P),262,14.76,,
피자_올스타 피자 (L),157,10.57,,
피자_올포유 피자 (L),147,7.35,,
피자_와규베스트플래버 피자 (L),237,14.64,,
피자_와규소보로 피자 (L),246,10.41,,
피자_와규소보로 피자 (M),240,11.99,,
피자_와와웨 스테이크 피자 나폴리 (L),240,10.7,10.02,26.71
피자_와와웨 스테이크 피자 나폴리 (M),222,10.8,9.92,22.24
피자_와와웨 스테이크 피자 더블치즈 엣지 (L),241,11.5,9.42,27.48
피자_와와웨 스테이크 피자 더블치즈 엣지 (M),237,11.7,11.03,22.7
피자_와와웨 스테이크 피자 슈퍼시드 화이버 버스트 오리지널 (L),278,13.96,10.62,24.51
피자_와와웨 스테이크 피자 슈퍼시드 화이버 오리지널 (L),232,11.5,8.52,27.21
피자_와와웨 스테이크 피자 슈퍼시드 화이버 오리지널 (M),223,10.8,8.01,26.97
피자_와와웨 스테이크 피자 슈화 더블 치즈 페퍼로니 엣지 (L),278,14.44,11.45,23.41
피자_와와웨 스테이크 피자 슈화 더블 치즈 페퍼로니 엣지 (M),274,13.99,11.11,23.14
피자_와와웨 스테이크 피자 씬 (L),253,11.8,13.36,21.29
피자_와와웨 스테이크 피자 씬 (M),229,10.3,13.09,
피자_와와웨 스테이크 피자 오리지널 (L),235,11.3,8.5,28.26
피자_와와웨 스테이크 피자 오리지널 (M),223,10.5,8.51,25.95
피자_와와웨 스테이크 피자 치즈버스트 나폴리 (L),243,11.6,13.16,
피자_와와웨 스테이크 피자 치즈버스트 오리지널 (L),238,11.4,11.27,22.75
피자_와와웨 피자 더블치즈 페퍼로니 엣지 (L),245,11.94,11.13,23.93
피자_와와웨 피자 더블치즈 페퍼로니 엣지 (M),240,12.03,11.25,22.08
피자_와우미트피자 (L),269,13.69,,
피자_와우미트피자 (M),262,14.63,,
피자_와우미트피자 리치골드크러스트 (L),270,13.69,,
피자_와우미트피자 리치골드크러스트 (M),264,14.5,,
피자_와우미트피자 치즈크러스트 (L),271,13.69,,
피자_와우미트피자 치즈크러스트 (M),265,14.53,,
피자_와이키키 피자 골드스윗 (L),268,13.95,,
피자_와이키키 피자 골드스윗 (R),266,13.51,,
피자_와이키키 피자 리코타링 (L),268,14.41,,
피자_와이키키 피자 리코타링 (R),268,14.29,,
피자_와이키키 피자 석쇠 (L),263,14.29,,
피자_와이키키 피자 석쇠 (R),262,14.19,,
피자_와이키키 피자 씬도우 (L),292,13.48,,
피자_와이키키 피자 씬도우 (R),304,14.41,,
피자_와이키키 피자 씬바샤삭 (L),292,13.48,,
피자_와이키키 피자 씬바샤삭 (R),304,14.41,,
피자_와이키키 피자 치즈링 (L),260,15.0,,
피자_와이키키 피자 치즈링 (R),259,15.03,,
피자_와일드불고기할라피뇨 (R),257,15.09,,
피자_와일드소시지 (L),260,13.63,,
피자_와일드소시지 (R),262,13.92,,
피자_와일드와일드웨스트스테이크오리지널(L),237,10.67,,
피자_왕릉고추 불고기 (L),202,9.76,,
피자_왕릉고추 불고기 (R),206,10.2,,
피자_왕릉고추 불고기 피자 (L),221,11.03,,
피자_왕릉고추 불고기 피자 (R),225,11.41,,
피자_왕릉불고기 (L),216,10.35,,
피자_왕릉불고기 (R),218,10.75,,
피자_왕릉불고기 피자 (L),234,11.69,,
피자_왕릉불고기 피자 (R),239,12.1,,
피자_왕손뚱베이컨 피자 (L),262,16.23,,
피자_왕창포테이토 피자 (L),240,8.91,,
피자_용암던전 피자 (XL),239,14.44,,
피자_용암불고기 피자 (L),255,14.47,,
피자_용암불고기 피자 (R),255,14.0,,
피자_우리 고구마 피자 나폴리 (L),248,9.7,11.07,28.69
피자_우리 고구마 피자 나폴리 (M),242,9.6,10.87,28.91
피자_우리 고구마 피자 더블치즈 페퍼로니 엣지 (L),258,11.26,11.67,25.32
피자_우리 고구마 피자 더블치즈 페퍼로니 엣지 (M),257,10.38,11.7,26.84
피자_우리 고구마 피자 슈퍼시드 화이버 버스트 오리지널 (L),293,12.39,10.99,28.13
피자_우리 고구마 피자 슈퍼시드 화이버 오리지널 (L),248,10.0,9.02,31.36
피자_우리 고구마 피자 슈퍼시드 화이버 오리지널 (M),251,9.7,9.13,33.97
피자_우리 고구마 피자 슈화 더블 치즈 페퍼로니 엣지 (L),293,12.9,11.78,27.04
피자_우리 고구마 피자 슈화 더블 치즈 페퍼로니 엣지 (M),304,13.13,12.24,28.65
피자_우리 고구마 피자 씬 (L),272,10.0,14.83,26.71
피자_우리 고구마 피자 씬 (M),266,9.0,14.87,25.13
피자_우리 고구마 피자 오리지널 (L),248,10.5,9.36,30.42
피자_우리 고구마 피자 오리지널 (M),242,9.0,9.32,33.26
피자_우리 고구마 피자 치즈 엣지 (L),254,10.8,11.78,26.2
피자_우리 고구마 피자 치즈 엣지 (M),254,10.0,11.4,27.58
피자_우리 고구마 피자 치즈버스트 나폴리 (L),256,10.9,12.92,24.08
피자_우리 고구마 피자 치즈버스트 오리지널 (L),247,11.0,10.31,27.61
피자_우리고구마오리지널(L),270,12.0,,
피자_우아한소세지 피자 (L),258,13.93,,
피자_우아한소세지 피자 (M),258,14.06,,
피자_우주선 피자,268,10.0,,
피자_울트라빽보이 피자 (L),284,15.49,,28.02
피자_울트라빽보이 피자 (R),283,18.82,,23.97
피자_울트라코리안 피자 (L),248,12.52,,
피자_울트라코리안 피자 (R),242,13.78,,
피자_울트라콤비네이션 (L),238,12.42,,
피자_울트라콤비네이션 피자 (L),239,11.56,,
피자_웃음꽃 피자 (L),221,14.41,,
피자_웃음꽃 피자 (R),225,9.8,,
피자_웨지포테이토 피자,302,11.96,,
피자_웨지포테이토 피자 (L),231,11.05,,
피자_웨지포테이토 피자 (M),241,12.44,,
피자_웨지포테이토 피자 마니아 에어도우 (L),266,11.06,,
피자_웨지포테이토 피자 마니아 에어도우 (M),267,11.05,,
피자_웨지포테이토 피자 마니아 파마산엣지 (L),268,11.43,,
피자_웨지포테이토 피자 마니아 파마산엣지 (M),269,11.7,,
피자_웨지포테이토 피자 씬 (L),336,12.5,,
피자_웰빙다이어트야채 피자 (L),245,13.02,,
피자_웰컴투포테이토 피자 (L),244,10.74,,
피자_웰컴투포테이토 피자 (M),248,10.81,,
피자_위스콘신 치즈 포테이토 (F),278,12.52,,
피자_위스콘신 치즈 포테이토 (P),278,13.08,,
피자_위스콘신 치즈 포테이토 골드링 (F),295,14.47,,
피자_위스콘신 치즈 포테이토 골드링 (L),296,14.42,,
피자_위스콘신 치즈 포테이토 골드링 (P),295,14.5,,
피자_위스콘신 치즈 포테이토 스파이시 갈릭 치즈롤 (F),295,14.73,,
피자_위스콘신 치즈 포테이토 스파이시 갈릭 치즈롤 (L),294,14.52,,
피자_위스콘신 치즈 포테이토 스파이시 갈릭 치즈롤 (P),294,14.71,,
피자_위스콘신 치즈 포테이토 치즈롤 (F),288,14.33,,
피자_위스콘신 치즈 포테이토 치즈롤 (L),288,14.29,,
피자_위스콘신 치즈 포테이토 치즈롤 (P),288,14.81,,
피자_위스콘신 치즈 포테이토 크루아상,332,13.0,,
피자_위스콘신 치즈 포테이토 피자 골드링 (F),295,14.47,,
피자_위스콘신 치즈 포테이토 피자 골드링 (L),296,14.42,,
피자_위스콘신 치즈 포테이토 피자 골드링 (P),295,14.49,,
피자_위스콘신 치즈 포테이토 피자 오리지널 (F),278,12.52,,
피자_위스콘신 치즈 포테이토 피자 오리지널 (L),278,12.63,,
피자_위스콘신 치즈 포테이토 피자 오리지널 (P),278,13.08,,
피자_위스콘신 치즈 포테이토 피자 치즈롤 (F),288,14.32,,
피자_위스콘신 치즈 포테이토 피자 치즈롤 (L),288,14.29,,
피자_위스콘신 치즈 포테이토 피자 치즈롤 (P),288,14.81,,
피자_위스콘신치즈포테이토 (L),278,12.63,,
피자_위스콘신치즈포테이토 피자 (F),284,14.06,,
피자_위스콘신치즈포테이토 피자 (L),278,12.63,,
피자_위스콘신치즈포테이토 피자 (P),252,12.31,,
피자_유로코베스트 피자,272,12.92,,
피자_육해공골드 피자 (L),252,12.89,,
피자_의좋은4형제 피자 (L),225,5.01,,
피자_이탈리아 마르게리따 피자 나폴리 (L),233,11.0,9.22,26.35
피자_이탈리아 마르게리따 피자 더블치즈 엣지 (L),246,11.5,10.65,25.99
피자_이탈리아 마르게리따 피자 더블치즈 페퍼로니 엣지 (L),251,12.01,11.56,25.73
피자_이탈리아 마르게리따 피자 슈퍼시드 화이버 버스트 오리지널 (L),301,12.77,10.72,29.36
피자_이탈리아 마르게리따 피자 슈퍼시드 화이버 오리지널 (L),249,10.0,8.32,33.47
피자_이탈리아 마르게리따 피자 슈화 더블치즈 페퍼로니 엣지 (L),301,13.37,11.65,28.07
피자_이탈리아 마르게리따 피자 씬 (L),283,12.6,16.43,21.07
피자_이탈리아 마르게리따 피자 오리지널 (L),237,10.5,8.22,30.18
피자_이탈리아 마르게리따 피자 치즈버스트 나폴리 (L),264,12.0,13.85,22.66
피자_이탈리아 마르게리따 피자 치즈버스트 오리지널 (L),257,11.8,12.1,25.17
피자_이탈리안 페페로니피자,269,12.71,,
피자_이탈리안미트피자,273,11.02,,
피자_이탈리안치즈 피자 (L),288,11.61,,
피자_이탈리안치즈 피자 (L),283,17.07,,
피자_이탈리안치즈 피자 바이트 (L),272,15.45,,
피자_이탈리안치즈피자,283,17.07,,
피자_이탈리안치즈피자바이트,272,15.45,,
피자_인싸 피자 (L),290,15.4,,
피자_잠봉루꼴라피자,245,12.5,,
피자_쟌슨빌콰트로피자 (L),281,13.16,,
피자_쟌슨빌콰트로피자 (R),282,13.16,,
피자_쟌슨빌콰트로피자 (XL),281,13.16,,
피자_전주불백 피자 (L),217,10.87,,
피자_전주불백 피자 (R),221,12.79,,
피자_전주불백피자 (L),219,10.33,,
피자_전주불백피자 (R),220,12.3,,
피자_전주불백피자 (XL),218,10.36,,
피자_점보꿀고구마 피자,251,14.05,,
피자_점보꿀고구마피자,251,14.05,,
피자_점보불고기 피자,221,16.29,,
에이드_청포도 에이드,28,0.0,,
피자_점보불고기피자,221,16.29,,
피자_점보스테이크불갈비 피자 (L),240,12.47,,
피자_점보스테이크불갈비피자,240,12.47,,
피자_점보이탈리안치즈피자,297,16.13,,
피자_점보콤비네이션피자,232,14.17,,
피자_점보페퍼로니피자,274,14.39,,
피자_점보포테이토 피자 (L),233,11.17,,
피자_점보포테이토피자,233,11.17,,
피자_점보하와이안쉬림프피자,228,12.86,,
피자_제노베제 살시챠 포카챠,205,8.5,,
피자_제주 고르곤졸라 피자 메가크런치 씬 (L),404,16.27,,
피자_존스 페이버릿 (F),289,12.28,,
피자_존스 페이버릿 (P),290,12.07,,
피자_존스 페이버릿 골드링 (F),307,14.19,,
피자_존스 페이버릿 골드링 (L),307,14.14,,
피자_존스 페이버릿 골드링 (P),307,14.38,,
피자_존스 페이버릿 골드링 씬,321,13.01,,
피자_존스 페이버릿 스파이시 갈릭 치즈롤 (F),305,14.44,,
피자_존스 페이버릿 스파이시 갈릭 치즈롤 (L),306,14.47,,
피자_존스 페이버릿 스파이시 갈릭 치즈롤 (P),306,14.43,,
피자_존스 페이버릿 씬,324,13.37,,
피자_존스 페이버릿 치즈롤 (F),299,14.05,,
피자_존스 페이버릿 치즈롤 (L),299,14.24,,
피자_존스 페이버릿 치즈롤 (P),299,13.94,,
피자_존스 페이버릿 크루아상,345,12.56,,
피자_존스 페이버릿 피자 골드링 (F),307,14.19,,
피자_존스 페이버릿 피자 골드링 (L),307,14.14,,
피자_존스 페이버릿 피자 골드링 (P),307,14.38,,
피자_존스 페이버릿 피자 골드링씬 (F),321,13.0,,
피자_존스 페이버릿 피자 씬 (F),324,13.37,,
피자_존스 페이버릿 피자 오리지널 (F),289,12.28,,
피자_존스 페이버릿 피자 오리지널 (L),290,12.38,,
피자_존스 페이버릿 피자 오리지널 (P),290,12.07,,
피자_존스 페이버릿 피자 치즈롤 (F),299,14.05,,
피자_존스 페이버릿 피자 치즈롤 (L),299,14.23,,
피자_존스 페이버릿 피자 치즈롤 (P),299,13.94,,
피자_불새 피자 (L),210,8.89,,
피자_존스페이버릿 (L),289,12.35,,
피자_존스페이버릿 피자 (F),289,12.28,,
피자_존스페이버릿 피자 (L),289,12.35,,
피자_존스페이버릿 피자 (P),290,12.07,,
피자_죄다치즈 피자 (L),305,17.24,,
피자_죄다치즈 피자 (M),307,17.05,,
피자_지구식단직화피자,263,13.62,,
피자_지옥행불닭 피자 (L),250,13.79,,
피자_지옥행불닭 피자 (M),252,14.02,,
피자_직화 불고기리치골드 (L),263,11.82,,
피자_직화 불고기리치골드 (M),271,12.33,,
피자_직화 불고기오리지널 (L),263,12.47,,
피자_직화 불고기오리지널 (M),270,12.79,,
피자_직화 불고기치즈크러스트 (L),264,12.65,,
피자_직화 불고기치즈크러스트 (M),272,13.54,,
피자_직화 불고기치즈크러스트 골드 (L),269,13.22,,
피자_직화 불고기치즈크러스트 골드 (M),277,13.98,,
피자_직화매운갈비 피자,250,14.39,,28.03
피자_직화매운갈비피자,250,14.39,,
피자_직화바베큐 디트로이트,113,6.05,,
피자_직화바베큐 피자,246,13.89,8.89,21.67
피자_직화불고기 피자,261,14.31,,
피자_직화불고기 피자 (L),314,14.32,,
피자_직화불고기 피자 (L),243,14.67,,
피자_직화불고기 피자 더블치즈크러스트 (L),272,14.33,,
피자_직화불고기 피자 더블치즈크러스트 (M),277,15.09,,
피자_직화불고기 피자 리치골드(L),269,12.3,,
피자_직화불고기 피자 리치골드(M),272,12.63,,
피자_직화불고기 피자 치즈크러스트 (L),270,13.28,,
피자_직화불고기 피자 치즈크러스트 (M),271,13.98,,
피자_직화불고기 피자 팬 (L),290,11.18,,
피자_직화불고기 피자 프리미엄 오리지널 (L),275,12.97,,
피자_직화불고기 피자 프리미엄 오리지널 (M),277,13.33,,
피자_직화불고기 피자 프리첼 치즈 (L),273,10.48,,
피자_직화불고기 피자 프리첼 치즈 (M),278,10.6,,
피자_직화불고기 피자밀도우(L),103,8.19,,
피자_직화불고기 피자밀도우(R),68,5.45,,
피자_직화불고기 피자씬도우(L),103,8.19,,
피자_직화불고기 피자씬도우®,68,5.46,,
피자_직화스테이크 피자 (L),193,11.03,,
피자_직화파인애플 피자,230,5.95,6.49,31.89
피자_직화파인애플피자,244,12.65,,
피자_직화홀릭바베큐 피자 (L),259,14.15,,
피자_직화홀릭바베큐 피자 (M),258,14.14,,
피자_직화홀릭바이트 피자,268,6.2,9.09,32.23
피자_직화홀릭바이트피자,296,13.91,,
피자_진짜감자 피자 (L),279,12.51,,
피자_짱감자 피자 고구마크러스트 (L),228,10.46,,
피자_짱감자 피자 고구마크러스트 (R),231,10.17,,
피자_짱감자 피자 라이스골드 (F),250,17.84,,
피자_짱감자 피자 라이스골드 (L),262,16.81,,
피자_짱감자 피자 라이스골드 (R),269,15.55,,
피자_짱감자 피자 라이스바이트 (F),259,16.7,,
피자_짱감자 피자 밀스크린 (L),234,10.95,,
피자_짱감자 피자 밀스크린 (R),227,11.11,,
피자_짱감자 피자 밀스크린고구마크러스트 (L),230,10.74,,
피자_짱감자 피자 밀스크린고구마크러스트 (R),226,10.19,,
피자_짱감자 피자 밀스크린체다크림크러스트 (L),234,10.74,,
피자_짱감자 피자 밀스크린체다크림크러스트 (R),227,10.09,,
피자_짱감자 피자 밀스크린치즈크러스트 (L),228,11.41,,
피자_짱감자 피자 밀스크린치즈크러스트 (R),221,10.91,,
피자_짱감자 피자 백미스크린 (L),229,11.28,,
피자_짱감자 피자 백미스크린 (R),224,10.42,,
피자_짱감자 피자 백미스크린치즈크러스트 (L),222,11.72,,
피자_짱감자 피자 백미스크린치즈크러스트 (R),215,11.11,,
피자_짱감자 피자 석쇠 (F),254,18.28,,
피자_짱감자 피자 석쇠 (L),252,17.32,,
피자_짱감자 피자 석쇠 (R),254,14.93,,
피자_짱감자 피자 씬 (L),231,11.11,,
피자_짱감자 피자 씬 (R),232,10.98,,
피자_짱감자 피자 체다크림크러스트 (L),229,11.04,,
피자_짱감자 피자 체다크림크러스트 (R),229,10.08,,
피자_짱감자 피자 치즈크러스트 (F),255,18.57,,
피자_짱감자 피자 치즈크러스트 (L),262,17.83,,
피자_짱감자 피자 치즈크러스트 (L),225,11.76,,
피자_짱감자 피자 치즈크러스트 (R),269,16.24,,
피자_짱감자 피자 치즈크러스트 (R),223,10.83,,
피자_짱감자 피자 팬 (F),262,18.32,,
피자_짱감자 피자 팬 (L),260,17.48,,
피자_짱감자 피자 팬 (L),231,11.35,,
피자_짱감자 피자 팬 (R),230,11.01,,
피자_짱감자 피자 팬 (R),261,15.15,,
피자_짱감자 피자 흑미스크린 (L),222,11.19,,
피자_짱감자 피자 흑미스크린 (R),218,10.31,,
피자_짱감자 피자 흑미스크린치즈크러스트 (L),219,11.72,,
피자_짱감자 피자 흑미스크린치즈크러스트 (R),212,11.11,,
피자_짱감자고구마크러스트(L),228,10.54,,
피자_짱감자고구마크러스트(R),228,10.01,,
피자_짱감자밀스크린(L),234,11.23,,
피자_짱감자밀스크린(R),228,10.66,,
피자_짱감자밀스크린치즈크러스트(L),228,11.57,,
피자_짱감자밀스크린치즈크러스트(R),222,11.16,,
피자_짱감자백미스크린(L),228,11.17,,
피자_짱감자백미스크린(R),223,10.59,,
피자_짱감자백미치즈크러스트(L),223,11.53,,
피자_짱감자백미치즈크러스트(R),217,11.11,,
피자_짱감자씬(L),232,11.38,,
피자_짱감자씬(R),231,10.66,,
피자_짱감자체다크림크러스트(L),230,10.94,,
피자_짱감자체다크림크러스트(R),229,10.43,,
피자_짱감자치즈크러스트(L),226,11.66,,
피자_짱감자치즈크러스트(R),224,11.23,,
피자_짱감자팬(L),231,11.33,,
피자_짱감자팬(R),231,10.79,,
피자_짱감자흑미스크린(L),223,11.11,,
피자_짱감자흑미스크린(R),218,10.54,,
피자_짱감자흑미치즈크러스트(L),219,11.47,,
피자_짱감자흑미치즈크러스트(R),213,11.06,,
피자_쭈꾸미 피자 (L),87,3.39,,
피자_찐3 피자,182,8.17,,
피자_찐4 피자,273,13.81,,
피자_찐페퍼로니 피자 씬 크러스트,351,16.93,,
피자_차슈(불갈비) 피자 (L),222,12.42,,
피자_차슈(불갈비) 피자 (M),231,13.99,,
피자_찹스테이크 피자 (XL),195,11.76,,
피자_찹스테이크(R),134,11.76,,
피자_찹스테이크(XL),195,11.77,,
피자_채소콤비네이션 (L),115,9.82,,
피자_채소콤비네이션 (R),216,9.68,,
피자_채소콤비네이션 피자 (L),231,10.14,,
피자_채소콤비네이션 피자 (R),236,10.55,,
피자_첫사랑 피자 (L),95,3.75,,
피자_청양핫불고기 피자 (L),261,14.41,,
피자_청양핫불고기 피자 (M),259,14.15,,
피자_체다 스테이크 피자,239,13.61,,
피자_체다 온 더 베이컨 (R),274,15.63,,
피자_체다 온 더 베이컨 피자 (XL),274,15.63,,
피자_체다골드포테이토 피자 골드스윗 (L),251,10.6,,
피자_체다골드포테이토 피자 골드스윗 (R),250,10.09,,
피자_체다골드포테이토 피자 리코타링 (L),249,10.71,,
피자_체다골드포테이토 피자 리코타링 (R),251,9.9,,
피자_체다골드포테이토 피자 석쇠 (L),243,10.24,,
피자_체다골드포테이토 피자 석쇠 (R),243,10.38,,
피자_체다골드포테이토 피자 씬도우 (L),270,11.21,,
피자_체다골드포테이토 피자 씬도우 (R),252,11.05,,
피자_체다골드포테이토 피자 씬바샤삭 (L),270,11.21,,
피자_체다골드포테이토 피자 씬바샤삭 (R),252,11.05,,
피자_체다골드포테이토 피자 치즈링 (L),243,11.27,,
피자_체다골드포테이토 피자 치즈링 (R),242,11.54,,
피자_체다바비큐필레 피자 (L),278,11.54,9.99,35.47
피자_체다베이컨고구마 피자 (L),319,20.0,,
피자_체다소세지 피자 (L),250,13.66,,
피자_체다소세지 피자 바이트 (L),246,12.8,,
피자_체다스리라차케이준불고기 피자 (L),227,9.01,,
피자_체다왕손뚱베이컨 피자 (L),256,16.0,,
피자_체다치즈 피자,298,16.67,13.49,27.78
피자_체다치즈베이컨 (L),250,12.38,,
피자_체다치즈베이컨 (R),251,12.64,,
피자_체다치즈베이컨 피자 (L),272,13.69,,
피자_체다치즈베이컨 피자 (R),270,13.85,,
피자_체다치즈브레드 (1인),291,10.11,,
피자_체다콘치즈 피자 (L),256,11.85,,30.22
피자_체다콘치즈 피자 (R),252,11.29,,31.29
피자_체다콤비네이션 피자 (L),349,20.76,15.33,32.04
피자_체다파인애플 피자 골드스윗 (L),259,11.11,,
피자_체다파인애플 피자 골드스윗 (R),255,10.67,,
피자_체다파인애플 피자 리코타링 (L),257,11.3,,
피자_체다파인애플 피자 리코타링 (R),257,11.18,,
피자_체다파인애플 피자 석쇠 (L),249,10.68,,
피자_체다파인애플 피자 석쇠 (R),248,10.64,,
피자_체다파인애플 피자 씬바샤삭 (L),288,12.8,,
피자_체다파인애플 피자 씬바샤삭 (R),287,10.08,,
피자_체다파인애플 피자 치즈링 (L),247,11.86,,
피자_체다파인애플 피자 치즈링 (R),247,12.05,,
피자_체다폭탄베이컨체다 피자,291,15.03,,
피자_충성콤비네이션 피자 (L),257,13.76,,
피자_충성콤비네이션 피자 (M),255,14.15,,
피자_치왕 피자 고구마크러스트 (L),247,11.66,,
피자_치왕 피자 밀스크린고구마크러스트 (L),251,11.39,,
피자_치왕 피자 밀스크린체다크림크러스트 (L),252,11.95,,
피자_치왕 피자 밀스크린치즈크러스트 (L),248,12.66,,
피자_치왕 피자 체다크림크러스트 (L),250,12.27,,
피자_치왕 피자 치즈크러스트 (L),245,12.88,,
피자_치왕고구마크러스트,247,11.69,,
피자_치왕밀스크린고구마크러스트,250,11.61,,
피자_치왕밀스크린체다크러스트,252,12.0,,
피자_치왕밀스크린치즈크러스트,248,12.69,,
피자_치왕체다크림크러스트,249,12.07,,
피자_치왕치즈크러스트,245,12.74,,
피자_치즈 (L),268,13.83,,
피자_치즈 러버 피자 씬 (L),338,16.57,,
피자_치즈 러버 피자 오리지널 (L),286,13.97,,
피자_치즈 러버 피자 오리지널 (M),301,15.33,,
피자_치즈 러버 피자 오리지널 파마산 치즈 (L),291,14.61,,
피자_치즈 러버 피자 오리지널 파마산 치즈 (M),308,16.04,,
피자_치즈 러버 피자 팬 (L),316,12.55,,
피자_치즈 러버리치골드 (L),273,12.36,,
피자_치즈 러버리치골드 (M),281,13.06,,
피자_치즈 러버씬 (L),331,15.45,,
피자_치즈 러버오리지널 (L),274,13.23,,
피자_치즈 러버오리지널 (M),283,13.85,,
피자_치즈 러버치즈크러스트 (L),275,13.37,,
피자_치즈 러버치즈크러스트 (M),284,14.53,,
피자_치즈 러버치즈크러스트 골드 (L),280,13.96,,
피자_치즈 러버치즈크러스트 골드 (M),288,14.97,,
피자_치즈 러버팬 (L),311,11.85,,
피자_치즈 마니아 피자,307,12.83,,
피자_치즈 페페로니크래프티드 플래츠 (P),305,13.84,,
피자_치즈 피자,181,6.0,,
피자_치즈 피자,301,15.53,10.5,36.53
피자_치즈 피자 (12인치),247,11.33,,
피자_치즈 피자 (7인치),247,12.94,,
피자_치즈 피자 (L),266,15.98,,
피자_치즈 피자 (L),268,13.33,,
피자_치즈 피자 (L),279,16.19,,
피자_치즈 피자 (L),265,17.46,,
피자_치즈 피자 (L),257,14.01,,
피자_치즈 피자 (L),287,17.12,,
피자_치즈 피자 (L),288,17.76,,
피자_치즈 피자 (L),317,14.02,9.56,43.72
피자_치즈 피자 (L),286,17.33,9.27,30.4
피자_치즈 피자 (L),312,11.92,,
피자_치즈 피자 (L),366,7.16,,
피자_치즈 피자 (L),273,17.19,,
피자_치즈 피자 (L),273,13.07,,
피자_치즈 피자 (L),289,17.29,,
피자_치즈 피자 (M),269,14.99,,
피자_치즈 피자 (R),287,16.67,,
피자_치즈 피자 (R),278,16.67,,
피자_치즈 피자 (XL),272,14.91,,
피자_치즈 피자 (XL),321,12.86,,
피자_치즈 피자 골드스윗 (L),300,13.86,,
피자_치즈 피자 골드스윗 (R),296,13.6,,
피자_치즈 피자 나폴리 (L),262,12.59,10.34,29.72
피자_치즈 피자 나폴리 (M),272,13.3,10.47,31.13
피자_치즈 피자 더블치즈 엣지 (L),267,13.09,10.94,28.21
피자_치즈 피자 더블치즈 엣지 (M),264,13.24,11.19,28.52
피자_치즈 피자 더블치즈 엣지 오리지널 (L),249,12.4,,
피자_치즈 피자 더블치즈 페퍼로니 엣지 (L),272,13.6,10.11,26.55
피자_치즈 피자 더블치즈 페퍼로니 엣지 (M),268,13.65,12.12,27.34
피자_치즈 피자 리치골드 (M),263,12.87,,
피자_치즈 피자 리치골드(L),272,12.82,,
피자_치즈 피자 리코타링 (L),302,13.89,,
피자_치즈 피자 리코타링 (R),302,14.68,,
피자_치즈 피자 마니아 에어도우 (L),257,13.01,,
피자_치즈 피자 마니아 에어도우 (M),259,12.77,,
피자_치즈 피자 마니아 파마산엣지 (L),259,13.47,,
피자_치즈 피자 마니아 파마산엣지 (M),261,13.29,,
피자_치즈 피자 석쇠 (L),299,14.19,,
피자_치즈 피자 석쇠 (R),299,14.29,,
피자_치즈 피자 슈퍼시드 화이버 버스트 오리지널 (L),305,14.13,10.09,29.29
피자_치즈 피자 슈퍼시드 화이버 오리지널 (L),246,11.0,7.15,34.04
피자_치즈 피자 슈퍼시드 화이버 오리지널 (M),250,11.9,7.65,33.25
피자_치즈 피자 슈퍼시드함유도우 (L),264,10.99,,
피자_치즈 피자 슈화 더블 치즈 피자 페퍼로니 엣지 (L),304,14.75,11.14,27.85
피자_치즈 피자 슈화 더블 치즈 피자 페퍼로니 엣지 (M),321,16.39,12.14,26.33
피자_치즈 피자 씬 (L),306,13.27,16.45,26.3
피자_치즈 피자 씬 (M),311,15.05,17.54,23.32
피자_치즈 피자 씬바샤삭 (L),360,16.67,,
피자_치즈 피자 씬바샤삭 (R),363,13.33,,
피자_치즈 피자 오리지널 (L),260,13.31,6.32,33.85
피자_치즈 피자 오리지널 (M),261,11.58,8.17,35.23
피자_치즈 피자 치즈링 (L),290,15.68,,
피자_치즈 피자 치즈링 (R),286,15.79,,
피자_치즈 피자 치즈버스트 나폴리 (L),273,13.41,14.05,23.11
피자_치즈 피자 치즈버스트 오리지널 (L),265,12.03,11.51,28.42
피자_치즈 피자 크레이프 샌드 피자 (L),247,9.5,11.09,27.18
피자_치즈 피자 크레이프 샌드 피자 (M),248,9.8,11.97,25.26
피자_치즈 피자 팬 (L),287,11.75,,
피자_치즈 피자 팬 (M),285,11.64,,
피자_치즈(L),268,13.33,,
피자_치즈(M),268,13.33,,
피자_치즈多 피자,294,15.06,,
피자_치즈더블치즈엣지 오리지널 (L),277,13.33,,
피자_치즈더포테이토 피자 마니아 에어도우 (L),289,10.25,,
피자_치즈더포테이토 피자 마니아 에어도우 (M),288,10.79,,
피자_치즈더포테이토 피자 마니아 파마산엣지 (L),287,11.28,,
피자_치즈더포테이토 피자 마니아 파마산엣지 (M),291,11.33,,
피자_치즈딥 LA BBQ 불고기(L),254,12.59,,
피자_치즈딥 콤비네이션 (L),248,12.06,,
피자_치즈딥 페페로니 (L),284,12.87,,
피자_치즈로니 피자 (L),287,16.22,,
피자_치즈로니 피자 (R),286,15.79,,
피자_치즈바이트 피자,250,14.81,,25.93
피자_치즈바이트 피자 (L),549,29.8,22.65,56.57
피자_치즈베이컨피자 (L),274,15.3,,
피자_치즈베이컨피자 (M),263,14.46,,
피자_치즈베이컨피자 리치골드크러스트 (L),274,14.93,,
피자_치즈베이컨피자 리치골드크러스트 (M),265,14.32,,
피자_치즈베이컨피자 치즈크러스트 (L),276,15.09,,
피자_치즈베이컨피자 치즈크러스트 (M),266,14.36,,
피자_치즈블라썸 스테이크 피자 골드 (L),245,11.78,,
피자_치즈블라썸 스테이크 피자 골드 (M),256,12.05,,
피자_치즈블라썸 스테이크 피자 골드 (R),263,15.45,,
피자_치즈블라썸 스테이크 피자 노엣지 (L),243,11.9,,
피자_치즈블라썸 스테이크 피자 노엣지 (M),256,12.3,,
피자_치즈블라썸 스테이크 피자 노엣지 (R),264,16.06,,
피자_치즈블라썸 스테이크 피자 에그타르트 (L),251,10.95,,
피자_치즈블라썸 스테이크 피자 에그타르트 (M),262,11.27,,
피자_치즈블라썸 스테이크 피자 에그타르트 (R),269,14.55,,
피자_치즈블라썸 스테이크 피자 치즈캡 (L),246,12.99,,
피자_치즈블라썸 스테이크 피자 치즈캡 (M),258,13.54,,
피자_치즈블라썸 스테이크 피자 치즈캡 (R),232,14.16,,
피자_치즈블라썸 스테이크 피자 크림치즈 (L),245,10.81,,
피자_치즈블라썸 스테이크 피자 크림치즈 (M),257,11.15,,
피자_치즈블라썸 스테이크 피자 크림치즈 (R),265,15.04,,
피자_치즈스테이크 피자(L),261,16.45,,
피자_치즈씬(L),310,16.0,,
피자_치즈오리지널 (L),267,12.67,,
피자_치즈왕창 (L),261,13.97,,
피자_치즈왕창 (R),259,13.4,,
피자_치즈왕창 피자 (L),280,14.87,,
피자_치즈왕창 피자 (R),276,14.31,,
피자_치즈크러스트 피자 (L),574,38.92,25.64,46.83
피자_치즈크러스트고추마요치킨피자,284,14.16,,
피자_치즈크러스트꿀고구마피자,234,9.7,,
피자_치즈크러스트돼지불백피자,270,15.13,,
피자_치즈크러스트레드콘피자,241,12.45,,
피자_치즈크러스트명란크림새우피자,267,13.44,,
피자_치즈크러스트바베큐치킨피자,249,13.52,,
피자_치즈크러스트불고기피자,251,11.37,,
피자_치즈크러스트스테이크불갈비피자,250,14.1,,
피자_치즈크러스트아메리칸체다피자,263,13.1,,
피자_치즈크러스트이탈리안치즈피자,282,17.07,,
피자_치즈크러스트콤비네이션피자,247,13.65,,
피자_치즈크러스트투움바피자,237,11.27,,
피자_치즈크러스트페퍼로니피자,290,15.1,,
피자_치즈크러스트포테이토피자,262,13.01,,
피자_치즈크러스트하와이안쉬림프피자,219,14.01,,
피자_치즈크러스트흑마늘불고기피자,257,12.74,,
피자_치즈킹리치골드 (L),262,12.4,,
피자_치즈킹오리지널 (L),264,13.27,,
피자_치즈킹치즈크러스트 (L),263,13.21,,
피자_치즈킹치즈크러스트 골드 (L),267,13.62,,
피자_치즈팡 팬 (L),274,15.03,,
피자_치즈팡 피자 라이스골드 (F),261,15.2,,
피자_치즈팡 피자 라이스골드 (L),274,15.02,,
피자_치즈팡 피자 라이스골드 (R),287,15.43,,
피자_치즈팡 피자 라이스바이트 (F),270,14.19,,
피자_치즈팡 피자 석쇠 (L),270,14.86,,
피자_치즈팡 피자 치즈크러스트 (F),267,15.24,,
피자_치즈팡 피자 치즈크러스트 (L),276,15.8,,
피자_치즈팡 피자 치즈크러스트 (R),289,16.1,,
피자_치즈팡 피자 팬 (L),274,15.03,,
피자_치즈포테이토피자 (1인),257,10.91,,
피자_치즈폭탄 더블임실치즈고구마 피자 (L),230,12.8,,
피자_치즈폭탄 더블임실치즈밤호박 피자 (L),216,12.8,,
피자_치즈폭탄 더블임실치즈버팔로 피자 (L),233,13.66,,
피자_치즈폭탄 더블임실치즈불고기 피자 (L),234,15.89,,
피자_치즈폭탄 더블임실치즈슈퍼슈프림 피자 (L),238,14.38,,
피자_치즈폭탄 더블임실치즈짱감자 피자 (L),227,13.48,,
피자_치즈폭탄 더블임실치즈페파로니 피자 (L),240,15.17,,
피자_치즈폭탄 더블임실치즈하와이언 피자 (L),215,13.5,,
피자_치즈폭탄 더블임실치즈핫멕시칸 피자 (L),226,15.34,,
피자_치즈폭탄 피자 (L),288,21.18,,
피자_치즈폭탄 핵치즈폭탄 피자 (L),254,14.93,,
피자_치즈폭탄고구마,231,13.06,,
피자_치즈폭탄디럭스,254,14.62,,
피자_치즈폭탄밤호박,217,12.92,,
피자_치즈폭탄버팔로,233,13.59,,
피자_치즈폭탄불고기,235,16.1,,
피자_치즈폭탄슈퍼슈프림,239,14.66,,
피자_치즈폭탄짱감자,227,13.45,,
피자_치즈폭탄페파로니,241,15.35,,
피자_치즈폭탄피자,288,21.18,,
피자_치즈폭탄하와이언,215,13.38,,
피자_치즈폭탄핫멕시칸,226,15.12,,
피자_치즈퐁듀파이어미트 피자 오리지널 (L),237,11.72,,
피자_치즈피자,293,15.72,,
피자_치즈피자,277,15.7,7.9,35.6
피자_치즈피자 (L),282,14.46,,
피자_치즈피자 (L),275,13.17,,
피자_치즈피자 (M),274,14.16,,
피자_치즈피자 (R),281,14.3,,
피자_치즈피자 (XL),273,16.59,,
피자_치즈피자 리치골드크러스트 (L),275,13.29,,
피자_치즈피자 리치골드크러스트 (M),274,14.08,,
피자_치즈피자 오리지널,302,13.56,,
피자_치즈피자 치즈크러스트 (L),276,13.24,,
피자_치즈피자 치즈크러스트 (M),275,14.1,,
피자_치즈피자(L),277,15.24,11.65,27.91
피자_치즈피자(P),277,15.24,11.65,27.91
피자_치즈피자(R),208,10.0,,
피자_치즈피자(R),277,15.24,11.65,27.91
피자_치즈피자(XL),272,14.91,,
피자_치즈피자씬(L),422,18.67,,
피자_치즈피자오리지널(L),289,17.3,,
피자_치즈하이프로틴도우(L),273,14.67,,
피자_치즈핵폭탄 피자 (L),293,23.44,,
피자_치즈후라이 피자 (L),262,10.23,,
피자_치즈후라이크림치즈 피자 (L),187,12.6,,
피자_치킨 바베큐 (F),228,11.79,,
피자_치킨 바베큐 (L),228,11.79,,
피자_치킨 바베큐 (P),228,11.79,,
피자_치킨 바베큐 골드링 (F),242,13.54,,
피자_치킨 바베큐 골드링 (L),242,13.54,,
피자_치킨 바베큐 골드링 (P),242,13.54,,
피자_치킨 바베큐 골드링 씬,253,12.36,,
피자_치킨 바베큐 스파이시 갈릭 치즈롤 (F),241,13.69,,
피자_치킨 바베큐 스파이시 갈릭 치즈롤 (L),241,13.69,,
피자_치킨 바베큐 스파이시 갈릭 치즈롤 (P),241,13.69,,
피자_치킨 바베큐 씬,255,13.06,,
피자_치킨 바베큐 치즈롤 (F),236,13.53,,
피자_치킨 바베큐 치즈롤 (L),236,13.53,,
피자_치킨 바베큐 치즈롤 (P),236,13.53,,
피자_치킨 바베큐 크루아상,272,12.06,,
피자_치킨 바베큐 피자 골드링 (F),266,14.09,,
피자_치킨 바베큐 피자 골드링 (L),266,13.74,,
피자_치킨 바베큐 피자 골드링 (P),266,13.59,,
피자_치킨 바베큐 피자 골드링씬 (F),278,12.41,,
피자_치킨 바베큐 피자 씬 (F),280,13.73,,
피자_치킨 바베큐 피자 오리지널 (F),251,11.92,,
피자_치킨 바베큐 피자 오리지널 (L),251,12.3,,
피자_치킨 바베큐 피자 오리지널 (P),251,11.72,,
피자_치킨 바베큐 피자 오리지널 (R),251,12.34,,
피자_치킨 바베큐 피자 치즈롤 (F),259,13.95,,
피자_치킨 바베큐 피자 치즈롤 (L),259,13.71,,
피자_치킨 바베큐 피자 치즈롤 (P),259,13.85,,
피자_치킨 피자,139,7.86,,
피자_치킨바베큐 (R),228,11.79,,
피자_치킨바베큐 피자 (F),251,11.9,,
피자_치킨바베큐 피자 (L),250,12.81,,
피자_치킨바베큐 피자 (L),251,12.3,,
피자_치킨바베큐 피자 (L),228,12.5,,
피자_치킨바베큐 피자 (L),249,18.31,,
피자_치킨바베큐 피자 (P),251,11.72,,
피자_치킨바베큐 피자 (R),251,12.32,,
피자_치킨바베큐 피자 (XL),267,15.93,,
피자_치킨바베큐 피자 밀도우 (L),108,7.72,,
피자_치킨바베큐 피자 밀도우 (R),72,5.16,,
피자_치킨바베큐 피자 씬도우 (L),108,7.73,,
피자_치킨바베큐 피자 씬도우 (R),72,5.15,,
피자_치킨바베큐 피자밀도우(L),108,7.72,,
피자_치킨바베큐 피자밀도우(R),72,5.16,,
피자_치킨바베큐 피자씬도우(L),108,7.73,,
피자_치킨바베큐 피자씬도우(R),72,5.15,,
피자_치킨바베큐(R),202,12.04,,
피자_치킨바베큐(XL),267,15.93,,
피자_치킨바비큐 피자 (L),236,17.48,,
피자_치킨인볼케이노 피자 (L),224,16.0,,
피자_치킨인볼케이노 피자 (M),235,18.3,,
피자_치킨퀘사디아 피자,258,14.07,8.28,31.16
피자_치킨퀘사디아피자,232,12.1,,
피자_치킨텐더 피자 (L),218,12.75,,
피자_치킨텐더 피자 (M),217,13.08,,
피자_치킨할라피뇨 피자 골드스윗 (G),279,12.5,,
피자_치킨할라피뇨 피자 골드스윗 (L),276,15.18,,
피자_치킨할라피뇨 피자 골드스윗 (R),272,14.57,,
피자_치킨할라피뇨 피자 리코타링 (G),283,12.5,,
피자_치킨할라피뇨 피자 리코타링 (L),276,15.84,,
피자_치킨할라피뇨 피자 리코타링 (R),274,15.56,,
피자_치킨할라피뇨 피자 석쇠 (G),276,12.75,,
피자_치킨할라피뇨 피자 석쇠 (L),269,15.82,,
피자_치킨할라피뇨 피자 석쇠 (R),267,15.65,,
피자_치킨할라피뇨 피자 씬도우 (L),317,17.36,,
피자_치킨할라피뇨 피자 씬도우 (R),309,16.55,,
피자_치킨할라피뇨 피자 씬바샤삭 (L),317,17.36,,
피자_치킨할라피뇨 피자 씬바샤삭 (R),309,16.55,,
피자_치킨할라피뇨 피자 치즈링 (G),270,14.52,,
피자_치킨할라피뇨 피자 치즈링 (L),264,16.35,,
피자_치킨할라피뇨 피자 치즈링 (R),262,16.43,,
피자_치폴레미트피자오리지널,252,14.0,,
피자_치폴레쉬림프 (L),235,10.35,,
피자_치폴레쉬림프 피자,267,12.82,,
피자_치폴레쉬림프디트로이트,267,12.82,15.38,21.79
피자_칠리불갈비 피자 골드스윗 (L),279,14.41,,
피자_칠리불갈비 피자 골드스윗 (R),279,14.37,,
피자_칠리불갈비 피자 리코타링 (L),280,15.0,,
피자_칠리불갈비 피자 리코타링 (R),281,15.19,,
피자_칠리불갈비 피자 석쇠 (L),276,14.94,,
피자_칠리불갈비 피자 석쇠 (R),276,15.22,,
피자_칠리불갈비 피자 씬도우 (L),303,16.35,,
피자_칠리불갈비 피자 씬도우 (R),307,14.02,,
피자_칠리불갈비 피자 씬바샤삭 (L),303,16.35,,
피자_칠리불갈비 피자 씬바샤삭 (R),307,14.02,,
피자_칠리불갈비 피자 치즈링 (L),271,15.69,,
피자_칠리불갈비 피자 치즈링 (R),271,15.95,,
피자_칠리새우 피자 골드스윗 (L),275,13.24,,
피자_칠리새우 피자 골드스윗 (R),274,12.77,,
피자_칠리새우 피자 리코타링 (L),275,13.6,,
피자_칠리새우 피자 리코타링 (R),276,13.37,,
피자_칠리새우 피자 석쇠 (L),271,13.39,,
피자_칠리새우 피자 석쇠 (R),271,13.16,,
피자_칠리새우 피자 씬도우 (L),300,12.57,,
피자_칠리새우 피자 씬도우 (R),290,12.93,,
피자_칠리새우 피자 치즈링 (L),268,14.17,,
피자_칠리새우 피자 치즈링 (R),267,14.12,,
피자_칠리새우베이컨 피자 (XL),252,19.27,,
피자_칠리새우베이컨(R),189,14.47,,
피자_칠리새우베이컨(XL),252,19.27,,
피자_칠리쉬림프 피자 밀도우 (L),106,5.68,,
피자_칠리쉬림프 피자 밀도우 (R),71,3.76,,
피자_칠리쉬림프 피자 씬 (L),234,13.25,,
피자_칠리쉬림프 피자 씬 (R),234,12.9,,
피자_칠리쉬림프 피자 씬도우 (L),106,5.67,,
피자_칠리쉬림프 피자 씬도우 (R),71,3.78,,
피자_칠리쉬림프씬(L),234,13.03,,
피자_칠리쉬림프씬(R),234,12.2,,
피자_칠리하와이안피자 (1인),242,10.28,,
피자_캐리비안플러스 피자 (F),246,15.44,,
피자_캐리비안플러스 피자 (L),246,15.51,,
피자_캐리비안플러스 피자 (R),250,13.46,,
피자_케미콤보 피자,274,12.82,,
피자_케미콤보 피자 씬 (L),282,12.75,,
피자_케이준더블쉬림프 포켓 피자 노엣지 (L),231,11.59,,
피자_케이준더블쉬림프 포켓 피자 노엣지 (M),235,11.66,,
피자_케이준더블쉬림프 포켓 피자 리치골드 (L),258,12.24,,
피자_케이준더블쉬림프 포켓 피자 리치골드 (M),251,12.16,,
피자_케이준더블쉬림프 포켓 피자 치즈크러스트 (L),239,12.69,,
피자_케이준더블쉬림프 피자 더블치즈크러스트 (L),228,13.75,,
피자_케이준더블쉬림프 피자 더블치즈크러스트 (M),234,14.41,,
피자_케이준더블쉬림프 피자 리치골드 (L),226,12.05,,
피자_케이준더블쉬림프 피자 리치골드 M,232,12.26,,
피자_케이준더블쉬림프 피자 포켓 피자 치즈크러스트 (M),247,12.65,,
피자_케이준더블쉬림프 피자 포켓 피자 콘치즈포켓 (L),249,11.05,,
피자_케이준더블쉬림프 피자 포켓 피자 콘치즈포켓 (M),262,11.68,,
피자_케이준더블쉬림프 피자 프리미엄 오리지널 (L),218,12.52,,
피자_케이준더블쉬림프 피자 프리미엄 오리지널 (M),220,12.84,,
피자_케이준더블쉬림프 피자 프리첼 치즈 (L),225,10.46,,
피자_케이준더블쉬림프 피자 프리첼 치즈 (M),232,10.5,,
피자_케이준소시지 피자 (XL),262,14.74,,
피자_케이준쉬림프골드 피자 (F),242,16.14,,
피자_케이준쉬림프골드 피자 (L),258,16.05,,
피자_케이준쉬림프골드 피자 (R),263,16.34,,
피자_케이준치즈후라이 피자 (L),253,11.59,,
피자_케이준포테이토쉬림프 피자 (L),293,18.0,,
피자_코코에그마요 피자 (L),257,11.23,,
피자_코코에그마요 피자 (M),267,12.38,,
피자_콘 크림 피자,183,10.09,8.65,14.99
피자_콘마요 피자 (L),279,10.56,,
피자_콘마요피자,294,17.98,,
피자_콘마요피자,289,10.15,,
피자_콘치즈 피자,269,13.39,,33.04
피자_콘치즈 피자 (L),307,9.89,,
피자_콘치즈 피자 (R),314,10.01,,
피자_콘치즈피자,269,13.39,,
피자_콘콘콘,88,4.22,,
피자_콤비X콤비네이션 피자 (XL),259,14.17,,
피자_콤비네이션 1958 피자 씬 (L),302,15.19,,
피자_콤비네이션 1958 피자 오리지널 (L),267,13.33,,
피자_콤비네이션 1958 피자 오리지널 (M),281,14.45,,
피자_콤비네이션 1958 피자 오리지널 파마산 치즈 (L),271,13.9,,
피자_콤비네이션 1958 피자 오리지널 파마산 치즈 (M),287,15.09,,
피자_콤비네이션 1958 피자 팬 (L),294,12.11,,
피자_콤비네이션 1인피자,252,12.78,,
피자_콤비네이션 피자,263,10.79,,
피자_콤비네이션 피자,258,12.56,,
피자_콤비네이션 피자,226,12.0,,
피자_콤비네이션 피자,260,13.64,10.23,21.02
피자_콤비네이션 피자,252,14.77,5.68,42.61
피자_콤비네이션 피자,249,14.52,,27.42
피자_콤비네이션 피자 (J),232,14.17,,
피자_콤비네이션 피자 (L),237,13.79,,
피자_콤비네이션 피자 (L),301,17.65,11.69,31.36
피자_콤비네이션 피자 (L),262,15.5,,
피자_콤비네이션 피자 (L),251,11.66,,
피자_콤비네이션 피자 (L),248,12.67,,
피자_콤비네이션 피자 (L),245,13.31,,
피자_콤비네이션 피자 (L),244,11.9,,
피자_콤비네이션 피자 (L),326,7.9,,
피자_콤비네이션 피자 (L),259,15.0,,
피자_콤비네이션 피자 (L),240,14.1,,
피자_콤비네이션 피자 (R),244,12.82,,
피자_콤비네이션 피자 (XL),251,16.1,,
피자_콤비네이션 피자 (XL),272,13.16,,
피자_콤비네이션 피자 바이트 (L),243,12.57,,
피자_콤비네이션 피자 오리진 (L),243,10.98,,
피자_콤비네이션 피자 오리진 (M),258,13.33,,
피자_콤비네이션 피자 오리진 (R),261,13.33,,
피자_콤비네이션 피자 치즈캡 (L),245,12.25,,
피자_콤비네이션 피자 치즈캡 (M),259,14.63,,
피자_콤비네이션 피자 치즈캡 (R),261,14.29,,
피자_콤비네이션(R),189,12.1,,
피자_콤비네이션(XL),251,16.1,,
피자_콤비네이션+LA BBQ불고기 피자 씬 (L),301,15.51,,
피자_콤비네이션+LA BBQ불고기 피자 오리지날 (L),280,13.8,,
피자_콤비네이션+LA BBQ불고기 피자 오리지널 파마산엣지 (L),267,13.72,,
피자_콤비네이션+LA BBQ불고기 피자 팬 (L),294,12.33,,
피자_콤비네이션+페페로니 피자 씬 (L),318,14.96,,
피자_콤비네이션+페페로니 피자 오리지널 (L),269,12.73,,
피자_콤비네이션+페페로니 피자 오리지널 파마산엣지 (L),269,12.95,,
피자_콤비네이션+페페로니 피자 팬 (L),297,11.49,,
피자_콤비네이션리치골드 (L),252,11.47,,
피자_콤비네이션리치골드 (M),261,12.18,,
피자_콤비네이션바이트 피자,243,12.57,,
피자_콤비네이션바이트피자,243,12.57,,
피자_콤비네이션씬 (L),278,13.08,,
피자_콤비네이션오리지널 (L),246,11.91,,
피자_콤비네이션오리지널 (M),258,12.58,,
피자_콤비네이션치즈크러스트 (L),250,12.2,,
피자_콤비네이션치즈크러스트 (M),263,13.4,,
피자_콤비네이션치즈크러스트 골드 (L),256,12.76,,
피자_콤비네이션치즈크러스트 골드 (M),267,13.79,,
피자_콤비네이션팬 (L),280,10.84,,
피자_콤비네이션피자,274,10.68,14.36,25.54
피자_콤비네이션피자,249,14.52,,
피자_콤비네이션피자,245,13.32,,
피자_콤비네이션피자,249,13.09,,
피자_콤비네이션피자 (1인),249,13.24,,
피자_콤비네이션피자 (L),257,14.02,,
피자_콤비네이션피자 (L),243,12.19,,
피자_콤비네이션피자 (M),272,13.84,,
피자_콤비네이션피자 (R),243,12.13,,
피자_콤비네이션피자 (XL),243,12.29,,
피자_콤비네이션피자 리치골드크러스트 (L),261,13.95,,
피자_콤비네이션피자 리치골드크러스트 (M),272,13.81,,
피자_콤비네이션피자 치즈크러스트 (L),261,13.98,,
피자_콤비네이션피자 치즈크러스트 (M),274,13.82,,
피자_콤비네이션피자(L),248,12.67,,
피자_콤비네이션피자(M),248,12.67,,
피자_콤비네이션피자씬(L),260,15.43,,
피자_콰트로 피자 (L),227,11.39,,
피자_콰트로 피자 (M),236,12.83,,
피자_콰트로디트로이트 피자,279,16.16,14.14,23.23
피자_콰트로머쉬룸불고기피자(L),249,12.31,8.83,30.1
피자_콰트로머쉬룸불고기피자(P),249,12.31,8.83,30.1
피자_콰트로머쉬룸불고기피자(R),249,12.31,8.83,30.1
피자_콰트로미트 피자 (L),232,11.93,,
피자_콰트로치즈베이컨피자,294,17.98,,
피자_콰트로치즈피자(L),291,13.62,14.04,27.57
피자_콰트로치즈피자(P),291,13.62,14.04,27.57
피자_콰트로치즈피자(R),291,13.62,14.04,27.57
피자_콰트로피자 (L),315,15.72,,
피자_콰트로피자 (R),315,15.72,,
피자_콰트로피자 (XL),315,15.72,,
피자_큐브스테이크피자,257,16.15,,
피자_크랩&립하우스 피자 나폴리 (L),290,11.91,13.92,29.3
피자_크랩&립하우스 피자 나폴리 (M),276,11.43,13.08,28.22
피자_크랩&립하우스 피자 더블치즈 엣지 (L),277,12.46,12.06,29.6
피자_크랩&립하우스 피자 더블치즈 엣지 (M),279,12.55,12.76,28.39
피자_크랩&립하우스 피자 더블치즈 페퍼로니 엣지 (L),280,12.92,13.8,26.34
피자_크랩&립하우스 피자 더블치즈 페퍼로니 엣지 (M),281,12.92,13.7,26.0
피자_크랩&립하우스 피자 슈퍼시드 화이버 버스트 오리지널 (L),322,13.75,12.1,29.61
피자_크랩&립하우스 피자 슈퍼시드 화이버 오리지널 (L),270,11.0,10.0,33.73
피자_크랩&립하우스 피자 슈퍼시드 화이버 오리지널 (M),271,11.0,9.88,34.63
피자_크랩&립하우스 피자 슈화 더블 치즈 페퍼로니 엣지 (L),321,14.3,13.0,28.33
피자_크랩&립하우스 피자 슈화 더블 치즈 페퍼로니 엣지 (M),332,14.89,13.29,28.4
피자_크랩&립하우스 피자 씬 (L),322,11.7,19.72,24.25
피자_크랩&립하우스 피자 씬 (M),314,12.13,19.01,23.55
피자_크랩&립하우스 피자 오리지널 (L),275,11.4,11.37,31.67
피자_크랩&립하우스 피자 오리지널 (M),279,12.13,11.08,32.59
피자_크랩&립하우스 피자 치즈버스트 나폴리 (L),289,12.83,15.92,23.67
피자_크랩&립하우스 피자 치즈버스트 오리지널 (L),281,11.92,13.09,28.77
피자_크런치골드 피자 씬 (L),250,12.16,,
피자_크런치골드 피자 씬 (R),251,12.17,,
피자_크런치골드씬(L),251,12.16,,
피자_크런치골드씬(R),251,11.82,,
피자_크레이지불새 피자 (L),241,15.29,,
피자_크레이지불새피자,241,15.29,,
피자_크로스포테이토 피자 (L),263,12.19,,
피자_크리스피 더블치즈 디트로이트,235,11.94,,
피자_크리스피 치즈 트리플 피자 씬 (F),342,15.94,,
피자_크리스피 치즈 페퍼로니,323,14.64,,
피자_크리스피 치즈 페퍼로니 피자 씬 (F),324,14.66,,
피자_크리스피 치즈트리플,342,15.97,,
피자_크리스피핫치킨 피자 (L),255,17.17,,
피자_크림치즈고구마 피자 (L),288,19.0,,
피자_크림치즈고르곤졸라 피자 (L),323,3.15,,
피자_크림치즈마르게리따,137,6.12,,
피자_크림치즈볼 피자 골드스윗 (L),273,11.69,,
피자_크림치즈볼 피자 골드스윗 (R),269,10.81,,
피자_크림치즈볼 피자 리코타링 (L),275,11.97,,
피자_크림치즈볼 피자 리코타링 (R),275,10.78,,
피자_크림치즈볼 피자 석쇠 (L),269,11.54,,
피자_크림치즈볼 피자 석쇠 (R),269,11.35,,
피자_크림치즈볼 피자 씬바샤삭 (L),297,10.19,,
피자_크림치즈볼 피자 씬바샤삭 (R),293,10.39,,
피자_크림치즈볼 피자 치즈링 (L),266,12.41,,
피자_크림치즈볼 피자 치즈링 (R),265,12.38,,
피자_크림치즈포테이토 (L),275,7.1,,
피자_크림치즈포테이토 피자 (L),246,7.59,,
피자_클래식치즈 피자,279,14.71,,
피자_킬바사소세지 피자 (L),285,12.83,,
피자_킬바사소세지피자오리지널(L),285,12.83,,
피자_킹 브레드 쉬림프 골드 칠리 피자 골드 칠리 (L),233,13.38,,
피자_킹 브레드 쉬림프 골드 칠리 피자 골드 칠리 (M),243,15.4,,
피자_킹 브레드 쉬림프 골드 칠리 피자 노엣지 (L),229,13.74,,
피자_킹 브레드 쉬림프 골드 칠리 피자 노엣지 (M),242,16.16,,
피자_킹 브레드 쉬림프 골드 칠리 피자 에그타르트 (L),239,12.52,,
피자_킹 브레드 쉬림프 골드 칠리 피자 에그타르트 (M),250,14.6,,
피자_킹 브레드 쉬림프 골드 칠리 피자 치즈캡 (L),233,14.69,,
피자_킹 브레드 쉬림프 골드 칠리 피자 치즈캡 (M),245,16.99,,
피자_킹 브레드 쉬림프 골드 칠리 피자 크림치즈 (L),234,12.33,,
피자_킹 브레드 쉬림프 골드 칠리 피자 크림치즈 (M),244,14.37,,
피자_킹 브레드 쉬림프 골드 피자 골드 (L),233,13.38,,
피자_킹 브레드 쉬림프 골드 피자 골드 (M),243,15.41,,
피자_킹 브레드 쉬림프 골드 피자 골드 (R),280,17.39,,
피자_킹 브레드 쉬림프 골드 피자 노엣지 (L),229,13.74,,
피자_킹 브레드 쉬림프 골드 피자 노엣지 (M),242,16.16,,
피자_킹 브레드 쉬림프 골드 피자 노엣지 (R),242,16.22,,
피자_킹 브레드 쉬림프 골드 피자 에그타르트 (L),239,12.54,,
피자_킹 브레드 쉬림프 골드 피자 에그타르트 (M),250,14.62,,
피자_킹 브레드 쉬림프 골드 피자 에그타르트 (R),287,16.3,,
피자_킹 브레드 쉬림프 골드 피자 치즈캡 (L),233,14.68,,
피자_킹 브레드 쉬림프 골드 피자 치즈캡 (M),245,16.98,,
피자_킹 브레드 쉬림프 골드 피자 치즈캡 (R),245,17.31,,
피자_킹 브레드 쉬림프 골드 피자 크림치즈 (L),234,12.34,,
피자_킹 브레드 쉬림프 골드 피자 크림치즈 (M),244,14.39,,
피자_킹 브레드 쉬림프 골드 피자 크림치즈 (R),290,17.39,,
피자_킹새우통치킨 피자 (L),246,12.45,,
피자_킹소시지 피자,260,12.72,,
피자_킹쉬림프 (L),213,9.16,,
피자_킹쉬림프 (R),198,8.2,,
피자_킹쉬림프 피자 (L),233,10.06,,
피자_킹쉬림프 피자 (R),234,10.18,,
피자_킹크래미 피자 (XL),273,11.56,,
피자_타코골드 피자 (L),286,16.67,,
피자_탄탄불고기 피자 밀도우 (L),103,8.19,,
피자_탄탄불고기 피자 밀도우 (R),68,5.44,,
피자_탄탄불고기 피자 씬도우 (L),103,8.19,,
피자_탄탄불고기 피자 씬도우 (R),68,5.46,,
피자_탑치즈 피자 (L),327,17.67,,
피자_탑콤비네이션 피자 (L),219,10.02,,
피자_텍사스 폴드포크 (R),269,15.93,,
피자_텍사스 풀드포크 피자 (XL),259,15.32,,
피자_토핑농장 피자 (L),205,10.0,,
피자_토핑킹 피자 더블치즈크러스트 (L),257,14.46,,
피자_토핑킹 피자 더블치즈크러스트 (M),264,15.08,,
피자_토핑킹 피자 리치골드 (L),253,12.73,,
피자_토핑킹 피자 리치골드 M,258,12.88,,
피자_토핑킹 피자 프리미엄 오리지널 (L),257,13.59,,
피자_토핑킹 피자 프리미엄 오리지널 (M),260,13.76,,
피자_토핑킹 피자 프리첼 치즈 (L),255,11.32,,
피자_토핑킹 피자 프리첼 치즈 (M),262,11.28,,
피자_토핑킹&수퍼슈프림 피자 더블치즈크러스트 (L),252,13.95,,
피자_토핑킹&수퍼슈프림 피자 리치골드 (L),249,12.15,,
피자_토핑킹&수퍼슈프림 피자 프리미엄 오리지널 (L),250,12.83,,
피자_토핑킹&수퍼슈프림 피자 프리첼 치즈 (L),251,10.6,,
피자_통마늘 불고기 피자 밀도우 (L),104,7.37,,
피자_통마늘 불고기 피자 밀도우 (R),70,4.91,,
피자_통마늘 불고기 피자 씬도우 (L),105,7.35,,
피자_통마늘 불고기 피자 씬도우 (R),70,4.9,,
피자_통마늘 불고기 피자밀도우(L),104,7.37,,
피자_통마늘 불고기 피자밀도우(R),70,4.91,,
피자_통마늘 불고기 피자씬도우(L),105,7.35,,
피자_통마늘 불고기 피자씬도우(R),70,4.9,,
피자_통마늘불고기 피자 (L),184,11.74,,
피자_통마늘불고기 피자 (L),244,11.58,,
피자_통마늘소불고기피자씬(L),368,15.65,,
피자_통베이컨할라피뇨 피자 (L),259,14.66,,
피자_통베이컨할라피뇨 피자 (M),258,15.05,,
피자_통삼겹파인(R),280,13.19,,
피자_통삼겹파인(XL),282,13.45,,
피자_통삽겹파인 피자,282,13.45,,
피자_통새우 피자 (L),237,12.37,,
피자_통새우불고기 피자 (L),219,13.33,,
피자_통새우불고기(L),219,13.33,,
피자_통새우불고기(M),219,13.33,,
피자_통새우불고기(R),225,14.17,,
피자_통새우불고기(XL),234,14.18,,
피자_투움바파스타 피자 (L),233,10.68,,
피자_투움바파스타 피자바이트 (L),233,10.42,,
피자_투움바피자,233,10.68,,
피자_투움바피자바이트,233,10.42,,
피자_트러플 불고기크래프티드 플래츠 (P),262,13.03,,
피자_트러플머쉬룸 피자,226,10.42,7.29,29.57
피자_트러플머쉬룸피자,218,10.47,,
피자_트러플바질알리고피자 (L),262,12.33,,
피자_트러플바질알리고피자 (M),256,11.7,,
피자_트러플바질알리고피자 리치골드크러스트 (L),253,17.94,,
피자_트러플바질알리고피자 리치골드크러스트 (M),255,12.13,,
피자_트러플바질알리고피자 치즈크러스트 (L),270,12.24,,
피자_트러플바질알리고피자 치즈크러스트 (M),263,12.13,,
피자_트러플버섯 피자 (L),259,13.45,,
피자_트러플버섯 피자바이트 (L),253,12.53,,
피자_트러플베이컨 피자 (L),275,11.58,,
피자_트러플베지테리안 피자 오리진 (L),257,12.57,,
피자_트러플베지테리안 피자 오리진 (R),243,12.06,,
피자_트러플베지테리안 피자 치즈캡 (L),259,13.46,,
피자_트러플베지테리안 피자 치즈캡 (R),248,14.02,,
피자_트러플포테이토 피자,245,10.78,8.82,30.39
피자_트러플포테이토피자,245,10.94,,
피자_트리플 치즈 비프 피자,303,14.14,,
피자_트리플 치즈크래프티드 플래츠 (P),297,14.48,,
피자_트리플미트 피자 (L),199,9.12,,
피자_트리플바비큐 피자 (L),255,14.67,,
피자_트리플치즈프라이 피자 (L),284,10.22,,
피자_트리플치즈피자 (1인),268,14.87,,
피자_트리플콤보 피자 고구마크러스트 (L),225,11.72,,
피자_트리플콤보 피자 고구마크러스트 (R),227,10.19,,
피자_트리플콤보 피자 밀스크린 (L),231,13.18,,
피자_트리플콤보 피자 밀스크린 (R),228,10.23,,
피자_트리플콤보 피자 밀스크린고구마크러스트 (L),227,12.06,,
피자_트리플콤보 피자 밀스크린고구마크러스트 (R),224,10.2,,
피자_트리플콤보 피자 밀스크린체다크림크러스트 (L),230,12.06,,
피자_트리플콤보 피자 밀스크린체다크림크러스트 (R),228,10.2,,
피자_트리플콤보 피자 밀스크린치즈크러스트 (L),224,12.77,,
피자_트리플콤보 피자 밀스크린치즈크러스트 (R),219,11.0,,
피자_트리플콤보 피자 백미스크린 (L),225,12.8,,
피자_트리플콤보 피자 백미스크린 (R),221,10.47,,
피자_트리플콤보 피자 백미스크린치즈크러스트 (L),219,13.14,,
피자_트리플콤보 피자 백미스크린치즈크러스트 (R),214,11.34,,
피자_트리플콤보 피자 씬 (L),228,13.0,,
피자_트리플콤보 피자 씬 (R),231,11.11,,
피자_트리플콤보 피자 체다크림크러스트 (L),226,12.33,,
피자_트리플콤보 피자 체다크림크러스트 (R),230,10.19,,
피자_트리플콤보 피자 치즈크러스트 (L),222,13.1,,
피자_트리플콤보 피자 치즈크러스트 (R),222,10.91,,
피자_트리플콤보 피자 팬 (R),231,11.22,,
피자_트리플콤보 피자 흑미스크린 (L),221,12.8,,
피자_트리플콤보 피자 흑미스크린 (R),217,10.47,,
피자_트리플콤보 피자 흑미스크린치즈크러스트 (L),215,13.14,,
피자_트리플콤보 피자 흑미스크린치즈크러스트 (R),209,11.22,,
피자_트리플콤보고구마크러스트(L),225,11.92,,
피자_트리플콤보고구마크러스트(R),227,9.95,,
피자_트리플콤보밀스크린(L),231,12.83,,
피자_트리플콤보밀스크린(R),228,10.66,,
피자_트리플콤보밀스크린치즈크러스트(L),226,13.06,,
피자_트리플콤보밀스크린치즈크러스트(R),221,11.21,,
피자_트리플콤보백미스크린(L),225,12.82,,
피자_트리플콤보백미스크린(R),222,10.59,,
피자_트리플콤보백미치즈크러스트(L),220,13.05,,
피자_트리플콤보백미치즈크러스트(R),215,11.16,,
피자_트리플콤보씬(L),228,13.45,,
피자_트리플콤보씬(R),231,10.66,,
피자_트리플콤보체다크림크러스트(L),227,12.34,,
피자_트리플콤보체다크림크러스트(R),229,10.41,,
피자_트리플콤보치즈크러스트(L),223,13.1,,
피자_트리플콤보치즈크러스트(R),224,11.29,,
피자_트리플콤보팬(L),228,12.88,,
피자_트리플콤보팬(R),230,10.8,,
피자_트리플콤보흑미스크린(L),220,12.74,,
피자_트리플콤보흑미스크린(R),217,10.52,,
피자_트리플콤보흑미치즈크러스트(L),215,12.98,,
피자_트리플콤보흑미치즈크러스트(R),211,11.1,,
피자_트윈폴더 피자 씬 (L),241,13.53,,
피자_트윈폴더 피자 씬 (R),242,13.21,,
피자_파스트라미 피자 (L),137,3.57,,
피자_파인애플 (L),206,7.86,,
피자_파인애플 (R),199,7.94,,
피자_파인애플 피자,219,9.32,,28.81
피자_파인애플 피자 (L),241,12.79,,
피자_파인애플 피자 (L),235,8.66,,
피자_파인애플 피자 (L),308,5.84,,
피자_파인애플 피자 (R),227,8.37,,
피자_파인애플떡갈비 피자 (L),241,11.89,,
피자_파인애플떡갈비 피자 (R),240,12.2,,
피자_파인애플피자,220,9.32,,
피자_팔도 피자 (L),226,13.68,,
피자_팔도 피자 (R),226,13.15,,
피자_팔도피자 (L),226,13.16,,
피자_팔도피자 (XL),225,13.24,,
피자_팔자피자 (L),256,10.98,,
피자_팔자피자 (R),242,10.83,,
피자_팔자피자 (XL),270,10.98,,
피자_패티크러쉬 피자 (L),254,13.15,,
피자_퍼펙트골드 피자 고구마크러스트 (L),217,13.1,,
피자_퍼펙트골드 피자 고구마크러스트 (R),217,11.3,,
피자_퍼펙트골드 피자 밀스크린고구마크러스트 (L),219,11.35,,
피자_퍼펙트골드 피자 밀스크린고구마크러스트 (R),213,11.43,,
피자_퍼펙트골드고구마크러스트(L),215,11.39,,
피자_퍼펙트골드고구마크러스트(R),217,11.21,,
피자_퍼펙트골드밀스크린고구마크러스트(L),217,11.3,,
피자_퍼펙트골드밀스크린고구마크러스트(R),214,11.13,,
피자_펍스리라차 피자,241,12.36,,
피자_페스티벌 피자 골드스윗 (L),261,13.82,,
피자_페스티벌 피자 골드스윗 (R),257,12.98,,
피자_페스티벌 피자 리코타링 (L),260,14.29,,
피자_페스티벌 피자 리코타링 (R),259,14.17,,
피자_페스티벌 피자 석쇠 (L),251,14.0,,
피자_페스티벌 피자 석쇠 (R),251,14.02,,
피자_페스티벌 피자 씬바샤삭 (L),278,13.95,,
피자_페스티벌 피자 씬바샤삭 (R),280,15.57,,
피자_페스티벌 피자 치즈링 (L),250,14.78,,
피자_페스티벌 피자 치즈링 (R),249,15.32,,
피자_페이보릿포 피자,225,9.2,,
피자_페이보릿포 피자 (L),256,10.64,,
피자_페파로니 시카고 피자,288,14.97,10.88,25.17
피자_페파로니 피자 (L),294,14.94,,
피자_페파로니 피자 (L),287,17.65,,
피자_페파로니 피자 (XL),273,10.61,,
피자_페파로니 피자 고구마크러스트 (L),244,11.67,,
피자_페파로니 피자 고구마크러스트 (R),243,10.87,,
피자_페파로니 피자 밀스크린 (L),254,13.46,,
피자_페파로니 피자 밀스크린 (R),251,12.5,,
피자_페파로니 피자 밀스크린고구마크러스트 (L),247,12.07,,
피자_페파로니 피자 밀스크린고구마크러스트 (R),243,10.98,,
피자_페파로니 피자 밀스크린체다크림크러스트 (L),251,12.93,,
피자_페파로니 피자 밀스크린체다크림크러스트 (R),246,12.2,,
피자_페파로니 피자 밀스크린치즈크러스트 (L),244,12.93,,
피자_페파로니 피자 밀스크린치즈크러스트 (R),237,13.1,,
피자_페파로니 피자 백미스크린 (L),248,13.0,,
피자_페파로니 피자 백미스크린 (R),243,12.86,,
피자_페파로니 피자 백미스크린치즈크러스트 (L),238,13.39,,
피자_페파로니 피자 백미스크린치즈크러스트 (R),232,12.35,,
피자_페파로니 피자 씬 (L),260,13.33,,
피자_페파로니 피자 씬 (R),259,12.5,,
피자_페파로니 피자 체다크림크러스트 (L),245,12.4,,
피자_페파로니 피자 체다크림크러스트 (R),248,11.96,,
피자_페파로니 피자 치즈크러스트 (L),241,13.33,,
피자_페파로니 피자 치즈크러스트 (R),241,12.9,,
피자_페파로니 피자 팬 (L),250,12.96,,
피자_페파로니 피자 팬 (R),251,12.2,,
피자_페파로니 피자 흑미스크린 (L),242,13.0,,
피자_페파로니 피자 흑미스크린 (R),237,12.86,,
피자_페파로니 피자 흑미스크린치즈크러스트 (L),233,13.39,,
피자_페파로니 피자 흑미스크린치즈크러스트 (R),227,12.35,,
피자_페파로니 피자바이트 (L),280,13.77,,
피자_페파로니고구마크러스트(L),244,12.04,,
피자_페파로니고구마크러스트(R),245,11.43,,
피자_페파로니밀스크린(L),255,13.18,,
피자_페파로니밀스크린(R),250,12.68,,
피자_페파로니밀스크린치즈크러스트(L),246,13.42,,
피자_페파로니밀스크린치즈크러스트(R),239,13.07,,
피자_페파로니백미스크린(L),248,13.18,,
피자_페파로니백미스크린(R),244,12.67,,
피자_페파로니백미치즈크러스트(L),239,13.43,,
피자_페파로니백미치즈크러스트(R),233,13.07,,
피자_페파로니씬(L),260,14.14,,
피자_페파로니씬(R),261,13.3,,
피자_페파로니체다크림크러스트(L),246,12.54,,
피자_페파로니체다크림크러스트(R),247,11.96,,
피자_페파로니치즈크러스트(L),242,13.46,,
피자_페파로니치즈크러스트(R),240,12.96,,
피자_페파로니팬(L),250,13.23,,
피자_페파로니팬(R),251,12.61,,
피자_페파로니흑미스크린(L),241,13.08,,
피자_페파로니흑미스크린(R),237,12.58,,
피자_페파로니흑미치즈크러스트(L),233,13.34,,
피자_페파로니흑미치즈크러스트(R),227,12.99,,
피자_페파불나 피자 (L),288,17.0,,
피자_페퍼디언스 피자 (L),257,13.71,,
피자_페퍼디언스 피자 (R),259,14.06,,
피자_페퍼로니 (F),282,11.13,,
피자_페퍼로니 (L),322,12.87,,
피자_페퍼로니 (L),282,11.24,,
피자_페퍼로니 (P),282,10.94,,
피자_페퍼로니 (R),281,11.02,,
피자_페퍼로니 골드링 (F),299,12.87,,
피자_페퍼로니 골드링 (L),299,12.82,,
피자_페퍼로니 골드링 (P),299,12.56,,
피자_페퍼로니 골드링 씬,312,11.58,,
피자_페퍼로니 마니아 피자,284,13.22,,
피자_페퍼로니 스파이시 갈릭 치즈롤 (F),298,13.1,,
피자_페퍼로니 스파이시 갈릭 치즈롤 (L),297,13.38,,
피자_페퍼로니 스파이시 갈릭 치즈롤 (P),297,13.08,,
피자_페퍼로니 시카고 피자,318,13.99,,24.48
피자_페퍼로니 시카고 피자,265,12.85,,
피자_페퍼로니 씬,315,12.25,,
피자_페퍼로니 치즈롤 (F),291,12.74,,
피자_페퍼로니 치즈롤 (L),291,13.18,,
피자_페퍼로니 치즈롤 (P),291,12.65,,
피자_페퍼로니 크루아상,336,11.39,,
피자_페퍼로니 플러스 1인피자,319,14.83,,
피자_페퍼로니 플러스 피자 오리진 (L),275,13.87,,
피자_페퍼로니 플러스 피자 오리진 (M),288,15.42,,
피자_페퍼로니 플러스 피자 오리진 (R),149,7.94,,
피자_페퍼로니 플러스 피자 치즈캡 (L),274,15.13,,
피자_페퍼로니 플러스 피자 치즈캡 (M),285,16.67,,
피자_페퍼로니 플러스 피자 치즈캡 (R),296,17.45,,
피자_페퍼로니 피자,307,16.19,10.0,37.62
피자_페퍼로니 피자,184,10.0,,
피자_페퍼로니 피자,243,12.63,,
피자_페퍼로니 피자,275,12.9,,
피자_페퍼로니 피자,303,15.07,13.01,25.34
피자_페퍼로니 피자 (12인치),250,11.33,,
피자_페퍼로니 피자 (7인치),267,13.33,,
피자_페퍼로니 피자 (F),281,11.11,,
피자_페퍼로니 피자 (L),352,7.67,,
피자_페퍼로니 피자 (L),277,15.23,,
피자_페퍼로니 피자 (L),262,12.15,,
피자_페퍼로니 피자 (L),279,14.92,8.9,32.59
피자_페퍼로니 피자 (L),289,16.04,,
피자_페퍼로니 피자 (L),373,8.1,,
피자_페퍼로니 피자 (L),293,14.29,,
피자_페퍼로니 피자 (L),289,15.33,,
피자_페퍼로니 피자 (L),311,17.82,,
피자_페퍼로니 피자 (L),282,11.25,,
피자_페퍼로니 피자 (L),271,13.09,,
피자_페퍼로니 피자 (L),292,15.25,,
피자_페퍼로니 피자 (L),315,17.61,11.55,35.15
피자_페퍼로니 피자 (M),269,15.45,,
피자_페퍼로니 피자 (P),281,10.91,,
피자_페퍼로니 피자 (R),281,11.02,,
피자_페퍼로니 피자 (R),289,14.04,,
피자_페퍼로니 피자 (XL),271,19.15,,
피자_페퍼로니 피자 골드링 (F),299,12.87,,
피자_페퍼로니 피자 골드링 (L),299,12.82,,
피자_페퍼로니 피자 골드링 (P),299,12.56,,
피자_페퍼로니 피자 골드링씬 (F),312,11.58,,
피자_페퍼로니 피자 나폴리 (L),286,14.8,14.22,24.7
피자_페퍼로니 피자 나폴리 (M),299,14.27,14.89,26.99
피자_페퍼로니 피자 더블치즈 엣지 (L),275,12.68,13.77,25.1
피자_페퍼로니 피자 더블치즈 엣지 (M),286,13.79,15.31,23.15
피자_페퍼로니 피자 더블치즈 엣지 오리지널 (M),274,13.61,,
피자_페퍼로니 피자 더블치즈 페퍼로니 엣지 (L),279,13.16,13.46,23.63
피자_페퍼로니 피자 더블치즈 페퍼로니 엣지 (M),288,14.15,14.16,23.61
피자_페퍼로니 피자 라이스골드 (F),284,17.84,,
피자_페퍼로니 피자 라이스골드 (L),297,17.35,,
피자_페퍼로니 피자 라이스골드 (R),301,17.64,,
피자_페퍼로니 피자 라이스바이트 (F),292,16.55,,
피자_페퍼로니 피자 라이스바이트 (L),298,16.84,,
피자_페퍼로니 피자 라이스바이트 (R),301,16.11,,
피자_페퍼로니 피자 마니아 에어도우 (L),274,13.07,,
피자_페퍼로니 피자 마니아 에어도우 (M),274,12.99,,
피자_페퍼로니 피자 마니아 파마산엣지 (L),276,13.56,,
피자_페퍼로니 피자 마니아 파마산엣지 (M),276,13.55,,
피자_페퍼로니 피자 석쇠 (F),303,18.38,,
피자_페퍼로니 피자 석쇠 (L),304,18.34,,
피자_페퍼로니 피자 석쇠 (R),305,18.35,,
피자_페퍼로니 피자 슈퍼시드 화이버 버스트 오리지널 (L),328,15.38,13.76,25.61
피자_페퍼로니 피자 슈퍼시드 화이버 오리지널 (L),274,12.5,11.9,29.11
피자_페퍼로니 피자 슈퍼시드 화이버 오리지널 (M),270,12.0,9.93,32.65
피자_페퍼로니 피자 슈화 더블 치즈 페퍼로니 엣지 (L),326,15.9,14.69,24.32
피자_페퍼로니 피자 슈화 더블 치즈 페퍼로니 엣지 (M),334,16.09,13.54,26.47
피자_페퍼로니 피자 씬 (F),315,12.25,,
피자_페퍼로니 피자 씬 (L),321,14.34,20.23,20.44
피자_페퍼로니 피자 씬 (M),335,14.94,22.03,
피자_페퍼로니 피자 오리지널 (F),282,11.13,,
피자_페퍼로니 피자 오리지널 (L),270,12.77,11.14,29.73
피자_페퍼로니 피자 오리지널 (L),282,11.24,,
피자_페퍼로니 피자 오리지널 (M),275,12.5,11.53,30.3
피자_페퍼로니 피자 오리지널 (P),282,10.94,,
피자_페퍼로니 피자 오리지널 (R),281,11.02,,
피자_페퍼로니 피자 치즈롤 (F),291,12.74,,
피자_페퍼로니 피자 치즈롤 (L),291,13.18,,
피자_페퍼로니 피자 치즈롤 (P),291,12.65,,
피자_페퍼로니 피자 치즈버스트 나폴리 (L),284,13.43,16.55,20.26
피자_페퍼로니 피자 치즈버스트 오리지널 (L),275,12.43,14.44,23.8
피자_페퍼로니 피자 치즈크러스트 (F),299,18.71,,
피자_페퍼로니 피자 치즈크러스트 (L),303,18.67,,
피자_페퍼로니 피자 치즈크러스트 (R),307,18.85,,
피자_페퍼로니 피자 팬 (F),308,18.42,,
피자_페퍼로니 피자 팬 (L),308,18.38,,
피자_페퍼로니 피자 팬 (R),309,18.38,,
피자_페퍼로니 하트씬,284,8.7,,
피자_페퍼로니(L),289,15.33,,
피자_페퍼로니(M),289,15.33,,
피자_페퍼로니(R),203,14.37,,
피자_페퍼로니(XL),271,19.15,,
피자_페퍼로니디트로이트 피자,280,14.29,14.29,23.47
피자_페퍼로니씬(L),337,16.67,,
피자_페퍼로니치즈폭탄 피자 (L),277,18.35,,
피자_페퍼로니치즈폭탄피자,277,18.35,,
피자_페퍼로니폭탄 피자,286,14.29,,
피자_페퍼로니피자,266,14.7,7.4,35.15
피자_페퍼로니피자,317,17.52,,
피자_페퍼로니피자,294,14.94,,
피자_페퍼로니피자 (1인),303,17.1,,
피자_페퍼로니피자 (L),287,15.17,,
피자_페퍼로니피자 (M),283,12.17,,
피자_페퍼로니피자 리치골드크러스트 (L),284,14.85,,
피자_페퍼로니피자 리치골드크러스트 (M),282,12.41,,
피자_페퍼로니피자 오리지널,289,14.87,,
피자_페퍼로니피자 치즈크러스트 (L),287,15.0,,
피자_페퍼로니피자 치즈크러스트 (M),283,12.36,,
피자_페퍼로니피자(L),265,14.25,11.89,25.21
피자_페퍼로니피자(P),265,14.25,11.89,25.21
피자_페퍼로니피자바이트,280,13.77,,
피자_페퍼로니피자오리지널(L),273,14.0,,
피자_페퍼로니피자오리지널(L),285,15.13,,
피자_페페로니 러버 피자 씬 (L),374,16.76,,
피자_페페로니 러버 피자 오리지널 (L),306,14.04,,
피자_페페로니 러버 피자 오리지널 (M),309,14.69,,
피자_페페로니 러버 피자 오리지널 파마산 치즈 (L),310,14.69,,
피자_페페로니 러버 피자 오리지널 파마산 치즈 (M),316,15.45,,
피자_페페로니 러버 피자 팬 (L),332,12.47,,
피자_페페로니 러버리치골드 (L),280,12.05,,
피자_페페로니 러버리치골드 (M),282,12.45,,
피자_페페로니 러버씬 (L),348,14.65,,
피자_페페로니 러버오리지널 (L),286,12.82,,
피자_페페로니 러버오리지널 (M),288,13.12,,
피자_페페로니 러버치즈크러스트 (L),283,12.99,,
피자_페페로니 러버치즈크러스트 (M),290,14.05,,
피자_페페로니 러버치즈크러스트 골드 (L),288,13.6,,
피자_페페로니 러버치즈크러스트 골드 (M),294,14.53,,
피자_페퍼로니피자(R),265,14.25,11.89,25.21
피자_페페로니 러버팬 (L),322,11.47,,
피자_페페로니 알픽,293,14.83,,
피자_페페로니 피자,290,16.04,,29.25
피자_페페로니 피자 (L),292,16.72,,
피자_페페로니 피자 (L),349,12.5,,
피자_페페로니 피자 (L),236,11.86,,
피자_페페로니 피자 (L),271,12.91,,
피자_페페로니 피자 (M),280,14.54,,
피자_페페로니 피자 골드스윗 (G),291,15.23,,
피자_페페로니 피자 골드스윗 (L),292,15.32,,
피자_페페로니 피자 골드스윗 (R),291,14.67,,
피자_페페로니 피자 리치골드 (M),273,12.97,,
피자_페페로니 피자 리치골드(L),280,12.54,,
피자_페페로니 피자 리코타링 (G),296,15.56,,
피자_페페로니 피자 리코타링 (L),294,16.0,,
피자_페페로니 피자 리코타링 (R),296,15.67,,
피자_페페로니 피자 밀도우 (L),113,10.23,,
피자_페페로니 피자 밀도우 (R),76,6.8,,
피자_치즈 피자,268,15.0,,
피자_페페로니 피자 석쇠 (G),292,16.24,,
피자_페페로니 피자 석쇠 (L),292,16.09,,
피자_페페로니 피자 석쇠 (R),292,15.79,,
피자_페페로니 피자 씬도우 (L),343,16.67,,
피자_페페로니 피자 씬도우 (L),114,10.22,,
피자_페페로니 피자 씬도우 (R),357,16.0,,
피자_페페로니 피자 씬도우 (R),76,6.81,,
피자_페페로니 피자 씬바샤삭 (L),343,16.67,,
피자_페페로니 피자 씬바샤삭 (R),357,16.0,,
피자_페페로니 피자 치즈링 (G),284,17.27,,
피자_페페로니 피자 치즈링 (L),284,16.67,,
피자_페페로니 피자 치즈링 (R),283,16.55,,
피자_페페로니 피자 치즈크러스트 (L),280,14.0,,
피자_페페로니 피자 치즈크러스트 (M),280,14.34,,
피자_페페로니 피자 팬 (L),303,11.89,,
피자_페페로니 피자 팬 (M),301,12.0,,
피자_페페로니 피자밀도우(L),113,10.23,,
피자_페페로니 피자밀도우(R),76,6.8,,
피자_페페로니 피자씬도우(L),114,10.22,,
피자_페페로니 피자씬도우(R),76,6.81,,
피자_페페로니&할라피뇨 피자 씬 (L),312,13.12,,
피자_페페로니더블피자 (L),282,13.92,,
피자_페페로니더블피자 (XL),289,13.63,,
피자_페페로니팔자피자 (L),280,12.5,,
피자_페페로니팔자피자 (R),287,12.5,,
피자_페페로니피자,289,13.9,,
피자_페페로니피자,290,16.04,,
피자_페페로니피자 (L),289,13.74,,
피자_페페로니피자 (R),287,13.62,,
피자_페페로니피자 (XL),290,13.89,,
피자_포게더 피자 골드 (L),245,11.15,,
피자_포게더 피자 골드 (M),238,11.74,,
피자_포게더 피자 에그타르트 (L),251,10.35,,
피자_포게더 피자 에그타르트 (M),244,10.96,,
피자_포게더 피자 오리진 (L),244,11.18,,
피자_포게더 피자 오리진 (M),236,11.94,,
피자_포게더 피자 치즈캡 (L),246,12.31,,
피자_포게더 피자 치즈캡 (M),239,13.23,,
피자_포게더 피자 크림치즈 (L),246,10.23,,
피자_포게더 피자 크림치즈 (M),239,10.84,,
피자_포새이돈 피자 (L),241,12.09,,
피자_포슬포슬 감자 피자 씬 크러스트 (R),270,10.88,,
피자_포테그체다크러스트(L),250,9.86,,
피자_포테그체다크러스트(R),250,9.86,,
피자_포테이토 (L),230,9.02,,
피자_포테이토 (R),228,9.52,,
피자_포테이토 스페셜리치골드 (M),288,12.3,,
피자_포테이토 스페셜오리지널 (M),273,11.77,,
피자_포테이토 스페셜치즈크러스트 (M),291,13.42,,
피자_포테이토 스페셜치즈크러스트 골드 (M),296,13.95,,
피자_포테이토 알픽,266,13.54,,
피자_포테이토 오리지널 트리플치즈버스트엣지 (L),257,12.0,,
피자_포테이토 피자,128,5.65,,
피자_포테이토 피자,225,12.86,,26.43
피자_포테이토 피자,242,11.54,8.24,31.32
피자_포테이토 피자,299,13.33,14.55,20.61
피자_포테이토 피자 (L),253,9.32,,
피자_포테이토 피자 (L),296,15.73,10.19,35.46
피자_포테이토 피자 (L),266,9.31,,
피자_포테이토 피자 (L),244,10.88,,
피자_포테이토 피자 (L),243,12.28,,
피자_포테이토 피자 (L),229,10.73,,
피자_포테이토 피자 (L),213,9.17,,
피자_포테이토 피자 (L),261,12.58,,
피자_포테이토 피자 (L),222,10.1,,
피자_포테이토 피자 (R),224,10.34,,
피자_포테이토 피자 (R),276,9.54,,
피자_포테이토 피자 (XL),216,19.16,,
피자_포테이토 피자 (XL),265,14.63,,
피자_포테이토 피자 고구마크러스트 (L),223,9.56,,
피자_포테이토 피자 고구마크러스트 (R),222,8.57,,
피자_포테이토 피자 골드 (L),237,10.85,,
피자_포테이토 피자 골드 (M),234,11.33,,
피자_포테이토 피자 골드 (R),234,10.17,,
피자_포테이토 피자 골드 에그타르트 (M),230,11.19,,
피자_포테이토 피자 골드스윗 (L),286,12.39,,
피자_포테이토 피자 골드스윗 (R),285,12.5,,
피자_포테이토 피자 나폴리 (L),232,9.58,12.94,
피자_포테이토 피자 나폴리 (M),236,10.28,10.84,24.32
피자_포테이토 피자 더블치즈 엣지 (L),237,11.14,12.2,20.61
피자_포테이토 피자 더블치즈 엣지 (M),245,11.31,11.39,24.2
피자_포테이토 피자 더블치즈 페퍼로니 엣지 (L),241,11.56,11.07,22.34
피자_포테이토 피자 더블치즈 페퍼로니 엣지 (M),248,11.68,12.17,23.5
피자_포테이토 피자 리코타링 (L),290,12.87,,
피자_포테이토 피자 리코타링 (R),289,13.28,,
피자_포테이토 피자 밀스크린 (L),229,10.0,,
피자_포테이토 피자 밀스크린 (R),222,9.41,,
피자_포테이토 피자 밀스크린고구마크러스트 (L),225,9.09,,
피자_포테이토 피자 밀스크린고구마크러스트 (R),219,8.42,,
피자_포테이토 피자 밀스크린체다크림크러스트 (L),229,9.85,,
피자_포테이토 피자 밀스크린체다크림크러스트 (R),222,9.47,,
피자_포테이토 피자 밀스크린치즈크러스트 (L),222,10.61,,
피자_포테이토 피자 밀스크린치즈크러스트 (R),213,10.31,,
피자_포테이토 피자 백미스크린 (L),222,10.34,,
피자_포테이토 피자 백미스크린 (R),214,9.64,,
피자_포테이토 피자 백미스크린치즈크러스트 (L),216,10.94,,
피자_포테이토 피자 백미스크린치즈크러스트 (R),209,9.57,,
피자_포테이토 피자 석쇠 (L),284,12.36,,
피자_포테이토 피자 석쇠 (R),284,12.96,,
피자_포테이토 피자 슈퍼시드 화이버 버스트 오리지널 (L),265,11.27,10.59,24.29
피자_포테이토 피자 슈퍼시드 화이버 오리지널 (L),223,9.0,8.67,26.71
피자_포테이토 피자 슈퍼시드 화이버 오리지널 (M),227,8.8,9.02,27.63
피자_포테이토 피자 슈화 더블 치즈 페퍼로니 엣지 (L),266,11.79,11.35,23.28
피자_포테이토 피자 슈화 더블 치즈 페퍼로니 엣지 (M),282,12.29,12.18,23.39
피자_포테이토 피자 씬 (L),225,9.89,,
피자_포테이토 피자 씬 (L),241,9.56,14.62,
피자_포테이토 피자 씬 (M),254,9.85,15.28,
피자_포테이토 피자 씬 (R),225,8.82,,
피자_포테이토 피자 씬바샤삭 (L),347,15.79,,
피자_포테이토 피자 씬바샤삭 (R),327,12.75,,
피자_포테이토 피자 에그타르트 (L),228,11.42,,
피자_포테이토 피자 에그타르트 (R),241,9.04,,
피자_포테이토 피자 오리지널 (L),222,9.14,8.79,26.51
피자_포테이토 피자 오리지널 (M),239,9.96,9.42,28.48
피자_포테이토 피자 오리진 (L),249,10.42,,
피자_포테이토 피자 오리진 (M),234,11.04,,
피자_포테이토 피자 오리진 (R),240,10.88,,
피자_포테이토 피자 체다크림크러스트 (L),225,10.22,,
피자_포테이토 피자 체다크림크러스트 (R),225,9.52,,
피자_포테이토 피자 치즈링 (L),278,13.46,,
피자_포테이토 피자 치즈링 (R),276,14.29,,
피자_포테이토 피자 치즈버스트 나폴리 (L),249,11.0,14.3,
피자_포테이토 피자 치즈버스트 오리지널 (L),232,10.09,12.05,20.87
피자_포테이토 피자 치즈캡 (L),253,12.04,,
피자_포테이토 피자 치즈캡 (M),238,12.45,,
피자_포테이토 피자 치즈캡 (R),244,12.28,,
피자_포테이토 피자 치즈크러스트 (L),220,11.03,,
피자_포테이토 피자 치즈크러스트 (R),219,10.38,,
피자_포테이토 피자 크림치즈 (L),237,9.91,,
피자_포테이토 피자 크림치즈 (M),235,10.43,,
피자_포테이토 피자 크림치즈 (R),235,9.24,,
피자_포테이토 피자 트리플치즈버스트 엣지 (L),234,10.98,,
피자_포테이토 피자 팬 (L),227,10.48,,
피자_포테이토 피자 팬 (R),225,9.47,,
피자_포테이토 피자 흑미스크린 (L),216,10.26,,
피자_포테이토 피자 흑미스크린 (R),211,9.64,,
피자_포테이토 피자 흑미스크린치즈크러스트 (L),213,10.94,,
피자_포테이토 피자 흑미스크린치즈크러스트 (R),205,9.57,,
피자_포테이토 피자바이트 (L),256,12.0,,
피자_포테이토(R),163,14.48,,
피자_포테이토(XL),216,19.16,,
피자_포테이토고구마크러스트(L),223,9.63,,
피자_포테이토고구마크러스트(R),222,8.99,,
피자_포테이토골드 피자 (L),259,13.61,,
피자_포테이토골드 피자 석쇠 (F),254,13.57,,
피자_포테이토골드 피자 석쇠 (L),256,14.19,,
피자_포테이토골드 피자 석쇠 (R),252,12.75,,
피자_포테이토나폴리(L),253,10.0,,
피자_포테이토밀스크린(L),229,10.29,,
피자_포테이토밀스크린(R),222,9.51,,
피자_포테이토밀스크린치즈크러스트(L),223,10.76,,
피자_포테이토밀스크린치즈크러스트(R),216,10.22,,
피자_포테이토백미스크린(L),223,10.2,,
피자_포테이토백미스크린(R),216,9.4,,
피자_포테이토백미치즈크러스트(L),217,10.69,,
피자_포테이토백미치즈크러스트(R),210,10.14,,
피자_포테이토베이컨 피자,242,12.6,,
피자_포테이토베이컨골드 피자,253,12.36,,24.16
피자_포테이토씬(L),225,10.17,,
피자_포테이토씬(R),224,9.23,,
피자_포테이토오리지널(L),247,11.33,,
피자_포테이토체다크림크러스트(L),225,10.09,,
피자_포테이토체다크림크러스트(R),225,9.47,,
커피_카페모카 핫(HOT),81,2.17,,
피자_포테이토치즈크러스트(L),221,10.88,,
피자_포테이토치즈크러스트(R),219,10.39,,
피자_포테이토팬(L),226,10.44,,
피자_포테이토팬(R),225,9.78,,
피자_포테이토펍스 피자 (L),251,9.83,,
피자_포테이토피자,227,9.69,,
피자_포테이토피자,252,10.89,,
피자_포테이토피자,261,12.58,,
피자_포테이토피자,225,12.86,,
피자_포테이토피자,251,11.2,10.2,28.64
피자_포테이토피자 (L),225,9.99,,
피자_포테이토피자 (L),240,12.34,,
피자_포테이토피자 (M),249,9.83,,
피자_포테이토피자 (R),225,9.97,,
피자_포테이토피자 (XL),224,10.02,,
피자_포테이토피자 리치골드크러스트 (L),246,12.57,,
피자_포테이토피자 리치골드크러스트 (M),253,10.36,,
피자_포테이토피자 치즈크러스트 (L),244,12.47,,
피자_포테이토피자 치즈크러스트 (M),253,10.25,,
피자_포테이토피자바이트,256,12.0,,
피자_포테이토피자씬(L),260,12.0,,
피자_포테이토피자씬(M),277,13.33,,
피자_포테이토피자오리지널(M),253,10.67,,
피자_포테이토흑미스크린(L),217,10.13,,
피자_포테이토흑미스크린(R),211,9.34,,
피자_포테이토흑미치즈크러스트(L),212,10.63,,
피자_포테이토흑미치즈크러스트(R),205,10.08,,
피자_포텐 피자 (L),246,11.64,,
피자_폭탄페퍼로니 피자 (L),311,16.22,,
피자_폭탄페퍼로니 피자 (M),308,16.44,,
피자_폴드포크 피자 (L),257,12.71,,
피자_폴드포크 피자 (L),244,11.24,,
피자_폴드포크BBQ 피자 (L),226,4.85,,
피자_퐁듀골드포테이토 피자 (L),300,12.45,,
피자_퐁듀눈꽃치즈 피자 (L),248,8.75,,
피자_퐁듀불금 피자 (L),263,13.95,,
피자_푸팟퐁커리 피자,296,12.46,,
피자_푸팟퐁커리 피자 (L),280,9.4,,
피자_푸팟퐁커리 피자 마니아 에어도우 (L),259,9.91,,
피자_푸팟퐁커리 피자 마니아 파마산엣지 (L),261,10.44,,
피자_풀드포크 피자 (L),214,11.61,,
피자_풀드포크 피자 (M),205,11.33,,
피자_풀드포크바베큐 피자 (F),262,12.32,,
피자_풀드포크바베큐 피자 (L),260,12.62,,
피자_풀드포크바베큐 피자 (P),262,12.14,,
피자_풀소유 피자 (L),270,5.22,,
피자_프랑크필레 피자 (L),259,11.26,,
피자_프레드 피자 (L),246,13.47,,
피자_프렌치밤 피자 (L),322,14.22,,
피자_프리미엄 직화불고기 (L),263,11.43,,
피자_프리미엄 직화불고기 (P),263,11.43,,
피자_프리미엄 직화불고기 골드링 (F),279,13.12,,
피자_프리미엄 직화불고기 골드링 (L),279,13.12,,
피자_프리미엄 직화불고기 골드링 (P),279,13.12,,
피자_프리미엄 직화불고기 골드링 씬,291,11.99,,
피자_프리미엄 직화불고기 스파이시 갈릭 치즈롤 (F),277,13.28,,
피자_프리미엄 직화불고기 스파이시 갈릭 치즈롤 (L),277,13.28,,
피자_프리미엄 직화불고기 스파이시 갈릭 치즈롤 (P),277,13.28,,
피자_프리미엄 직화불고기 씬,293,12.66,,
피자_프리미엄 직화불고기 치즈롤 (F),271,13.12,,
피자_프리미엄 직화불고기 치즈롤 (L),271,13.12,,
피자_프리미엄 직화불고기 치즈롤 (P),271,13.12,,
피자_프리미엄 직화불고기 크루아상,313,11.69,,
피자_프리미엄 직화불고기 피자 골드링 (F),288,13.63,,
피자_프리미엄 직화불고기 피자 골드링 (L),289,13.4,,
피자_프리미엄 직화불고기 피자 골드링 (P),288,13.26,,
피자_프리미엄 직화불고기 피자 골드링씬 (F),301,12.35,,
피자_프리미엄 직화불고기 피자 씬 (F),304,13.23,,
피자_프리미엄 직화불고기 피자 오리지널 (F),272,12.09,,
피자_프리미엄 직화불고기 피자 오리지널 (L),272,11.89,,
피자_프리미엄 직화불고기 피자 오리지널 (P),272,11.89,,
피자_프리미엄 직화불고기 피자 치즈롤 (F),281,13.48,,
피자_프리미엄 직화불고기 피자 치즈롤 (L),281,13.22,,
피자_프리미엄 직화불고기 피자 치즈롤 (P),281,13.39,,
피자_프리미엄불고기 피자 (L),307,14.33,10.76,38.11
피자_프리미엄불고기 피자 (XL),260,13.41,,
피자_프리미엄스테이크피자,233,11.42,,
피자_프리미엄직화불고기 (F),263,11.43,,
피자_프리미엄직화불고기 피자 (F),270,12.04,,
피자_프리미엄직화불고기 피자 (L),272,11.88,,
피자_프리미엄직화불고기 피자 (P),272,11.93,,
피자_프리미엄포테이토 피자 (L),242,12.6,,
피자_필라델피아 치즈스테이크 오리지널(L),287,14.67,,
피자_필라치즈불고기 피자 (L),263,15.39,,29.74
피자_필라치즈불고기 피자 (R),263,15.39,,29.74
피자_하나둘셋치즈 피자 (L),323,21.0,,
피자_하바네로쉬림프피자오리지널,240,12.04,,
피자_하와이간안다다씨 피자 (L),255,14.71,,
피자_하와이간안다다씨 피자 (M),255,14.58,,
피자_하와이안 (F),233,9.83,,
피자_하와이안 (L),234,9.91,,
피자_하와이안 (P),234,9.66,,
피자_하와이안 (R),233,9.7,,
피자_하와이안 골드링 (F),247,11.36,,
피자_하와이안 골드링 (L),248,11.32,,
피자_하와이안 골드링 (P),248,11.67,,
피자_하와이안 골드링 씬,259,10.22,,
피자_하와이안 스파이시 갈릭 치즈롤 (F),247,11.56,,
피자_하와이안 스파이시 갈릭 치즈롤 (L),247,11.82,,
피자_하와이안 스파이시 갈릭 치즈롤 (P),246,11.55,,
피자_하와이안 씬,260,10.82,,
피자_하와이안 치즈롤 (F),241,11.25,,
피자_하와이안 치즈롤 (L),241,11.64,,
피자_하와이안 치즈롤 (P),241,11.79,,
피자_하와이안 크루아상,278,10.28,,
피자_하와이안 포카챠,189,8.64,,
피자_하와이안 피자,194,7.87,,
피자_하와이안 피자 (F),234,9.84,,
피자_하와이안 피자 (L),233,10.0,,
피자_하와이안 피자 (L),252,13.8,,
피자_하와이안 피자 (L),297,17.08,10.16,34.36
피자_하와이안 피자 (L),254,14.22,,
피자_하와이안 피자 (L),244,12.0,,
피자_하와이안 피자 (L),233,9.89,,
피자_하와이안 피자 (L),250,10.26,,
피자_하와이안 피자 (L),271,17.24,,
피자_하와이안 피자 (L),305,6.41,,
피자_하와이안 피자 (P),234,9.68,,
피자_하와이안 피자 (R),233,9.7,,
피자_하와이안 피자 (R),246,9.86,,
피자_하와이안 피자 (XL),243,9.84,,
피자_하와이안 피자 골드링 (F),247,11.36,,
피자_하와이안 피자 골드링 (L),248,11.32,,
피자_하와이안 피자 골드링 (P),248,11.67,,
피자_하와이안 피자 골드링씬 (F),259,10.22,,
피자_하와이안 피자 씬 (F),260,10.82,,
피자_하와이안 피자 오리지널 (F),233,9.83,,
피자_하와이안 피자 오리지널 (L),233,9.91,,
피자_하와이안 피자 오리지널 (M),268,14.29,12.86,29.48
피자_하와이안 피자 오리지널 (P),233,9.66,,
피자_하와이안 피자 오리지널 (R),233,9.72,,
피자_하와이안 피자 치즈롤 (F),241,11.25,,
피자_하와이안 피자 치즈롤 (L),241,11.64,,
피자_하와이안 피자 치즈롤 (P),241,11.79,,
피자_하와이안 피자(L),288,15.18,,
피자_하와이안나이트 피자 (L),223,4.59,,
피자_하와이안쉬림프 피자 (L),149,8.44,,
피자_하와이안쉬림프 피자바이트 (L),223,11.76,,
피자_하와이안쉬림프피자,214,13.73,,
피자_하와이안쉬림프피자바이트,223,11.76,,
피자_하와이안슈림프 피자 오리지널 (L),207,10.14,,
피자_하와이안스페셜 1인피자,246,9.02,,
피자_하와이안스페셜 피자 오리진 (L),251,12.69,,
피자_하와이안스페셜 피자 오리진 (M),240,12.55,,
피자_하와이안스페셜 피자 오리진 (R),242,14.38,,
피자_하와이안스페셜 피자 치즈캡 (L),253,13.91,,
피자_하와이안스페셜 피자 치즈캡 (M),244,13.97,,
피자_하와이안스페셜 피자 치즈캡 (R),246,15.82,,
피자_하와이안피자 (L),246,10.36,,
피자_하와이안피자 (R),246,10.33,,
피자_하와이안피자 (XL),246,10.42,,
피자_하와이안피자 오리지널,278,10.23,,
피자_하와이안피자씬(L),377,14.31,,
피자_하와이안피자오리지널(L),226,11.03,,
피자_하와이언 피자,144,6.32,,
피자_하와이언 피자,264,13.5,,
피자_하와이언 피자 (L),235,11.43,,
피자_하와이언 피자 (L),236,11.29,,
피자_하와이언 피자 (M),223,11.5,,
피자_하와이언 피자 (XL),212,9.38,,
피자_하와이언 피자 고구마크러스트 (L),214,10.14,,
피자_하와이언 피자 고구마크러스트 (R),213,9.43,,
피자_하와이언 피자 라이스골드 (F),277,16.47,,
피자_하와이언 피자 라이스바이트 (F),283,15.21,,
피자_하와이언 피자 밀스크린 (L),218,10.66,,
피자_하와이언 피자 밀스크린 (R),209,10.34,,
피자_하와이언 피자 밀스크린고구마크러스트 (L),216,9.7,,
피자_하와이언 피자 밀스크린고구마크러스트 (R),209,9.38,,
피자_하와이언 피자 밀스크린체다크림크러스트 (L),219,10.45,,
피자_하와이언 피자 밀스크린체다크림크러스트 (R),210,9.28,,
피자_하와이언 피자 밀스크린치즈크러스트 (L),213,11.19,,
피자_하와이언 피자 밀스크린치즈크러스트 (R),204,10.2,,
피자_하와이언 피자 백미스크린 (L),211,11.02,,
피자_하와이언 피자 백미스크린 (R),204,9.52,,
피자_하와이언 피자 백미스크린치즈크러스트 (L),206,10.77,,
피자_하와이언 피자 백미스크린치즈크러스트 (R),197,10.42,,
피자_하와이언 피자 석쇠 (F),289,16.29,,
피자_하와이언 피자 석쇠 (L),292,16.42,,
피자_하와이언 피자 석쇠 (R),286,14.9,,
피자_하와이언 피자 씬 (L),211,10.75,,
피자_하와이언 피자 씬 (R),209,10.0,,
피자_하와이언 피자 체다크림크러스트 (L),215,10.79,,
피자_하와이언 피자 체다크림크러스트 (R),214,10.28,,
피자_하와이언 피자 치즈크러스트 (F),287,16.82,,
피자_하와이언 피자 치즈크러스트 (L),295,17.18,,
피자_하와이언 피자 치즈크러스트 (L),211,11.59,,
피자_하와이언 피자 치즈크러스트 (R),208,11.11,,
피자_하와이언 피자 치즈크러스트 (R),294,16.38,,
피자_하와이언 피자 팬 (F),295,16.49,,
피자_하와이언 피자 팬 (L),292,16.42,,
피자_하와이언 피자 팬 (L),216,11.11,,
피자_하와이언 피자 팬 (R),292,15.16,,
피자_하와이언 피자 팬 (R),213,10.31,,
피자_하와이언 피자 흑미스크린 (L),205,10.92,,
피자_하와이언 피자 흑미스크린 (R),198,9.41,,
피자_하와이언 피자 흑미스크린치즈크러스트 (L),202,10.77,,
피자_하와이언 피자 흑미스크린치즈크러스트 (R),194,10.42,,
피자_하와이언(R),248,7.17,,
피자_하와이언(XL),212,9.38,,
피자_하와이언고구마크러스트(L),213,10.15,,
피자_하와이언고구마크러스트(R),213,9.54,,
피자_하와이언밀스크린(L),218,10.86,,
피자_하와이언밀스크린(R),210,10.17,,
피자_하와이언밀스크린치즈크러스트(L),214,11.28,,
피자_하와이언밀스크린치즈크러스트(R),205,10.79,,
피자_하와이언백미스크린(L),211,10.79,,
피자_하와이언백미스크린(R),203,10.08,,
피자_하와이언백미치즈크러스트(L),207,11.22,,
피자_하와이언백미치즈크러스트(R),199,10.72,,
피자_하와이언쉬림프 피자 (L),219,10.98,,
피자_하와이언쉬림프 피자 (M),204,11.22,,
피자_하와이언씬(L),211,10.92,,
피자_하와이언씬(R),209,10.06,,
피자_하와이언체다크림크러스트(L),215,10.59,,
피자_하와이언체다크림크러스트(R),215,10.01,,
피자_하와이언치즈크러스트(L),211,11.38,,
피자_하와이언치즈크러스트(R),209,10.9,,
피자_하와이언팬(L),215,10.99,,
피자_하와이언팬(R),214,10.36,,
피자_하와이언흑미스크린(L),206,10.72,,
피자_하와이언흑미스크린(R),198,10.02,,
피자_하와이언흑미치즈크러스트(L),202,11.16,,
피자_하와이언흑미치즈크러스트(R),194,10.67,,
피자_하프앤하프 피자 골드 (L),231,10.2,,
피자_하프앤하프 피자 골드 (M),234,11.57,,
피자_하프앤하프 피자 골드 (R),231,10.99,,
피자_하프앤하프 피자 에그타르트 (L),237,9.28,,
피자_하프앤하프 피자 에그타르트 (M),241,10.69,,
피자_하프앤하프 피자 에그타르트 (R),239,10.44,,
피자_하프앤하프 피자 크림치즈 (L),232,9.19,,
피자_하프앤하프 피자 크림치즈 (M),235,10.57,,
피자_하프앤하프 피자 크림치즈 (R),233,10.05,,
피자_한우불고기 피자 라이스골드 (R),274,16.88,,
피자_한우불고기 피자 라이스바이트 (F),261,15.73,,
피자_한우불고기 피자 라이스바이트 (L),269,16.11,,
피자_한우불고기 피자 라이스바이트 (R),275,15.46,,
피자_한우불고기 피자 석쇠 (F),255,16.76,,
피자_한우불고기 피자 석쇠 (L),259,16.93,,
피자_한우불고기 피자 석쇠 (R),260,16.93,,
피자_한우불고기 피자 치즈크러스트 (F),256,17.2,,
피자_한우불고기 피자 치즈크러스트 (L),267,17.54,,
피자_한우불고기 피자 치즈크러스트 (R),274,17.76,,
피자_한우불고기 피자 팬 (F),263,16.92,,
피자_한우불고기 피자 팬 (L),266,17.12,,
피자_한우불고기 피자 팬 (R),267,17.06,,
피자_한우불고기감자피자,238,12.92,,
피자_한우핫불고기 피자 골드 (L),267,16.52,,
피자_한우핫불고기 피자 라이스골드 (F),264,17.09,,
피자_한우핫불고기 피자 라이스골드 (R),274,16.88,,
피자_한우핫불고기 피자 라이스바이트 (F),273,15.85,,
피자_한우핫불고기 피자 라이스바이트 (L),269,16.11,,
피자_한우핫불고기 피자 라이스바이트 (R),275,15.46,,
피자_한우핫불고기 피자 석쇠 (F),273,17.13,,
피자_한우핫불고기 피자 석쇠 (L),259,16.93,,
피자_한우핫불고기 피자 석쇠 (R),260,16.93,,
피자_한우핫불고기 피자 치즈크러스트 (F),272,17.6,,
피자_한우핫불고기 피자 치즈크러스트 (L),267,17.54,,
피자_한우핫불고기 피자 치즈크러스트 (R),274,17.76,,
피자_한우핫불고기 피자 팬 (F),280,17.29,,
피자_한우핫불고기 피자 팬 (L),266,17.12,,
피자_할라 페페로니 러버 피자 씬 (L),341,15.13,,
피자_할라 페페로니 러버 피자 오리지널 (L),288,13.11,,
피자_할라 페페로니 러버 피자 오리지널 (M),290,13.64,,
피자_할라 페페로니 러버 피자 오리지널 파마산 치즈 (L),294,13.83,,
피자_할라 페페로니 러버 피자 오리지널 파마산 치즈 (M),294,14.28,,
피자_할라 페페로니 러버 피자 팬 (L),318,11.84,,
피자_할라로니 피자 (L),270,14.67,,
피자_할라로니피자씬(L),388,15.05,,
피자_할라로니피자오리지널(L),269,15.31,,
피자_할라불고기 피자 (L),243,12.64,,
피자_할라불고기 피자 (L),215,12.03,8.31,23.1
피자_할라불고기피자오리지널(L),236,14.05,,
피자_할라피뇨 페이버릿 피자 (XL),256,14.45,,
피자_할라피뇨 피자 오리지널 (M),295,19.28,15.39,31.07
피자_할라피뇨프라이 피자 (L),268,14.0,,
피자_할라피뇨피자 오리지널,284,17.81,,
피자_할루미 피자 고구마크러스트 (L),264,14.96,,
피자_할루미 피자 고구마크러스트 (R),264,14.14,,
피자_할루미 피자 밀스크린 (L),276,16.22,,
피자_할루미 피자 밀스크린 (R),276,16.46,,
피자_할루미 피자 밀스크린고구마크러스트 (L),270,14.75,,
피자_할루미 피자 밀스크린고구마크러스트 (R),265,14.61,,
피자_할루미 피자 밀스크린체다크림크러스트 (L),271,15.45,,
피자_할루미 피자 밀스크린체다크림크러스트 (R),269,15.73,,
피자_할루미 피자 밀스크린치즈크러스트 (L),266,16.39,,
피자_할루미 피자 밀스크린치즈크러스트 (R),259,16.48,,
피자_할루미 피자 백미스크린 (L),271,16.82,,
피자_할루미 피자 백미스크린 (R),269,16.88,,
피자_할루미 피자 백미스크린치즈크러스트 (L),259,15.97,,
피자_할루미 피자 백미스크린치즈크러스트 (R),256,17.05,,
피자_할루미 피자 씬 (L),288,18.29,,
피자_할루미 피자 씬 (R),289,17.46,,
피자_할루미 피자 체다크림크러스트 (L),265,15.63,,
피자_할루미 피자 체다크림크러스트 (R),267,15.15,,
피자_할루미 피자 치즈크러스트 (L),261,16.54,,
피자_할루미 피자 치즈크러스트 (R),261,16.0,,
피자_할루미 피자 팬 (L),271,16.52,,
피자_할루미 피자 팬 (R),273,15.73,,
피자_할루미 피자 흑미스크린 (L),265,16.82,,
피자_할루미 피자 흑미스크린 (R),264,16.88,,
피자_할루미 피자 흑미스크린치즈크러스트 (L),255,15.97,,
피자_할루미 피자 흑미스크린치즈크러스트 (R),251,15.91,,
피자_할루미고구마크러스트(L),264,14.97,,
피자_할루미고구마크러스트(R),265,14.68,,
피자_할루미밀스크린(L),277,16.47,,
피자_할루미밀스크린(R),275,16.62,,
피자_할루미밀스크린치즈크러스트(L),266,16.38,,
피자_할루미밀스크린치즈크러스트(R),261,16.48,,
피자_할라직화불고기피자씬(L),367,16.88,,
피자_할루미백미스크린(L),271,16.59,,
피자_할루미백미스크린(R),270,16.73,,
피자_할루미백미치즈크러스트(L),261,16.48,,
피자_할루미백미치즈크러스트(R),256,16.58,,
피자_할루미씬(L),289,18.51,,
피자_할루미씬(R),291,18.22,,
피자_할루미체다크림크러스트(L),266,15.43,,
피자_할루미체다크림크러스트(R),267,15.15,,
피자_할루미치즈크러스트(L),261,16.31,,
피자_할루미치즈크러스트(R),260,16.05,,
피자_할루미팬(L),271,16.4,,
피자_할루미팬(R),272,16.11,,
피자_할루미흑미스크린(L),265,16.48,,
피자_할루미흑미스크린(R),264,16.63,,
피자_할루미흑미치즈크러스트(L),255,16.39,,
피자_할루미흑미치즈크러스트(R),251,16.49,,
피자_함박벅벅피자오리지널,248,13.28,,
피자_함박스테이크피자,226,13.61,,
피자_함박스테이크피자 (1인),149,11.66,,
피자_핫&스파이시치킨 피자 (L),244,11.36,,
피자_핫&스파이시치킨 피자 (R),241,11.39,,
피자_핫갈베 피자 (L),281,6.32,,
피자_핫멕시칸 피자 고구마크러스트 (L),227,12.32,,
피자_핫멕시칸 피자 고구마크러스트 (R),226,11.32,,
피자_핫멕시칸 피자 밀스크린 (L),233,13.11,,
피자_핫멕시칸 피자 밀스크린 (R),226,12.64,,
피자_핫멕시칸 피자 밀스크린고구마크러스트 (L),231,12.03,,
피자_핫멕시칸 피자 밀스크린고구마크러스트 (R),224,11.46,,
피자_핫멕시칸 피자 밀스크린체다크림크러스트 (L),232,12.69,,
피자_핫멕시칸 피자 밀스크린체다크림크러스트 (R),226,12.37,,
피자_핫멕시칸 피자 밀스크린치즈크러스트 (L),226,13.43,,
피자_핫멕시칸 피자 밀스크린치즈크러스트 (R),219,13.27,,
피자_핫멕시칸 피자 백미스크린 (L),227,13.56,,
피자_핫멕시칸 피자 백미스크린 (R),221,13.1,,
피자_핫멕시칸 피자 백미스크린치즈크러스트 (L),221,13.08,,
피자_핫멕시칸 피자 백미스크린치즈크러스트 (R),213,12.5,,
피자_핫멕시칸 피자 씬 (L),231,13.98,,
피자_핫멕시칸 피자 씬 (R),230,12.86,,
피자_핫멕시칸 피자 체다크림크러스트 (L),228,12.95,,
피자_핫멕시칸 피자 체다크림크러스트 (R),228,12.15,,
피자_핫멕시칸 피자 치즈크러스트 (L),224,13.04,,
피자_핫멕시칸 피자 치즈크러스트 (R),222,12.96,,
피자_핫멕시칸 피자 팬 (L),230,13.49,,
피자_핫멕시칸 피자 팬 (R),229,12.37,,
피자_핫멕시칸 피자 흑미스크린 (L),220,13.45,,
피자_핫멕시칸 피자 흑미스크린 (R),214,12.94,,
피자_핫멕시칸 피자 흑미스크린치즈크러스트 (L),216,13.08,,
피자_핫멕시칸 피자 흑미스크린치즈크러스트 (R),208,12.5,,
피자_핫멕시칸고구마크러스트(L),227,12.2,,
피자_핫멕시칸고구마크러스트(R),226,11.68,,
피자_핫멕시칸밀스크린(L),233,13.2,,
피자_핫멕시칸밀스크린(R),227,12.79,,
피자_핫멕시칸밀스크린치즈크러스트(L),227,13.4,,
피자_핫멕시칸밀스크린치즈크러스트(R),220,13.1,,
피자_핫멕시칸백미스크린(L),227,13.2,,
피자_핫멕시칸백미스크린(R),221,12.78,,
피자_핫멕시칸백미치즈크러스트(L),221,13.41,,
피자_핫멕시칸백미치즈크러스트(R),214,13.1,,
피자_핫멕시칸씬(L),231,13.98,,
피자_핫멕시칸씬(R),230,13.3,,
피자_핫멕시칸체다크림크러스트(L),229,12.64,,
피자_핫멕시칸체다크림크러스트(R),228,12.14,,
피자_핫멕시칸치즈크러스트(L),224,13.44,,
피자_핫멕시칸치즈크러스트(R),223,13.01,,
피자_핫멕시칸팬(L),230,13.24,,
피자_핫멕시칸팬(R),230,12.72,,
피자_핫멕시칸흑미스크린(L),221,13.12,,
피자_핫멕시칸흑미스크린(R),216,12.7,,
피자_핫멕시칸흑미치즈크러스트(L),216,13.33,,
피자_핫멕시칸흑미치즈크러스트(R),210,13.03,,
피자_핫바베큐 피자,268,14.29,,
피자_핫베이컨할라피뇨 피자,252,13.43,,26.87
피자_핫불고기 피자,238,14.96,,23.62
피자_핫불고기 피자 (L),242,14.43,,
피자_핫쉬림프 피자 (L),225,13.45,,
피자_핫쉬림프골드 피자 (L),242,12.08,,
피자_핫스파이스 피자 (L),227,13.98,,
피자_핫스파이시치킨 피자 (L),209,11.74,,
피자_핫스파이시치킨 피자 (M),215,12.37,,
피자_핫스파이시치킨 피자 오리지널 (M),288,13.48,12.87,36.36
피자_핫스파이시치킨피자 오리지널,272,14.46,,
피자_핫스파이시페퍼로니 (R),258,14.23,,
피자_핫앤스파이시 피자 (L),264,12.14,,
피자_핫앤스파이시멕시칸 피자 (F),232,9.7,,
피자_핫앤스파이시멕시칸 피자 (L),232,9.5,,
피자_핫앤스파이시멕시칸 피자 (P),231,9.49,,
피자_핫앤스파이시멕시칸 피자 (R),232,9.52,,
피자_핫제육쉬림프 피자 (L),208,11.97,,
피자_핫제육쉬림프 피자 (M),209,13.65,,
피자_핫직화불고기 피자 (L),225,11.75,,
피자_핫직화불고기 피자 (M),226,12.23,,
피자_핫치킨 쉬림프 피자 (XL),177,8.84,,
피자_핫치킨 알픽,257,15.51,,
피자_핫치킨 피자,244,11.8,7.87,30.9
피자_핫치킨 피자,244,15.53,,
피자_핫치킨 피자 (L),250,13.74,,
피자_핫치킨 피자 (L),217,11.11,,
피자_핫치킨 피자 (L),213,9.58,,
피자_핫치킨 피자 (L),245,12.72,,
피자_핫치킨 피자 (L),301,17.44,9.65,36.06
피자_핫치킨 피자 (XL),268,18.89,,
피자_핫치킨(R),202,14.32,,
피자_핫치킨(XL),268,18.89,,
피자_핫치킨바베큐 피자,148,5.72,,
피자_핫치킨바베큐 피자 (L),213,3.73,,
피자_핫치킨쉬림프 피자 (L),236,12.07,,
피자_핫치킨쉬림프 피자 (L),83,3.74,,
피자_핫치킨쉬림프 피자 (L),210,13.33,,
피자_핫치킨쉬림프 피자 (M),200,12.56,,
피자_핫치킨쉬림프(R),124,5.43,,
피자_핫치킨쉬림프(XL),177,8.84,,
피자_핫치킨쉬림프피자씬(L),343,14.44,,
피자_핫치킨페스츄리 피자,297,13.33,,
피자_핫치킨포테이토 피자 (L),230,14.0,,
피자_핫치킨피자,243,14.27,,
피자_핫치킨피자씬(L),358,13.74,,
피자_핫치킨하와이안클럽 (R),226,13.49,,
피자_핫칠리새우 피자 (L),88,3.75,,
피자_핫칠리서오릉갈비 (L),221,10.0,,
피자_핫칠리서오릉갈비 (R),226,10.62,,
피자_핫칠리서오릉갈비 피자 (L),236,10.6,,
피자_핫칠리서오릉갈비 피자 (R),239,11.1,,
피자_핫칠리킹쉬림프 (L),193,9.02,,
피자_핫칠리킹쉬림프 (R),192,8.85,,
피자_핫칠리킹쉬림프 피자 (L),211,9.77,,
피자_핫칠리킹쉬림프 피자 (R),210,9.92,,
피자_핫커리치킨 피자 밀도우 (L),107,8.99,,
피자_핫커리치킨 피자 밀도우 (R),71,6.0,,
피자_핫커리치킨 피자 씬도우 (L),107,8.99,,
피자_핫커리치킨 피자 씬도우 (R),71,5.99,,
피자_핫페퍼로니 (L),269,13.99,,
피자_핫페퍼로니(R),195,13.8,,
피자_핫페퍼로니(XL),260,18.29,,
피자_핫페퍼불고기 피자 (L),353,19.0,,
피자_해쉬베이컨 피자 골드스윗 (L),243,12.86,,
피자_해쉬베이컨 피자 골드스윗 (R),243,12.57,,
피자_해쉬베이컨 피자 리코타링 (L),240,13.18,,
피자_해쉬베이컨 피자 리코타링 (R),242,13.14,,
피자_해쉬베이컨 피자 석쇠 (L),233,12.93,,
피자_해쉬베이컨 피자 석쇠 (R),233,12.9,,
피자_해쉬베이컨 피자 씬도우 (L),266,12.75,,
피자_해쉬베이컨 피자 씬도우 (R),282,10.67,,
피자_해쉬베이컨 피자 치즈링 (L),234,13.74,,
피자_해쉬베이컨 피자 치즈링 (R),234,13.89,,
피자_햄 머쉬룸 식스치즈 (F),242,11.28,,
피자_햄 머쉬룸 식스치즈 (L),243,10.84,,
피자_햄 머쉬룸 식스치즈 (P),243,11.09,,
피자_햄 머쉬룸 식스치즈 골드링 (F),258,12.42,,
피자_햄 머쉬룸 식스치즈 골드링 (L),258,12.99,,
피자_햄 머쉬룸 식스치즈 골드링 (P),258,12.63,,
피자_햄 머쉬룸 식스치즈 골드링 씬,269,11.32,,
피자_햄 머쉬룸 식스치즈 스파이시 갈릭 치즈롤 (F),257,12.64,,
피자_햄 머쉬룸 식스치즈 스파이시 갈릭 치즈롤 (L),257,12.46,,
피자_햄 머쉬룸 식스치즈 스파이시 갈릭 치즈롤 (P),256,12.62,,
피자_햄 머쉬룸 식스치즈 씬,271,12.28,,
피자_햄 머쉬룸 식스치즈 치즈롤 (F),251,12.91,,
피자_햄 머쉬룸 식스치즈 치즈롤 (L),251,12.27,,
피자_햄 머쉬룸 식스치즈 치즈롤 (P),251,12.81,,
피자_햄 머쉬룸 식스치즈 크루아상,289,11.23,,
피자_햄벅한새우 피자 골드 (L),223,10.67,,
피자_햄벅한새우 피자 골드 (M),215,11.04,,
피자_햄벅한새우 피자 골드 (R),259,12.39,,
피자_햄벅한새우 피자 노엣지 (L),219,10.64,,
피자_햄벅한새우 피자 노엣지 (M),210,11.13,,
피자_햄벅한새우 피자 노엣지 (R),259,12.56,,
피자_햄벅한새우 피자 에그타르트 (L),228,9.92,,
피자_햄벅한새우 피자 에그타르트 (M),221,10.32,,
피자_햄벅한새우 피자 에그타르트 (R),265,11.5,,
피자_햄벅한새우 피자 치즈캡 (L),223,11.74,,
피자_햄벅한새우 피자 치즈캡 (M),216,12.4,,
피자_햄벅한새우 피자 치즈캡 (R),261,13.51,,
피자_햄벅한새우 피자 크림치즈 (L),224,9.82,,
피자_햄벅한새우 피자 크림치즈 (M),217,10.23,,
피자_햄벅한새우 피자 크림치즈 (R),260,11.21,,
피자_행복하새우 피자 (L),241,13.01,6.86,23.47
피자_허니 고르곤졸라 스퀘어 피자,254,12.0,,
피자_허니갈릭쉬림프 피자 (L),245,11.57,,
피자_허니갈릭쉬림프 피자 (M),242,10.91,,
피자_허니갈릭텐더 피자 (L),249,10.95,,
피자_허니갈릭텐더 피자 (M),262,11.43,,
피자_허니고르곤 피자 (L),239,13.33,,
피자_허니리코타 시카고 피자,276,11.99,,
피자_허니멜로 스윗포테이토 피자,316,11.64,,32.88
피자_허니비프 피자,284,13.35,,
피자_허니크런치스테이크 피자,251,13.0,,
피자_허니통옥수수피자 (L),242,9.24,,
피자_허니통옥수수피자 (M),235,8.51,,
피자_허니통옥수수피자 리치골드크러스트 (L),247,9.99,,
피자_허니통옥수수피자 리치골드크러스트 (M),239,9.12,,
피자_허니통옥수수피자 치즈크러스트 (L),246,9.65,,
피자_허니통옥수수피자 치즈크러스트 (M),240,8.99,,
피자_허리케인골드 (R),224,10.66,,
피자_허리케인골드 피자 (XL),224,10.66,,
피자_허리케인포테이토 피자 (L),328,13.82,,33.14
피자_허리케인포테이토 피자 (R),308,12.03,,34.2
피자_허브포테이토 피자 씬 (L),242,10.68,,
피자_허브포테이토 피자 씬 (R),241,10.26,,
피자_허브포테이토씬(L),241,11.01,,
피자_허브포테이토씬R,241,10.24,,
피자_헤븐스페셜 피자 (L),273,13.49,,
피자_할라피노 피자 (L),289,6.47,,
피자_홍대 피자 골드스윗 (L),260,13.85,,
피자_홍대 피자 골드스윗 (R),258,13.86,,
피자_홍대 피자 리코타링 (L),259,14.29,,
피자_홍대 피자 리코타링 (R),260,13.98,,
피자_홍대 피자 석쇠 (L),253,14.15,,
피자_홍대 피자 석쇠 (R),253,13.86,,
피자_홍대 피자 씬도우 (L),268,11.86,,
피자_홍대 피자 씬도우 (R),261,12.42,,
피자_홍대 피자 씬바샤삭 (L),290,12.7,,
피자_홍대 피자 씬바샤삭 (R),297,14.75,,
피자_홍대 피자 치즈링 (L),251,14.88,,
피자_홍대 피자 치즈링 (R),251,14.66,,
피자_홍성판우김치불고기피자 (XL),240,14.18,,
피자_홍성한우김치불고기피자 (L),241,14.15,,
피자_홍성한우김치불고기피자 (R),251,14.03,,
피자_홍성한우불고기피자 (L),272,16.25,,
피자_홍성한우불고기피자 (R),276,15.76,,
피자_홍성한우불고기피자 (XL),258,15.33,,
피자_홍페퍼치노 (R),212,11.0,,
피자_홍페퍼치노 피자 (L),231,11.23,,
피자_홍페퍼치노 피자 (R),231,11.66,,
피자_화이트갈릭 피자,242,11.86,,
피자_화이트고구마무스 피자 (L),236,8.88,,
피자_화이트시푸드피자(L),204,11.82,7.67,21.9
피자_화이트시푸드피자(P),204,11.82,7.67,21.9
피자_화이트시푸드피자(R),204,11.82,7.67,21.9
피자_화이트포테이토피자오리지널(L),255,10.16,,
피자_황제천왕 피자 (L),253,11.88,,
피자_흐르쥬퐁듀 시카고 피자,221,9.73,6.49,24.32
피자_흑마늘불고기피자,255,12.28,,
피자_흑마늘불고기피자바이트,247,11.7,,
피자_흥부박포테이토 피자 골드스윗 (L),278,10.81,,
피자_흥부박포테이토 피자 골드스윗 (R),278,10.31,,
피자_흥부박포테이토 피자 리코타링 (L),281,11.03,,
피자_흥부박포테이토 피자 리코타링 (R),280,10.67,,
피자_흥부박포테이토 피자 석쇠 (L),276,10.48,,
피자_흥부박포테이토 피자 석쇠 (R),275,10.13,,
피자_흥부박포테이토 피자 씬바샤삭 (L),303,10.89,,
피자_흥부박포테이토 피자 씬바샤삭 (R),291,9.4,,
피자_흥부박포테이토 피자 치즈링 (L),272,11.51,,
피자_흥부박포테이토 피자 치즈링 (R),270,11.48,,
피자_흥부포테이토 피자 골드스윗 (G),277,13.45,,
피자_흥부포테이토 피자 골드스윗 (L),277,13.74,,
피자_흥부포테이토 피자 골드스윗 (R),275,13.0,,
피자_흥부포테이토 피자 리코타링 (G),279,13.55,,
피자_흥부포테이토 피자 리코타링 (L),278,14.17,,
피자_흥부포테이토 피자 리코타링 (R),278,13.59,,
피자_흥부포테이토 피자 석쇠 (G),274,13.87,,
피자_흥부포테이토 피자 석쇠 (L),274,14.02,,
피자_흥부포테이토 피자 석쇠 (R),274,13.41,,
피자_흥부포테이토 피자 씬도우 (L),289,11.48,,
피자_흥부포테이토 피자 씬도우 (R),278,11.94,,
피자_흥부포테이토 피자 치즈링 (G),269,15.09,,
피자_흥부포테이토 피자 치즈링 (L),270,14.75,,
피자_홍페퍼치노 (L),212,10.17,,
피자_흥부포테이토 피자 치즈링 (R),269,14.29,,
피자빵,298,8.85,15.05,31.76
피자빵_리코타치즈토마토피자빵,197,7.34,,
피자빵_바토베듬뿍베이글피자,286,7.14,13.39,33.04
피자빵_베이글,268,7.76,,
피자빵_볼로네제미트 브레드,259,10.34,,
피자빵_사각피자빵,267,6.67,,
피자빵_소시지피자빵,307,12.0,,
피자빵_와앙 보름달빵,220,8.21,9.74,24.61
피자빵_이탈리안 피자,273,17.87,,
피자빵_쫄깃한피자빵,260,5.0,,
피자빵_치즈듬뿍어니언,353,9.38,,
피자빵_치즈치킨롤 피자,241,9.81,,
피자빵_치킨치즈롤,236,10.34,,
피자빵_콘치즈 베이글피자,272,10.14,,
피자빵_피자 페스츄리 붕어빵,229,6.15,,26.92
피자빵_피자빵 (대),305,11.0,,
피자빵_핫 페퍼로니 베이글피자,245,11.82,,
피자빵_햄치콘듬뿍베이글피자,373,8.96,26.12,25.37
피조개무침,52,4.71,0.95,6.07
피조개무침,77,7.4,1.33,9.48
하이라이스,111,2.7,1.29,21.33
하이라이스,120,3.3,1.69,22.08
하이라이스,112,4.02,1.13,21.34
함박스테이크,155,17.5,4.08,10.42
함박스테이크,229,13.48,14.82,10.38
함박스테이크,165,15.0,5.94,11.25
함박스테이크,250,22.0,9.85,16.12
함박스테이크,250,22.0,9.85,16.12
함박스테이크,174,12.1,10.73,7.19
함박스테이크_간편조리세트_더블체다 함박스테이크,189,9.9,10.46,13.88
핫도그,341,7.98,23.23,24.95
핫도그_갈릭 핫도그,257,5.0,,
핫도그_갈릭치즈 핫도그,226,10.0,,
핫도그_감자,324,8.31,23.17,20.45
핫도그_뉴욕칠리 핫도그,235,8.65,,
핫도그_달콤어니언핫도그,263,10.24,,
핫도그_롤핫도그,264,10.0,,
핫도그_매콤 칠리 핫도그,282,12.0,,
핫도그_매콤칠리핫도그,282,12.0,,
핫도그_맥앤치즈 핫도그,220,7.93,,
핫도그_멕시칸 칠리 핫도그,258,10.22,11.56,28.0
핫도그_모짜렐라,318,11.78,17.83,27.58
핫도그_모짜렐라&소시지반반핫도그,294,11.25,13.75,31.25
핫도그_못난이찹쌀 핫도그,295,8.63,,
핫도그_못난이찹쌀매콤 핫도그,310,9.09,,
핫도그_못난이찹쌀모짜렐라치즈 핫도그,280,9.26,,
핫도그_못난이찹쌀모짜렐라치즈핫도그,280,9.26,,
핫도그_못난이찹쌀핫도그,295,8.63,,
핫도그_미니치즈찰도그,440,9.23,,
핫도그_미트칠리 핫도그,220,8.54,,
핫도그_불고기핫도그,275,10.0,,
핫도그_불닭 치즈 핫도그,300,12.35,,
핫도그_블랙페퍼 치즈 핫도그,273,13.33,,
핫도그_달콤 어니언 핫도그,263,10.24,,
핫도그_소시지 치즈 롤 핫도그,260,8.24,,
핫도그_스위트칠리 킬바사 핫도그,247,9.09,,
핫도그_스위트핫도그,205,12.5,,
핫도그_스윗칠리 빅도그,273,11.43,,25.71
핫도그_스윗콘에그 핫도그,302,10.86,,
핫도그_오리지날 핫도그,267,5.6,14.4,28.8
핫도그_오리지널 핫도그,310,10.3,14.55,34.55
핫도그_오리지널 핫도그,218,8.84,,
핫도그_오리지널 핫도그 매콤치즈,261,5.83,,
핫도그_오리지널 핫도그 치즈,309,5.83,,
핫도그_오리지널핫도그,263,10.07,,
핫도그_오리지널핫도그,300,8.0,,
핫도그_왕빅도그오리지날,354,8.0,,
핫도그_쫄깃한핫도그빵,325,6.0,,
핫도그_치즈 미니 핫도그,337,12.82,,
핫도그_치즈덕,266,8.48,16.36,21.21
핫도그_치즈츄로덕,266,8.48,,
핫도그_칠리 핫도그,235,5.0,,
핫도그_칠리덕,265,8.48,15.76,22.42
핫도그_칠리미트핫도그,262,11.72,,
핫도그_칠리앤치즈 핫도그,265,12.67,,
핫도그_칠리츄로덕,265,8.48,,
핫도그_콘 소시지 핫도그,274,8.83,,
핫도그_콘마요 킬바사 핫도그,290,9.68,,
핫도그_콘어니언 핫도그,269,12.14,,
핫도그_콘치즈 빅도그,278,10.5,,23.0
핫도그_킹불소고,239,10.0,,
핫도그_킹콘소고,239,10.0,,
핫도그_타피오카쫀도그 (2개),313,8.21,,31.43
핫도그_토마토칠리 핫도그,220,8.54,,
핫도그_통소시지감자핫도그,322,7.03,,
핫도그_플레인 핫도그,248,5.0,,
핫도그_할라피뇨 치즈 핫도그,255,12.58,,
핫도그_핫도그,275,8.55,,
핫도그_핫도그,261,11.41,,
핫도그_핫도그패스트리,372,10.74,,
핫도그_회오리 핫도그,401,7.5,,50.83
핫케이크,193,4.7,5.18,30.48
해물 덮밥,78,3.8,0.39,14.15
해물 된장국,38,5.9,0.65,1.94
해물 된장국,38,5.9,0.65,1.95
해물 된장국,38,5.9,0.65,1.94
해물 된장국,36,5.3,0.76,1.85
해물 매운탕,33,5.5,0.53,1.82
해물 매운탕,34,5.7,0.52,1.89
해물 스파게티,82,4.8,1.13,12.82
해물 스파게티,82,4.8,1.13,12.76
해물 스파게티,82,4.8,1.13,12.76
해물 완자전,236,15.4,9.39,20.69
해물 완자전,206,15.4,10.71,10.64
해물 완자전,236,15.4,9.39,20.69
해물 완자전,206,15.4,10.71,10.64
해물 채소전,195,10.7,7.77,18.92
해물볶음,133,14.1,4.35,9.22
해물볶음,62,6.8,2.22,3.5
해물볶음,137,14.7,4.45,9.29
해물볶음,105,9.55,3.83,8.05
해물전골,26,3.2,0.64,1.95
해물찜,80,8.52,1.96,7.08
해물찜_간편조리세트_낙지한마리해물찜,88,6.63,3.53,7.52
해물찜_간편조리세트_백합&바지락통찜,49,3.31,0.95,6.85
해물칼국수,77,3.09,0.4,14.64
해물콩나물찜,48,6.3,0.8,4.77
해물콩나물찜,51,7.04,1.11,3.83
해물탕,45,6.63,0.78,2.77
해물탕_간편조리세트_바다를 품은 해물탕,33,4.11,0.96,2.02
해물파전,106,6.0,3.99,10.63
해물파전,142,10.4,4.69,13.44
해물파전,128,9.3,4.15,12.49
해물파전_간편조리세트_모둠해물파전,205,6.81,12.09,17.29
해신탕,57,7.93,1.88,2.03
해장국_뼈다귀,71,7.46,3.57,2.34
해장국_뼈다귀,26,3.19,0.97,1.06
해장국_선지,29,3.86,0.96,1.23
해장국_선지,31,4.93,0.54,1.67
해장국_우거지,26,1.98,0.98,2.25
해초무침,39,0.95,0.16,8.52
해파리냉채,31,1.5,0.46,5.64
해파리냉채,49,2.5,0.79,8.52
해파리냉채,31,1.5,0.46,5.64
햄구이,148,20.2,6.51,1.95
햄구이,154,22.9,5.89,2.19
햄구이,260,17.8,19.52,3.34
햄구이,148,20.2,6.51,1.95
햄버거,264,12.85,13.98,21.67
햄버거,229,8.0,12.79,19.35
햄버거,225,11.04,13.12,15.64
햄버거,229,8.0,12.79,19.35
햄버거_NBB 어메이징 더블,272,11.77,,
햄버거_NBB 어메이징 더블 업,257,11.35,,
햄버거_갈릭불고기와퍼,262,10.58,,
햄버거_그릴드 불고기,260,9.76,,
햄버거_그릴드더블비프버거,251,15.23,,
햄버거_그릴드비프버거,242,12.2,,
햄버거_그릴드토마토더블,203,11.31,,
햄버거_김치불고기버거,248,10.23,,
햄버거_뉴욕버거,234,11.45,,
햄버거_뉴욕트러플치즈버거,207,9.09,,
햄버거_더블 그릴드 불고기,250,12.12,,
햄버거_더블 한우불고기버거,228,11.21,,
햄버거_더블비프불고기버거,297,13.68,,
햄버거_더블엑스투버거,314,11.09,,
햄버거_더블치즈 베이컨 시그니처,242,10.97,,
햄버거_더블클래식치즈버거,291,16.22,,
햄버거_더오치 맥시멈 2,272,14.14,,
햄버거_더오치 맥시멈 3,299,16.17,,
햄버거_더오치 맥시멈 원파운더,295,17.49,,
햄버거_데리버거,260,9.27,,
햄버거_데리야끼불고기,250,6.09,,
햄버거_돼지고기,204,9.1,9.69,19.35
햄버거_갈릭앤갈릭,278,9.14,,
햄버거_돼지고기,204,9.1,9.69,19.35
햄버거_디럭스불고기버거,260,10.15,,
햄버거_딥트러플머쉬룸더블,279,14.33,,
햄버거_리아 불고기,253,10.57,,
햄버거_리아 불고기 더블,282,13.49,,
햄버거_리아 불고기 베이컨,237,10.09,,
햄버거_메가바이트,304,8.8,,
햄버거_멕시칸 칠리 치즈,264,13.0,,
햄버거_모짜렐라버거 발사믹 바질,295,10.84,,
햄버거_모짜렐라버거 토마토 바질,307,11.37,,
햄버거_모짜렐라인더버거 베이컨,313,13.47,,
햄버거_몬스터와퍼,271,12.9,,
햄버거_몬스터와퍼주니어,283,12.35,,
햄버거_미트 마니아,246,12.13,,
햄버거_버거리버거,273,11.41,,
햄버거_베이컨치즈와퍼,264,11.56,,
햄버거_불고기버거,246,8.66,,
햄버거_불고기버거,250,13.88,11.52,22.68
햄버거_불고기와퍼,252,10.58,,
햄버거_불고기와퍼주니어,258,10.0,,
햄버거_비프&슈림프버거,259,9.72,,
햄버거_비프불고기버거,282,11.03,,
햄버거_비프불고기버거,231,12.28,,
햄버거_비프스테이크버거,274,13.29,,
햄버거_비프앤쉬림프버거,285,10.17,,
햄버거_빅더블클래식치즈버거,336,18.08,,
햄버거_빅버거리버거,264,11.88,,
햄버거_빅비프앤쉬림프버거,302,11.9,,
햄버거_빅소불고기버거,303,12.75,,
햄버거_빅에그베이컨버거,280,13.4,,
햄버거_빅에그불고기버거,308,13.67,,
햄버거_빅클래식치즈버거,282,14.78,,
햄버거_빅프레쉬버거,258,11.36,,
햄버거_빅하와이안버거,276,11.8,,
햄버거_빅할라피뇨더블치즈버거,299,13.93,,
햄버거_빅할라피뇨치즈버거,306,19.07,,
햄버거_빅핫치폴레버거,239,9.96,,
햄버거_새우불고기버거,238,7.58,,
햄버거_소고기패티,271,11.94,8.94,35.76
햄버거_소고기패티_토마토_양상추,229,9.55,13.23,18.01
햄버거_소불고기버거,291,10.46,,
햄버거_스리라차커틀릿버거,235,9.48,,
햄버거_스위스허니더블치즈,235,11.0,,
햄버거_시그니처,249,9.86,,
햄버거_시그니처불고기버거,236,7.74,,
햄버거_에그김치불고기버거,222,10.02,,
햄버거_에그베이컨버거,280,13.09,,
햄버거_에그불고기버거,329,13.67,,
햄버거_에드워드리 비프버거,258,12.39,,
햄버거_오리지널,232,8.99,,
햄버거_오리지널스 뉴욕스테이크,269,16.61,,
햄버거_오리지널스 메이플갈릭,269,12.96,,
햄버거_와퍼,247,10.49,,
햄버거_와퍼주니어,241,10.9,,
햄버거_치즈,284,15.07,15.35,21.51
햄버거_치즈,302,10.0,,
햄버거_치즈버거,292,12.31,,
햄버거_치즈와퍼,258,11.29,,
햄버거_치즈와퍼주니어,251,10.71,,
햄버거_치킨,123,7.5,4.06,13.92
햄버거_치킨,123,7.5,4.06,13.92
햄버거_치킨,123,7.5,4.06,13.92
햄버거_치킨치즈마요버거,328,10.26,,
햄버거_콰트로치즈와퍼,268,12.99,,
햄버거_콰트로치즈와퍼주니어,263,11.73,,
햄버거_크리스퍼 치폴레,221,10.88,,
햄버거_크리스퍼 클래식,257,11.31,,
햄버거_크리스퍼 클래식 BLT,240,11.38,,
햄버거_클래식치즈버거,298,10.09,,
햄버거_클럽 샌드위치 버거,198,10.33,,
햄버거_텍사스스테이크버거,229,13.04,,
햄버거_통마늘 베이컨,271,11.86,,
햄버거_통모짜치즈버거,278,13.01,,
햄버거_트러플 머쉬룸 와퍼,234,11.39,,
햄버거_트리플 베이컨,253,12.94,,
햄버거_프레쉬버거,264,11.88,,
햄버거_하와이안버거,239,10.55,,
햄버거_한우불고기,217,8.93,,
햄버거_할라피뇨더블치즈버거,299,18.06,,
햄버거_할라피뇨치즈버거,304,26.85,,
햄버거_핫치폴레버거,262,11.86,,
햄버거_핫트러플머쉬룸와퍼,254,12.28,,
햄볶음_채소,183,10.47,11.37,9.6
햄부침,237,19.6,13.67,7.93
햄부침,244,11.3,17.1,11.3
햄부침,221,15.4,10.07,15.58
햄부침,160,12.2,8.09,8.23
햄부침,221,15.4,10.07,15.58
햄샌드위치,192,5.4,10.38,19.19
햄샌드위치,185,5.3,10.0,18.69
햄샌드위치_치즈,252,8.3,12.58,26.33
햄샌드위치_치즈,252,8.3,12.58,26.33
햄샐러드,149,4.4,7.38,16.65
햄샐러드,136,4.5,5.59,17.04
햄샐러드,107,3.6,4.4,13.49
햄샐러드,107,3.6,4.4,13.49
햄전,241,19.54,13.5,8.44
햄전,200,10.2,13.66,8.23
햄채소볶음,296,11.6,21.92,14.04
햄채소볶음,296,11.6,21.92,14.04
햄채소볶음,68,6.3,3.03,3.82
햄채소볶음,67,6.3,3.03,3.82
허니브레드_갈릭 버터 브레드,365,10.42,12.5,53.13
허니브레드_갈릭 치즈 브레드,273,7.2,,
허니브레드_갈릭 허니브레드,320,3.91,,
허니브레드_갈릭&치즈 브레드,392,6.88,,
허니브레드_갈릭버터 브레드,408,8.42,,
허니브레드_갈릭부기 브레드,214,9.41,,
허니브레드_갈릭치즈 허니브레드,323,12.31,7.69,
허니브레드_갈릭치즈브레드,369,11.01,,
허니브레드_리치골드브레드,309,12.96,,
허니브레드_메이플 넛 브레드,336,7.14,,
허니브레드_메이플 넛 프레드,354,5.42,,
허니브레드_메이플 허니브레드,327,6.07,10.71,
허니브레드_무화과브레드&이즈니버터,239,7.88,,
허니브레드_미니 허니브레드 초코,320,5.92,,
허니브레드_미니 허니브레드 카라멜,324,6.5,,
허니브레드_미니 허니브레드 플레인,330,7.69,,
허니브레드_베리 브레드,202,2.83,,
허니브레드_살사부기 브레드,214,9.41,,
허니브레드_생딸기 크림 브레드,218,3.81,,
허니브레드_생크림 딸기 브래드,191,2.83,,
허니브레드_생크림 망고 브래드,225,3.06,,
허니브레드_생크림 허니브레드,310,4.29,,
허니브레드_스모크드 소시지 브레드,306,8.24,,
허니브레드_시나몬 멜츠 브레드,443,7.27,,
허니브레드_애플 시나몬 허니 브레드,305,4.0,,
허니브레드_애플 허니브레드,305,4.13,,
허니브레드_올리브치즈브레드,433,19.26,,
허니브레드_젤라또 브레드,257,6.96,,
허니브레드_젤라또 허니브레드,290,4.0,,
허니브레드_카라멜 시나몬 브레드,299,6.4,,
허니브레드_카라멜브레드,381,6.63,,
허니브레드_토피넛 브레드,217,4.01,,
허니브레드_피넛버터브레드,354,10.98,,
허니브레드_허니 넛트 브레드,433,7.02,28.51,37.72
허니브레드_허니 버터 브레드,404,8.15,17.78,51.48
허니브레드_허니 버터볼,200,36.0,,
허니브레드_허니 브레드+생크림,310,4.29,,
허니브레드_허니 브레드+젤라또,290,4.0,,
허니브레드_허니 카라멜 브레드,333,4.02,,
허니브레드_허니버터 브레드,416,8.42,,
허니브레드_허니브래드,308,6.09,,
허니브레드_허니브레드,491,6.67,,
허니브레드_허니브레드,284,3.86,,
허니브레드_허니브레드,322,6.14,,
허니브레드_허니브레드,324,8.12,,
허니브레드_허니브레드,307,5.26,,
허니브레드_허니브레드,300,4.04,,
허니브레드_허니브레드볼,340,5.92,,
허니브레드_허니초코브레드,310,4.44,,
허니브레드_허니카라멜브레드,312,4.4,,
허브차_감잎차 아이스(ICED) (L),0,0.04,,
허브차_감잎차 핫(HOT) (L),0,0.04,,
허브차_국화차 아이스(ICED) (L),1,0.0,,
허브차_국화차 핫(HOT) (L),1,0.0,,
허브차_그린 루이보스 아이스(ICED),2,0.0,,
허브차_그린 루이보스 아이스(ICED) (EX),2,0.0,,
허브차_그린 루이보스 핫(HOT),2,0.0,,
허브차_그린 루이보스 핫(HOT) (EX),2,0.0,,
허브차_그린루이보스 아이스(ICED),2,0.0,,
허브차_그린루이보스 핫(HOT),2,0.0,,
허브차_레몬 사과 블렌드티 아이스(ICED) (L),1,0.07,,
허브차_레몬 사과 블렌드티 핫(HOT) (L),1,0.07,,
허브차_레몬밤,1,0.04,,
허브차_레몬밤 민트티 아이스(ICED),35,0.03,,
허브차_레몬밤 민트티 아이스(ICED),35,0.03,,
허브차_레몬밤 민트티 핫(HOT),44,0.04,,
허브차_레몬밤 민트티 핫(HOT),44,0.04,,
허브차_로얄 캐모마일 아이스(ICED),2,0.0,,0.47
허브차_로얄 캐모마일 핫(HOT),3,0.0,,0.5
허브차_루이보스 레몬,1,0.0,,
허브차_루이보스 슈가플럼,2,0.0,,
허브차_루이보스 아이스(ICED),2,0.0,,
허브차_루이보스 아이스(ICED),0,0.0,,
허브차_루이보스 핫(HOT),2,0.0,,
허브차_루이보스 핫(HOT),0,0.0,,
허브차_루이보스오렌지 아이스(ICED),0,0.0,,
허브차_루이보스오렌지 핫(HOT),0,0.0,,
허브차_메도우 캐모마일티 아이스(ICED),0,0.04,0.0,0.0
허브차_메도우 캐모마일티 핫(HOT),0,0.04,0.0,0.0
허브차_민트 블렌드티 아이스(ICED) (Tall),0,0.0,,
허브차_민트 블렌드티 핫(HOT) (Tall),0,0.0,,
허브차_민트 아이스(ICED) (L),0,0.0,,
허브차_민트 핫(HOT) (L),0,0.0,,
허브차_민트크루 아이스(ICED) (L),0,0.0,,
허브차_민트크루 핫(HOT) (L),0,0.0,0.0,0.0
허브차_샤인 히비스커스 아이스(ICED),1,0.0,,
허브차_샤인 히비스커스 아이스(ICED) (EX),2,0.0,,
허브차_샤인 히비스커스 핫(HOT),2,0.0,,
허브차_샤인 히비스커스 핫(HOT) (EX),2,0.0,,
허브차_샤인히비스커스 아이스(ICED),1,0.0,,
허브차_샤인히비스커스 핫(HOT),1,0.0,,
허브차_스위트후르츠 아이스(ICED),0,0.0,,
허브차_스위트후르츠 핫(HOT),0,0.0,,
허브차_스프링 캐모마일 아이스(ICED),2,0.0,,
허브차_스프링 캐모마일 아이스(ICED) (EX),2,0.15,,
허브차_스프링 캐모마일 핫(HOT),2,0.0,,
허브차_스프링 캐모마일 핫(HOT) (EX),2,0.15,,
허브차_스프링캐모마일 아이스(ICED),2,0.0,,
허브차_스프링캐모마일 핫(HOT),2,0.0,,
허브차_시나몬 진저티,1,0.0,,
허브차_오렌지 보스,0,0.0,0.0,0.0
허브차_오렌지 보스 아이스(ICED) (L),0,0.0,,
허브차_오렌지 보스 핫(HOT) (L),0,0.0,,
허브차_유러피안 후르츠,0,0.0,,
허브차_자스민티 아이스(ICED) (J),1,0.0,,
허브차_자스민티 아이스(ICED) (L),1,0.0,,
허브차_자스민티 핫(HOT) (J),1,0.0,,
허브차_자스민티 핫(HOT) (L),1,0.0,,
허브차_카모마일 아이스(ICED) (L),2,0.21,,
허브차_카모마일 아이스(ICED) (L),0,0.0,,
허브차_카모마일 아이스(ICED) (M),0,0.0,,
허브차_카모마일 핫(HOT) (L),0,0.0,,
허브차_카모마일 핫(HOT) (L),0,0.0,,
허브차_카모마일 핫(HOT) (M),0,0.0,,
허브차_캐모마일,2,0.21,,
허브차_캐모마일,1,0.0,,
허브차_캐모마일,0,0.0,,
허브차_캐모마일,1,0.06,0.0,
허브차_캐모마일,2,0.0,,
허브차_캐모마일 블렌드티 아이스(ICED) (Tall),0,0.0,,
허브차_캐모마일 블렌드티 핫(HOT) (Tall),0,0.0,,
허브차_캐모마일 아이스(ICED),0,0.0,,
허브차_캐모마일 아이스(ICED),0,0.01,0.0,0.04
허브차_캐모마일 아이스(ICED),0,0.01,0.03,0.0
허브차_캐모마일 아이스(ICED),0,0.0,,
허브차_캐모마일 아이스(ICED),1,0.0,,
허브차_캐모마일 아이스(ICED),0,0.0,,
허브차_캐모마일 아이스(ICED) (R),3,0.1,,
허브차_캐모마일 핫(HOT),0,0.01,0.03,0.0
허브차_캐모마일 핫(HOT),0,0.0,0.0,0.02
허브차_캐모마일 핫(HOT),1,0.0,,
허브차_캐모마일 핫(HOT),0,0.0,,
허브차_캐모마일 핫(HOT),0,0.0,,
허브차_캐모마일 핫(HOT),0,0.0,,
허브차_캐모마일 핫(HOT),0,0.0,,
허브차_캐모마일 핫(HOT) (R),2,0.06,,
허브차_캐모마일티 아이스(ICED),1,0.03,,
허브차_캐모마일티 아이스(ICED),0,0.0,,
허브차_캐모마일티 아이스(ICED),1,0.03,0.0,0.0
허브차_캐모마일티 아이스(ICED) (L),1,0.22,,
허브차_캐모마일티 핫(HOT),1,0.06,,
허브차_캐모마일티 핫(HOT),1,0.06,,
허브차_캐모마일티 핫(HOT) (L),1,0.22,,
허브차_커즈마인 아이스(ICED) (L),0,0.0,,
허브차_커즈마인 핫(HOT) (L),0,0.0,,
허브차_쿨 허벌티 아이스(ICED),0,0.0,,
허브차_쿨 허벌티 핫(HOT),0,0.0,,
허브차_쿨민트 아이스(ICED),2,0.23,,0.47
허브차_쿨민트 핫(HOT),3,0.25,,0.5
허브차_크림슨 펀치 아이스(ICED),3,0.0,,0.47
허브차_크림슨 펀치 핫(HOT),3,0.0,,0.5
허브차_크림얼그레이티 아이스(ICED),1,0.0,,
허브차_크림얼그레이티 핫(HOT),1,0.0,,
허브차_페어진저 아이스(ICED),0,0.0,,
허브차_페어진저 핫(HOT),0,0.0,,
허브차_페퍼민트,0,0.0,,
허브차_페퍼민트,1,0.08,,
허브차_페퍼민트,1,0.11,0.0,
허브차_페퍼민트,1,0.0,,
허브차_페퍼민트,0,0.0,,
허브차_페퍼민트 아이스(ICED),0,0.0,,
허브차_페퍼민트 아이스(ICED),0,0.0,,
허브차_페퍼민트 아이스(ICED),0,0.0,,
허브차_페퍼민트 아이스(ICED),0,0.01,0.02,0.01
허브차_페퍼민트 아이스(ICED),0,0.01,0.0,0.08
허브차_페퍼민트 아이스(ICED),1,0.0,,
허브차_페퍼민트 아이스(ICED) (L),0,0.0,,
허브차_페퍼민트 아이스(ICED) (M),0,0.0,,
허브차_페퍼민트 아이스(ICED) (R),3,0.1,,
허브차_페퍼민트 핫(HOT),0,0.0,,
허브차_페퍼민트 핫(HOT),0,0.0,,
허브차_페퍼민트 핫(HOT),0,0.0,0.0,0.0
허브차_페퍼민트 핫(HOT),1,0.0,,
허브차_페퍼민트 핫(HOT),0,0.0,,
허브차_페퍼민트 핫(HOT),0,0.01,0.03,0.02
허브차_페퍼민트 핫(HOT) (L),0,0.0,,
허브차_페퍼민트 핫(HOT) (M),0,0.0,,
허브차_페퍼민트 핫(HOT) (R),2,0.06,,
허브차_페퍼민트 허브티 아이스(ICED),1,0.06,0.0,0.0
허브차_페퍼민트 허브티 핫(HOT),1,0.06,0.0,0.0
허브차_페퍼민트티 아이스(ICED),0,0.03,0.0,0.0
허브차_페퍼민트티 아이스(ICED),1,0.03,,
허브차_페퍼민트티 아이스(ICED),1,0.03,0.0,0.0
허브차_페퍼민트티 아이스(ICED) (L),0,0.04,,
허브차_페퍼민트티 핫(HOT),2,0.06,,
허브차_페퍼민트티 핫(HOT),0,0.04,0.0,0.0
허브차_페퍼민트티 핫(HOT),2,0.06,,
허브차_페퍼민트티 핫(HOT) (L),0,0.04,,
허브차_퓨어 페퍼민트 아이스(ICED),1,0.0,,
허브차_퓨어 페퍼민트 아이스(ICED) (EX),2,0.15,,
허브차_퓨어 페퍼민트 핫(HOT),1,0.0,,
허브차_퓨어 페퍼민트 핫(HOT) (EX),2,0.15,,
허브차_퓨어페퍼민트 아이스(ICED),1,0.0,,
허브차_퓨어페퍼민트 핫(HOT),1,0.0,,
허브차_피치 얼그레이 아이스(ICED) (EX),3,0.15,,
허브차_피치 얼그레이 아이스(ICED) (R),2,0.24,0.0,0.0
허브차_피치 얼그레이 핫(HOT) (EX),3,0.15,,
허브차_피치 얼그레이 핫(HOT) (R),2,0.26,,
허브차_허브티 아이스(ICED),0,0.0,,
허브차_허브티 아이스(ICED),0,0.0,0.0,0.0
허브차_허브티 핫(HOT),0,0.0,0.0,0.0
허브차_허브티 핫(HOT),1,0.0,,
허브차_황금캐모마일티 아이스(ICED),1,0.14,,
허브차_황금캐모마일티 핫(HOT),1,0.0,,
허브차_히비스커스 블렌드티 아이스(ICED) (L),1,0.07,,
허브차_히비스커스 블렌드티 아이스(ICED) (Tall),0,0.0,,
허브차_히비스커스 블렌드티 핫(HOT) (L),1,0.07,,
허브차_히비스커스 블렌드티 핫(HOT) (Tall),0,0.0,,
허브차_히비스커스 아이스(ICED),0,0.01,0.01,0.06
허브차_히비스커스 아이스(ICED) (R),2,0.03,,
허브차_히비스커스 핫(HOT),0,0.01,0.01,0.07
허브차_히비스커스 핫(HOT) (R),3,0.03,,
허브차_히비스커스티 아이스(ICED),1,0.06,,
허브차_히비스커스티 핫(HOT),1,0.06,,
현미밥,172,3.1,0.47,38.9
현미밥,118,2.2,0.36,25.4
현미밥,120,2.3,0.38,25.75
현미밥,120,2.3,0.39,25.87
현미밥,121,2.3,0.38,25.91
현미밥_쌀,120,2.18,0.21,26.21
현미밥_쌀,118,2.12,0.17,25.73
현미밥_쌀,120,2.15,0.2,26.15
현미죽,64,1.2,0.4,15.2
호떡,147,2.7,5.91,20.14
호떡,147,2.7,5.91,20.14
호떡,147,2.7,5.91,20.14
호떡,147,2.7,5.91,20.14
호떡_견과류,314,5.41,7.07,57.12
호떡_꿀호떡,280,6.25,,
호떡_순꿀호떡,318,6.76,,
호떡_아이스크림 호떡,183,4.91,,
호떡_쫀득고구마호떡 (3개입),306,2.72,,
호떡_쫀득흑당호떡,377,8.18,,
호떡_흑당가득품은호떡,324,8.57,,
호밀빵_멀티그레인 호밀브레드,263,8.0,8.0,37.33
호밀빵_무화과 통밀 로프,273,5.91,,
호밀빵_파란라벨 멀티그레인호밀빵,329,11.43,,
호밀빵_행복드림,226,4.85,,
호밀빵_호두호밀브레드,295,9.0,,
호박 된장국,17,1.2,0.4,2.17
호박 된장국,17,1.2,0.4,2.17
호박 된장국,17,1.2,0.4,2.17
호박 된장국,17,1.2,0.4,2.17
호박고지볶음,104,2.4,2.17,20.28
호박나물,38,0.7,2.71,3.16
호박나물,54,1.1,3.4,5.37
호박볶음_호박,27,0.84,1.32,3.53
호박볶음_호박_채소,34,0.86,1.96,3.68
호박오가리나물무침,201,6.14,10.01,21.46
호박잎 된장국,17,1.3,0.37,2.53
호박전,126,3.5,6.98,12.12
호박전,84,2.18,5.27,6.78
호박전,139,4.32,8.73,10.73
호박전,142,3.53,8.53,12.25
호박죽,43,0.8,0.17,9.7
호박죽,71,1.39,0.28,16.08
호박죽,49,1.93,1.71,6.58
호박죽,38,0.7,0.06,8.79
호박죽,58,1.1,0.22,13.33
호박찌개,32,1.87,0.87,4.07
호박찌개_고추장,41,2.08,0.99,5.96
혼합잡곡밥,118,2.3,0.22,25.63
혼합잡곡밥,118,2.4,0.42,25.21
혼합잡곡밥,118,2.3,0.22,25.63
혼합잡곡밥,118,2.6,0.5,24.68
홍어무침,99,8.93,1.32,12.98
홍어찌개,51,7.7,0.97,3.15
홍어찜,41,7.2,0.54,1.49
홍어회무침,83,7.5,2.13,8.81
홍어회무침,61,8.3,0.41,6.64
홍차_머스캣,2,0.36,,
홍차_머스캣 블렌드티 아이스(ICED) (L),0,0.07,,
홍차_머스캣 블렌드티 핫(HOT) (L),0,0.07,,
홍차_베르가못 얼그레이티 핫(HOT) (L),1,0.09,,
홍차_베리가못 얼그레이티 아이스(ICED),1,0.09,,
홍차_블랙티 아이스(ICED),4,0.03,,
홍차_블랙티 아이스(ICED) (J),1,0.0,,
홍차_블랙티 아이스(ICED) (L),0,0.0,,
홍차_블랙티 아이스(ICED) (L),1,0.0,,
홍차_블랙티 핫(HOT),6,0.05,,
홍차_블랙티 핫(HOT) (J),1,0.0,,
홍차_블랙티 핫(HOT) (L),1,0.0,,
홍차_블랙티 핫(HOT) (L),0,0.0,,
홍차_아쌈오렌지,2,0.0,,
홍차_아쌈티 아이스(ICED),0,0.0,,
홍차_아쌈티 아이스(ICED) (L),1,0.07,,
홍차_아쌈티 핫(HOT),0,0.0,,
홍차_아쌈티 핫(HOT) (L),1,0.07,,
홍차_얼 그레이티 아이스(ICED) (Tall),0,0.0,,
홍차_얼 그레이티 핫(HOT) (Tall),0,0.0,,
홍차_얼그레이,1,0.0,,
홍차_얼그레이,1,0.07,0.0,
홍차_얼그레이,1,0.05,,
홍차_얼그레이 리저브 아이스(ICED),2,0.23,,0.47
홍차_얼그레이 리저브 핫(HOT),3,0.25,,0.5
홍차_얼그레이 아이스(ICED),1,0.0,,
홍차_얼그레이 아이스(ICED),0,0.0,,
홍차_얼그레이 아이스(ICED),0,0.0,,
홍차_얼그레이 아이스(ICED),1,0.0,,
홍차_얼그레이 아이스(ICED),0,0.04,0.0,0.01
홍차_얼그레이 아이스(ICED),0,0.01,0.02,0.01
홍차_얼그레이 아이스(ICED) (L),0,0.0,,
홍차_얼그레이 아이스(ICED) (L),2,0.42,,
홍차_얼그레이 아이스(ICED) (M),0,0.0,,
홍차_얼그레이 클래식,2,0.0,,
홍차_얼그레이 핫(HOT),1,0.0,,
홍차_얼그레이 핫(HOT),1,0.0,,
홍차_얼그레이 핫(HOT),0,0.03,0.0,0.0
홍차_얼그레이 핫(HOT),0,0.01,0.02,0.01
홍차_얼그레이 핫(HOT),0,0.0,,
홍차_얼그레이 핫(HOT),0,0.0,,
홍차_얼그레이 핫(HOT),0,0.0,,
홍차_얼그레이 핫(HOT) (L),0,0.0,,
홍차_얼그레이 핫(HOT) (L),0,0.0,,
홍차_얼그레이 핫(HOT) (M),0,0.0,,
홍차_얼그레이티,0,0.0,,
홍차_얼그레이티 아이스(ICED),1,0.05,,
홍차_얼그레이티 아이스(ICED),1,0.05,,
홍차_얼그레이티 아이스(ICED) (J),1,0.0,,
홍차_얼그레이티 아이스(ICED) (L),1,0.0,,
홍차_얼그레이티 아이스(ICED) (L),0,0.09,,
홍차_얼그레이티 핫(HOT),1,0.09,,
홍차_얼그레이티 핫(HOT),1,0.08,,
홍차_얼그레이티 핫(HOT) (J),1,0.0,,
홍차_얼그레이티 핫(HOT) (L),1,0.0,,
홍차_얼그레이티 핫(HOT) (L),0,0.09,,
홍차_영그레이 아이스(ICED) (L),1,0.0,,
홍차_영그레이 핫(HOT) (L),1,0.0,,
홍차_유스베리티 아이스(ICED) (Tall),0,0.0,,
홍차_유스베리티 핫(HOT) (Tall),0,0.0,,
홍차_잉글리쉬 브랙퍼스트 아이스(ICED),0,0.0,,
홍차_잉글리쉬 브랙퍼스트 핫(HOT),0,0.0,,
홍차_잉글리쉬 브렉퍼스트,1,0.0,,
홍차_잉글리쉬 브렉퍼스트티 아이스(ICED) (Tall),0,0.0,,
홍차_잉글리쉬 브렉퍼스트티 핫(HOT) (Tall),0,0.0,,
홍차_잉글리쉬브렉퍼스트,0,0.0,,
홍차_잉글리쉬브렉퍼스트 아이스(ICED) (L),0,0.0,,
홍차_잉글리쉬브렉퍼스트 핫(HOT) (L),0,0.0,,
홍차_저칼로리 복숭아 블랙티 제로슈거 (Tall),4,0.04,,
홍차_크림카라멜 아이스(ICED) (L),1,0.0,,
홍차_퍼스트 브레이크 아이스(ICED) (L),1,0.0,,
홍차_퍼스트 브레이크 핫(HOT) (L),1,0.0,,
홍차_홍차 아이스(ICED),0,0.0,,
홍차_홍차 핫(HOT),1,0.0,,
홍합 무국,19,2.7,0.24,1.36
홍합 무국,19,2.7,0.24,1.36
홍합 무국,23,2.5,0.85,1.3
홍합 미나리죽,79,2.3,0.3,16.37
홍합 미나리죽,49,1.5,0.31,9.88
홍합 미역국,17,1.8,0.77,1.05
홍합 미역국,9,1.1,0.25,0.74
홍합 미역국,17,1.8,0.77,1.05
홍합 미역국,5,0.7,0.16,0.32
홍합 소고기죽,131,6.2,3.2,18.4
홍합 소고기죽,130,6.2,3.33,17.83
홍합 소고기죽,80,3.8,2.03,10.92
홍합국(홍합탕),17,2.8,0.24,0.75
홍합국(홍합탕),17,2.8,0.24,0.75
홍합국(홍합탕),17,2.8,0.24,0.75
홍합국(홍합탕),17,2.8,0.24,0.75
홍합산적,196,22.23,6.0,13.22
홍합탕_홍합만,29,3.68,0.57,2.28
화양적,128,10.4,6.69,6.39
화양적,182,9.05,9.85,14.23
황태구이,219,23.9,7.7,13.45
황태구이_양념,144,20.64,3.78,5.91
황태콩나물찜,82,10.17,1.99,6.92
황태해장국,30,4.08,1.13,0.95
회냉면,80,3.4,0.87,14.38
회덮밥,137,6.04,3.31,20.66
회덮밥_모듬,145,9.1,4.15,17.76
회덮밥_참치,79,3.8,0.58,14.17
회덮밥_참치,108,4.9,1.78,17.65
회무침,82,8.09,1.65,8.6
회무침_가오리,81,11.33,1.16,6.35
회무침_서대,105,7.53,1.53,15.3
효모빵_건포도 천연효모빵 (H),271,7.04,3.17,54.93
효모빵_건포도 토종효모빵,272,6.67,,
효모빵_건포도천연효모빵,240,6.0,,
효모빵_쫄깃담백 토종효모빵,266,9.65,,
효모빵_쫄깃담백 토종효모빵 (H),266,9.66,3.45,48.97
효모빵_쫄깃담백 토종효모빵(1/2),266,9.66,,
효모빵_쫄깃한 천연효모빵,265,9.6,,
효모빵_쫄깃한 천연효모빵 (H),266,9.57,,
효모빵_쫄깃한 천연효모빵 (미니),269,9.44,,
효모빵_착한빵식통밀빵,292,8.57,,
훈제오리,319,17.22,25.63,4.83
훈제오리,259,26.85,15.16,3.86
훠궈_소고기,93,4.81,5.11,6.83
흑미밥,120,2.3,0.37,25.73
흑미밥,120,2.2,0.36,25.73
흑미밥,118,2.1,0.16,25.78
흑미밥,118,2.12,0.18,25.85
흑미밥_찹쌀,121,2.19,0.16,26.51
흑미밥_찹쌀,118,2.14,0.16,25.8
흑임자 죽,106,2.2,3.37,16.36
흑임자죽,61,1.1,4.73,3.64
흰죽,64,1.2,0.28,13.49
흰죽,64,1.2,0.28,13.49
흰죽,64,1.2,0.28,13.49
